input,n,seed_scope,trials,algorithm,median_us,p25_us,p75_us,iqr_us,mad_us,std_median_us,ratio_of_medians,median_paired_ratio,p25_paired_ratio,p75_paired_ratio,size_label
Random,1000,ALL,500,physical,67.567499999999995,61.423999999999999,70.754500000000007,9.3305000000000078,4.7934999999999945,36.808,1.8356743099326231,1.8204850942865447,1.6542031214798869,1.9306856962032217,1k
Random,1000,ALL,500,simulated,43.802499999999995,38.468250000000005,47.563000000000002,9.0947499999999977,4.6784999999999961,36.808,1.1900266246468159,1.1582407661820808,1.0272015000764945,1.2915628554291816,1k
Random,1000,ALL,500,simulated-inplace,50.194000000000003,44.119249999999994,55.139250000000004,11.02000000000001,5.6539999999999999,36.808,1.3636709410997609,1.3418674173024585,1.1901400377845472,1.5131500287086286,1k
Random,1000,ALL,500,frozen-single,54.055500000000002,42.427499999999995,56.65775,14.230250000000005,9.1630000000000003,36.808,1.4685801999565313,1.4100368321130998,1.1281933331923768,1.558138497325857,1k
Random,1000,ALL,500,frozen-deferred,48.481000000000002,46.691249999999997,50.516500000000001,3.825250000000004,1.8994999999999997,36.808,1.3171321451858293,1.3229158170240249,1.2524957070426681,1.401245621561771,1k
Random,1000,ALL,500,frozen-live,54.967500000000001,44.466000000000001,58.068750000000001,13.60275,8.0570000000000022,36.808,1.4933574222995001,1.4541266036342515,1.1886690091022556,1.5910999467254401,1k
Random,1000,ALL,500,avx2,53.522999999999996,52.394500000000001,55.405249999999995,3.0107499999999945,1.4710000000000036,36.808,1.4541132362529883,1.4580809590336603,1.4106734996341659,1.5346102761473355,1k
Random,1000,ALL,500,linked,52.272500000000001,50.501499999999993,54.339500000000001,3.8380000000000081,1.9160000000000004,36.808,1.4201396435557487,1.4219366144494316,1.3531736513159227,1.496471052501434,1k
Random,1000,ALL,500,indexed,53.230499999999999,50.068250000000006,55.34975,5.2814999999999941,2.5980000000000025,36.808,1.4461665942186481,1.4362754269056384,1.3402596622730969,1.531503860996124,1k
Random,1000,ALL,500,noalloc,30.119500000000002,28.207749999999997,31.600249999999999,3.3925000000000018,1.7965000000000018,36.808,0.8182867854814172,0.81117758488265457,0.76311184712726909,0.86610113934160493,1k
Random,1000,ALL,500,noalloc-low-run,31.984000000000002,29.969250000000002,33.305,3.3357499999999973,1.6930000000000014,36.808,0.86894153444903288,0.86162075927572768,0.80627197554113617,0.91933723115016053,1k
Random,1000,ALL,500,physical-direct,67.886499999999998,62.919249999999998,71.258749999999992,8.3394999999999939,4.3459999999999965,36.808,1.8443409041512715,1.830562053362832,1.6906981595474657,1.9662752339899443,1k
Random,1000,ALL,500,simulated-direct,44.118000000000002,39.849499999999999,48.335250000000002,8.485750000000003,4.2354999999999983,36.808,1.1985981308411215,1.180386461715162,1.0641972247563631,1.3227969121000511,1k
Random,1000,ALL,500,simulated-inplace-direct,50.781499999999994,44.359499999999997,55.460500000000003,11.101000000000006,5.6524999999999928,36.808,1.3796321451858291,1.3632147781079234,1.1812828447842691,1.5174438121365057,1k
Random,1000,ALL,500,frozen-single-direct,53.768999999999998,41.564749999999997,55.923749999999998,14.359000000000002,8.5379999999999967,36.808,1.4607965659639208,1.4261178198771427,1.130542253447286,1.5426936495781611,1k
Random,1000,ALL,500,frozen-deferred-direct,47.911000000000001,46.502250000000004,50.765249999999995,4.262999999999991,1.8149999999999977,36.808,1.3016463812214736,1.3097112936147459,1.2498290373273329,1.393804727495676,1k
Random,1000,ALL,500,frozen-live-direct,54.421500000000002,43.664249999999996,57.7395,14.075250000000004,8.1859999999999999,36.808,1.4785236905020649,1.4182565493175427,1.168369666785996,1.5932127508342366,1k
Random,1000,ALL,500,avx2-direct,53.914000000000001,52.724000000000004,55.53575,2.8117499999999964,1.3424999999999976,36.808,1.4647359269723974,1.4774121291166562,1.4193882438348333,1.5337033974140297,1k
Random,1000,ALL,500,linked-direct,52.3825,50.531499999999994,54.415750000000003,3.8842500000000086,1.9604999999999997,36.808,1.4231281243207998,1.4229491094202089,1.354135031027953,1.5013232796182792,1k
Random,1000,ALL,500,indexed-direct,53.248999999999995,51.097999999999999,55.483249999999998,4.3852499999999992,2.2254999999999932,36.808,1.4466692023473158,1.4464604106293819,1.3573051370245315,1.5256520264522204,1k
Random,1000,ALL,500,std::sort,36.808,35.90175,37.694500000000005,1.7927500000000052,0.89799999999999969,36.808,1,1,1,1,1k
Sorted,1000,ALL,500,physical,0.36199999999999999,0.35099999999999998,0.38600000000000001,0.035000000000000031,0.013000000000000012,4.2460000000000004,0.085256712199717366,0.085103848565968254,0.082588450857322637,0.090418306389966313,1k
Sorted,1000,ALL,500,simulated,0.35799999999999998,0.34300000000000003,0.378,0.034999999999999976,0.01699999999999996,4.2460000000000004,0.084314649081488446,0.083509655403127228,0.080753856795105494,0.088831291234684265,1k
Sorted,1000,ALL,500,simulated-inplace,0.35149999999999998,0.33600000000000002,0.36399999999999999,0.027999999999999969,0.013500000000000012,4.2460000000000004,0.082783796514366445,0.082481447296218577,0.078434857355264384,0.085264567649483286,1k
Sorted,1000,ALL,500,frozen-single,0.41999999999999998,0.40500000000000003,0.44800000000000001,0.042999999999999983,0.015999999999999959,4.2460000000000004,0.098916627414036729,0.097849311939701936,0.095479235560776532,0.10519977601713956,1k
Sorted,1000,ALL,500,frozen-deferred,0.40200000000000002,0.39100000000000001,0.41725000000000001,0.026249999999999996,0.012999999999999956,4.2460000000000004,0.09467734338200659,0.094448295966924722,0.091728688754127416,0.097869056040633645,1k
Sorted,1000,ALL,500,frozen-live,0.42799999999999999,0.41399999999999998,0.45700000000000002,0.043000000000000038,0.017000000000000015,4.2460000000000004,0.10080075365049457,0.1003422973753392,0.09738269276114124,0.10678584472359029,1k
Sorted,1000,ALL,500,avx2,0.42999999999999999,0.40500000000000003,0.45000000000000001,0.044999999999999984,0.02300000000000002,4.2460000000000004,0.10127178520960903,0.10083733235409487,0.095265901003740383,0.1054664997733621,1k
Sorted,1000,ALL,500,linked,0.34899999999999998,0.34200000000000003,0.36299999999999999,0.020999999999999963,0.010999999999999954,4.2460000000000004,0.082195007065473377,0.082246977956861797,0.07999788030257915,0.08538528805176232,1k
Sorted,1000,ALL,500,indexed,0.36299999999999999,0.34799999999999998,0.376,0.028000000000000025,0.015000000000000013,4.2460000000000004,0.085492227979274596,0.084578745122533314,0.081888087751952374,0.088175621276367355,1k
Sorted,1000,ALL,500,noalloc,0.35049999999999998,0.33700000000000002,0.36399999999999999,0.026999999999999968,0.013499999999999984,4.2460000000000004,0.082548280734809215,0.082435356848046759,0.078121432149009518,0.085329851838248968,1k
Sorted,1000,ALL,500,noalloc-low-run,0.36799999999999999,0.35575000000000001,0.38600000000000001,0.030249999999999999,0.016000000000000014,4.2460000000000004,0.086669806877060759,0.086757832614318908,0.082356405342991712,0.090687775761675388,1k
Sorted,1000,ALL,500,physical-direct,0.35199999999999998,0.33200000000000002,0.36224999999999996,0.030249999999999944,0.014999999999999986,4.2460000000000004,0.082901554404145067,0.082882038972317357,0.077250177179305463,0.084679585825718537,1k
Sorted,1000,ALL,500,simulated-direct,0.35499999999999998,0.34200000000000003,0.36899999999999999,0.026999999999999968,0.013000000000000012,4.2460000000000004,0.083608101742816757,0.082950848904990646,0.079897357481971368,0.086608230862966651,1k
Sorted,1000,ALL,500,simulated-inplace-direct,0.33800000000000002,0.32200000000000001,0.36024999999999996,0.038249999999999951,0.016000000000000014,4.2460000000000004,0.079604333490343848,0.078922512900743841,0.076077928619237234,0.083451042175983772,1k
Sorted,1000,ALL,500,frozen-single-direct,0.42599999999999999,0.40999999999999998,0.44750000000000001,0.037500000000000033,0.016000000000000014,4.2460000000000004,0.10032972209138011,0.099413144731458611,0.096518793066533839,0.10525077705601976,1k
Sorted,1000,ALL,500,frozen-deferred-direct,0.40400000000000003,0.39100000000000001,0.41399999999999998,0.022999999999999965,0.012000000000000011,4.2460000000000004,0.09514837494112105,0.094516507511168857,0.091851229128014841,0.097315196663332132,1k
Sorted,1000,ALL,500,frozen-live-direct,0.436,0.41099999999999998,0.45900000000000002,0.048000000000000043,0.024000000000000021,4.2460000000000004,0.10268487988695242,0.10174062011259533,0.096787524685308393,0.10727135396137831,1k
Sorted,1000,ALL,500,avx2-direct,0.42699999999999999,0.40100000000000002,0.44600000000000001,0.044999999999999984,0.023999999999999966,4.2460000000000004,0.10056523787093734,0.099751730144697515,0.094289893197688865,0.1044545722508359,1k
Sorted,1000,ALL,500,linked-direct,0.36499999999999999,0.35599999999999998,0.38300000000000001,0.027000000000000024,0.014000000000000012,4.2460000000000004,0.085963259538389056,0.085894081607259781,0.083274935417568474,0.089615433567594494,1k
Sorted,1000,ALL,500,indexed-direct,0.35699999999999998,0.34699999999999998,0.36699999999999999,0.020000000000000018,0.010000000000000009,4.2460000000000004,0.084079133301931216,0.083794281494837156,0.080945655159467944,0.086323722941993669,1k
Sorted,1000,ALL,500,std::sort,4.2460000000000004,4.2199999999999998,4.2839999999999998,0.064000000000000057,0.030999999999999694,4.2460000000000004,1,1,1,1,1k
Reverse,1000,ALL,500,physical,0.40200000000000002,0.38275000000000003,0.40999999999999998,0.027249999999999941,0.014999999999999986,2.9009999999999998,0.13857290589451915,0.13748065559516975,0.13093012527920755,0.14161740694569525,1k
Reverse,1000,ALL,500,simulated,0.39200000000000002,0.375,0.41299999999999998,0.037999999999999978,0.018000000000000016,2.9009999999999998,0.13512581868321269,0.13444918203138406,0.1289398606916855,0.1416184392523645,1k
Reverse,1000,ALL,500,simulated-inplace,0.39550000000000002,0.379,0.40799999999999997,0.02899999999999997,0.014500000000000013,2.9009999999999998,0.13633229920716997,0.13532269257460097,0.13065410009153805,0.14000810372771477,1k
Reverse,1000,ALL,500,frozen-single,0.45500000000000002,0.434,0.47799999999999998,0.043999999999999984,0.02200000000000002,2.9009999999999998,0.1568424681144433,0.15648511008730304,0.14867123724535125,0.163353363437194,1k
Reverse,1000,ALL,500,frozen-deferred,0.47399999999999998,0.46300000000000002,0.48999999999999999,0.026999999999999968,0.012999999999999956,2.9009999999999998,0.16339193381592554,0.16235000704597968,0.15776345552375459,0.16799447519203878,1k
Reverse,1000,ALL,500,frozen-live,0.45550000000000002,0.43099999999999999,0.48699999999999999,0.055999999999999994,0.027500000000000024,2.9009999999999998,0.15701482247500864,0.15622299518004565,0.14904224954968914,0.16698913283027533,1k
Reverse,1000,ALL,500,avx2,0.46500000000000002,0.45900000000000002,0.48399999999999999,0.024999999999999967,0.0080000000000000071,2.9009999999999998,0.16028955532574976,0.160671005328267,0.15715127876389068,0.16587585662316184,1k
Reverse,1000,ALL,500,linked,0.40300000000000002,0.376,0.41899999999999998,0.042999999999999983,0.020999999999999991,2.9009999999999998,0.1389176146156498,0.13726507200390531,0.12919170668764118,0.14391431188303538,1k
Reverse,1000,ALL,500,indexed,0.40799999999999997,0.39475000000000005,0.41925000000000001,0.024499999999999966,0.012000000000000011,2.9009999999999998,0.14064115822130299,0.13981093933314687,0.13432190036318925,0.14429114445059429,1k
Reverse,1000,ALL,500,noalloc,0.40000000000000002,0.39700000000000002,0.41599999999999998,0.018999999999999961,0.0050000000000000044,2.9009999999999998,0.13788348845225787,0.13827375080023896,0.1344616512012359,0.14175720152183102,1k
Reverse,1000,ALL,500,noalloc-low-run,0.41649999999999998,0.40200000000000002,0.43725000000000003,0.035250000000000004,0.016500000000000015,2.9009999999999998,0.14357118235091348,0.14312363330992234,0.13841095267609341,0.15035838914905172,1k
Reverse,1000,ALL,500,physical-direct,0.40999999999999998,0.40600000000000003,0.42699999999999999,0.020999999999999963,0.0069999999999999785,2.9009999999999998,0.1413305756635643,0.14196023718172304,0.13776735789951156,0.14693037298153294,1k
Reverse,1000,ALL,500,simulated-direct,0.38300000000000001,0.372,0.39900000000000002,0.027000000000000024,0.012000000000000011,2.9009999999999998,0.13202344019303688,0.13110448086788778,0.12767204248013894,0.13584938948882172,1k
Reverse,1000,ALL,500,simulated-inplace-direct,0.39200000000000002,0.38800000000000001,0.40100000000000002,0.013000000000000012,0.0050000000000000044,2.9009999999999998,0.13512581868321269,0.13538786705880196,0.13269218132449095,0.13847881549837701,1k
Reverse,1000,ALL,500,frozen-single-direct,0.47499999999999998,0.45375000000000004,0.50049999999999994,0.046749999999999903,0.02300000000000002,2.9009999999999998,0.16373664253705619,0.1631679876250853,0.15560785300841129,0.17124815622115908,1k
Reverse,1000,ALL,500,frozen-deferred-direct,0.46700000000000003,0.46100000000000002,0.47499999999999998,0.013999999999999957,0.0070000000000000062,2.9009999999999998,0.16097897276801104,0.16086583302608942,0.15635383123380103,0.16447200915312216,1k
Reverse,1000,ALL,500,frozen-live-direct,0.45900000000000002,0.44400000000000001,0.47799999999999998,0.033999999999999975,0.017000000000000015,2.9009999999999998,0.15822130299896589,0.15787573941390573,0.15140356025039123,0.16435405658159852,1k
Reverse,1000,ALL,500,avx2-direct,0.47799999999999998,0.47199999999999998,0.48799999999999999,0.016000000000000014,0.0070000000000000062,2.9009999999999998,0.16477076870044813,0.16493775933609958,0.16045247015969691,0.1682962003525702,1k
Reverse,1000,ALL,500,linked-direct,0.40799999999999997,0.38100000000000001,0.41799999999999998,0.036999999999999977,0.016000000000000014,2.9009999999999998,0.14064115822130299,0.13902355093750524,0.13098264734505347,0.14443772323517787,1k
Reverse,1000,ALL,500,indexed-direct,0.41099999999999998,0.40300000000000002,0.42599999999999999,0.022999999999999965,0.010000000000000009,2.9009999999999998,0.14167528438469493,0.14190837251126467,0.13718090538961597,0.14610364079578517,1k
Reverse,1000,ALL,500,std::sort,2.9009999999999998,2.871,2.9769999999999999,0.10599999999999987,0.036999999999999922,2.9009999999999998,1,1,1,1,1k
Sorted+Noise(5%),1000,ALL,500,physical,18.265000000000001,16.85575,19.93525,3.0794999999999995,1.5100000000000016,15.615,1.1697086135126482,1.1586897390504804,1.0337124641002817,1.2945784067893391,1k
Sorted+Noise(5%),1000,ALL,500,simulated,10.550000000000001,7.9099999999999993,12.781000000000001,4.8710000000000013,2.4925000000000006,15.615,0.67563240473903297,0.65474632838847735,0.48366773060252505,0.82795692311253521,1k
Sorted+Noise(5%),1000,ALL,500,simulated-inplace,12.8935,11.8315,14.449999999999999,2.6184999999999992,1.2394999999999996,15.615,0.82571245597182197,0.82663522018761548,0.72817141625222592,0.93707113005724163,1k
Sorted+Noise(5%),1000,ALL,500,frozen-single,14.342500000000001,10.592749999999999,16.377499999999998,5.7847499999999989,3.0624999999999991,15.615,0.9185078450208134,0.85688575274690781,0.64935149453050567,1.0680421848024855,1k
Sorted+Noise(5%),1000,ALL,500,frozen-deferred,13.02,11.92,14.29425,2.37425,1.1684999999999999,15.615,0.83381364073006725,0.82988221337113632,0.74296993223121666,0.94975832206131772,1k
Sorted+Noise(5%),1000,ALL,500,frozen-live,16.1995,13.59375,18.135750000000002,4.5420000000000016,2.3719999999999999,15.615,1.0374319564521293,1.0092718437328636,0.85351801640107405,1.1580800211687836,1k
Sorted+Noise(5%),1000,ALL,500,avx2,14.4,13.475999999999999,15.623250000000001,2.1472500000000014,1.0469999999999997,15.615,0.9221902017291066,0.91964284589396961,0.82773422711122202,1.0218119973852706,1k
Sorted+Noise(5%),1000,ALL,500,linked,12.466000000000001,11.513,13.65475,2.14175,1.0889999999999986,15.615,0.79833493435798919,0.78943712727120463,0.71860834654939731,0.8790267412781787,1k
Sorted+Noise(5%),1000,ALL,500,indexed,14.4855,12.99675,15.94525,2.9484999999999992,1.4770000000000003,15.615,0.92766570605187315,0.9185416525364567,0.81119505202156483,1.0188046271719988,1k
Sorted+Noise(5%),1000,ALL,500,noalloc,24.679500000000001,23.158999999999999,27.016500000000001,3.8575000000000017,1.822000000000001,15.615,1.5804995196926033,1.5825177576811196,1.3971341700325435,1.8222763366415671,1k
Sorted+Noise(5%),1000,ALL,500,noalloc-low-run,28.833500000000001,25.132999999999999,32.6815,7.5485000000000007,3.7609999999999992,15.615,1.846525776496958,1.8085021999855275,1.5315345427611902,2.1538237584312183,1k
Sorted+Noise(5%),1000,ALL,500,physical-direct,18.178000000000001,16.754750000000001,19.607250000000001,2.8524999999999991,1.4254999999999995,15.615,1.1641370477105348,1.1590184284198202,1.0354895583776391,1.2864450533478726,1k
Sorted+Noise(5%),1000,ALL,500,simulated-direct,10.721499999999999,8.0934999999999988,12.890000000000001,4.7965000000000018,2.4630000000000001,15.615,0.68661543387768165,0.65601027837097914,0.50796964933489219,0.83279430917412589,1k
Sorted+Noise(5%),1000,ALL,500,simulated-inplace-direct,13.1435,11.930250000000001,14.59675,2.6664999999999992,1.3389999999999995,15.615,0.84172270252961889,0.84471894926476354,0.74739256003241739,0.95877678082017459,1k
Sorted+Noise(5%),1000,ALL,500,frozen-single-direct,14.708500000000001,10.832749999999999,16.635750000000002,5.8030000000000026,2.9349999999999996,15.615,0.94194684598142819,0.8643675806207689,0.69148744194302281,1.0656689718936587,1k
Sorted+Noise(5%),1000,ALL,500,frozen-deferred-direct,13.289000000000001,12.110749999999999,14.376249999999999,2.2654999999999994,1.1369999999999996,15.615,0.85104066602625694,0.84646560876395083,0.74222158435981544,0.95213616291988035,1k
Sorted+Noise(5%),1000,ALL,500,frozen-live-direct,15.931000000000001,13.750500000000001,18.123999999999999,4.3734999999999982,2.1919999999999993,15.615,1.0202369516490555,1.0010218849033499,0.85252178631145936,1.1743368551670015,1k
Sorted+Noise(5%),1000,ALL,500,avx2-direct,14.123000000000001,13.3035,15.217000000000001,1.9135000000000009,0.94400000000000084,15.615,0.90445084854306768,0.90332827117893799,0.81190724423974725,1.0023453823853983,1k
Sorted+Noise(5%),1000,ALL,500,linked-direct,12.641999999999999,11.63275,13.880000000000001,2.2472500000000011,1.1030000000000006,15.615,0.80960614793467811,0.80183215286221232,0.70489999799293512,0.90557991906566604,1k
Sorted+Noise(5%),1000,ALL,500,indexed-direct,14.6995,13.089499999999999,16.342750000000002,3.2532500000000031,1.6355000000000004,15.615,0.94137047710534749,0.91699473396325915,0.79483721160021736,1.0675735026347244,1k
Sorted+Noise(5%),1000,ALL,500,std::sort,15.615,14.514000000000001,17.147749999999998,2.6337499999999974,1.3020000000000005,15.615,1,1,1,1,1k
Sorted+Noise(10%),1000,ALL,500,physical,26.307499999999997,24.820750000000004,28.699249999999999,3.8784999999999954,1.7514999999999983,18.755500000000001,1.4026552211351335,1.4018564124032329,1.2886062257781554,1.5495254837796431,1k
Sorted+Noise(10%),1000,ALL,500,simulated,16.099,11.819000000000001,18.875999999999998,7.0569999999999968,3.7474999999999996,18.755500000000001,0.85836154727946468,0.81232577565199593,0.61971260804363781,1.0189797349780401,1k
Sorted+Noise(10%),1000,ALL,500,simulated-inplace,17.478999999999999,15.038,20.18825,5.1502499999999998,2.5330000000000004,18.755500000000001,0.93193996427714521,0.92143731678894358,0.79287153367661856,1.085601620271343,1k
Sorted+Noise(10%),1000,ALL,500,frozen-single,20.273,13.72475,22.911249999999999,9.1864999999999988,5.218,18.755500000000001,1.0809095998507103,1.0280126596039119,0.73630241427660692,1.2450406879568314,1k
Sorted+Noise(10%),1000,ALL,500,frozen-deferred,17.752499999999998,15.939249999999999,19.832000000000001,3.8927500000000013,1.9515000000000029,18.755500000000001,0.94652235344298985,0.95274632759917866,0.83658413748521354,1.0761804019311674,1k
Sorted+Noise(10%),1000,ALL,500,frozen-live,22.299999999999997,18.326000000000001,25.017000000000003,6.6910000000000025,3.4964999999999993,18.755500000000001,1.1889845645277384,1.1510235698142108,0.96598426973498619,1.3585407500970681,1k
Sorted+Noise(10%),1000,ALL,500,avx2,20.680999999999997,19.608000000000001,22.200000000000003,2.5920000000000023,1.2010000000000005,18.755500000000001,1.102663218789155,1.1130430850051864,1.0276322930029158,1.2264961913435339,1k
Sorted+Noise(10%),1000,ALL,500,linked,17.913499999999999,16.542999999999999,19.344000000000001,2.8010000000000019,1.4255000000000013,18.755500000000001,0.9551065020927193,0.95547586344224178,0.86424966541700377,1.0513259366003271,1k
Sorted+Noise(10%),1000,ALL,500,indexed,21.418500000000002,19.097250000000003,23.505499999999998,4.4082499999999953,2.2135000000000016,18.755500000000001,1.141985017728133,1.1232993485525711,1.0016536904848681,1.2773002651299221,1k
Sorted+Noise(10%),1000,ALL,500,noalloc,24.987499999999997,23.277999999999999,26.323999999999998,3.0459999999999994,1.5534999999999997,18.755500000000001,1.3322758657460476,1.3371187169338825,1.2003468234363808,1.4866263337363423,1k
Sorted+Noise(10%),1000,ALL,500,noalloc-low-run,26.5825,25.018749999999997,28.135750000000002,3.1170000000000044,1.5640000000000001,18.755500000000001,1.4173175868411931,1.4202780061000682,1.3050625387048795,1.5656209418147735,1k
Sorted+Noise(10%),1000,ALL,500,physical-direct,26.1845,24.62575,28.957999999999998,4.3322499999999984,1.9734999999999996,18.755500000000001,1.3960971448375141,1.4021617619898343,1.2892905181532266,1.5864198717650362,1k
Sorted+Noise(10%),1000,ALL,500,simulated-direct,15.690999999999999,11.798500000000001,18.808999999999997,7.0104999999999968,3.6274999999999995,18.755500000000001,0.83660792834101982,0.82299199018340541,0.61402389876540608,1.0097879069223348,1k
Sorted+Noise(10%),1000,ALL,500,simulated-inplace-direct,17.619500000000002,15.232749999999999,20.549250000000001,5.3165000000000013,2.5979999999999999,18.755500000000001,0.93943110021060494,0.93810518787510933,0.7937365410599494,1.1052056159859527,1k
Sorted+Noise(10%),1000,ALL,500,frozen-single-direct,20.354999999999997,14.020250000000001,23.11975,9.099499999999999,4.9739999999999966,18.755500000000001,1.0852816507157899,1.0266100817617052,0.73575730352221003,1.246302892570381,1k
Sorted+Noise(10%),1000,ALL,500,frozen-deferred-direct,18.285499999999999,16.411249999999999,20.21425,3.8030000000000008,1.9030000000000022,18.755500000000001,0.9749406840660072,0.97215400207965763,0.84994221405231185,1.1074350939716153,1k
Sorted+Noise(10%),1000,ALL,500,frozen-live-direct,22.375500000000002,18.669249999999998,24.942,6.272750000000002,3.1405000000000012,18.755500000000001,1.1930100503852203,1.1680615272363277,0.97958694593473494,1.3494850530705824,1k
Sorted+Noise(10%),1000,ALL,500,avx2-direct,20.325499999999998,19.189249999999998,21.61975,2.4305000000000021,1.1915000000000013,18.755500000000001,1.0837087787582307,1.0927167147006198,1.004582943353455,1.1926445903698482,1k
Sorted+Noise(10%),1000,ALL,500,linked-direct,18.151499999999999,16.677749999999996,19.598749999999999,2.9210000000000029,1.4540000000000006,18.755500000000001,0.96779611314014546,0.96591705019155127,0.87117457695899181,1.0632519937047755,1k
Sorted+Noise(10%),1000,ALL,500,indexed-direct,21.335000000000001,19.509500000000003,23.639250000000001,4.1297499999999978,1.990000000000002,18.755500000000001,1.1375329903228386,1.1221864088118003,0.99925526823097199,1.2773133581567804,1k
Sorted+Noise(10%),1000,ALL,500,std::sort,18.755500000000001,17.517250000000001,19.985500000000002,2.4682500000000012,1.240499999999999,18.755500000000001,1,1,1,1,1k
Random%25,1000,ALL,500,physical,43.5715,37.838000000000001,47.313250000000004,9.4752500000000026,5.3880000000000017,24.622,1.7696166030379337,1.7635172816968461,1.5295400332289937,2.0394828601568991,1k
Random%25,1000,ALL,500,simulated,26.983499999999999,20.913499999999999,29.043499999999998,8.129999999999999,4.6715,24.622,1.0959101616440581,1.0750683305117064,0.83931861927824236,1.2052160325899755,1k
Random%25,1000,ALL,500,simulated-inplace,31.932000000000002,26.856000000000002,34.515000000000001,7.6589999999999989,4.1490000000000009,24.622,1.2968889610917067,1.2803271283399673,1.0927956761147377,1.4554632461679393,1k
Random%25,1000,ALL,500,frozen-single,35.540500000000002,22.85425,38.008000000000003,15.153750000000002,9.8345000000000002,24.622,1.4434448866867031,1.4019444267378964,0.92668424480654532,1.5709301443246009,1k
Random%25,1000,ALL,500,frozen-deferred,28.4055,27.288499999999999,30.03575,2.7472500000000011,1.2970000000000006,24.622,1.1536633904638129,1.1613968736340401,1.1002454752240614,1.274688050403048,1k
Random%25,1000,ALL,500,frozen-live,36.978999999999999,25.52225,39.128249999999994,13.605999999999995,8.302999999999999,24.622,1.5018682479083747,1.4619790723095889,1.0470424688545763,1.6446347210508441,1k
Random%25,1000,ALL,500,avx2,34.3095,33.530499999999996,35.624499999999998,2.0940000000000012,1.0199999999999996,24.622,1.3934489480951995,1.4174849604755773,1.3424362657707223,1.54444377648098,1k
Random%25,1000,ALL,500,linked,32.790999999999997,31.208500000000001,34.460500000000003,3.2520000000000024,1.6175000000000015,24.622,1.3317764600763544,1.3387047254506701,1.252526370919214,1.4608477626813539,1k
Random%25,1000,ALL,500,indexed,32.945999999999998,30.396499999999996,34.994500000000002,4.5980000000000061,2.2524999999999995,24.622,1.3380716432458777,1.339998341655394,1.2346031469852159,1.4790401626098519,1k
Random%25,1000,ALL,500,noalloc,22.366999999999997,21.583500000000001,23.327999999999999,1.7444999999999986,0.86150000000000126,24.622,0.90841523840467864,0.91957913854497464,0.86759086748489467,0.98691780458459211,1k
Random%25,1000,ALL,500,noalloc-low-run,24.52,23.608499999999999,25.422499999999999,1.8140000000000001,0.90749999999999886,24.622,0.99585736333360408,1.0039779014433909,0.95229355540368088,1.0822487611692713,1k
Random%25,1000,ALL,500,physical-direct,43.929000000000002,37.796499999999995,47.861000000000004,10.06450000000001,5.6950000000000003,24.622,1.7841361384128016,1.7895997911955752,1.5495607863025544,2.0270073768821959,1k
Random%25,1000,ALL,500,simulated-direct,26.966999999999999,21.00375,29.19725,8.1935000000000002,4.7349999999999994,24.622,1.0952400292421411,1.086659549463842,0.85359158383258626,1.211329936200801,1k
Random%25,1000,ALL,500,simulated-inplace-direct,32.308999999999997,27.319500000000001,35.155250000000002,7.8357500000000009,4.1904999999999966,24.622,1.3122004711233854,1.3172179033602043,1.1096178146244078,1.4819328777201699,1k
Random%25,1000,ALL,500,frozen-single-direct,35.734499999999997,23.028249999999996,38.962000000000003,15.933750000000007,10.635499999999997,24.622,1.451324019169848,1.4217240373137674,0.94553332864744233,1.5956224758828257,1k
Random%25,1000,ALL,500,frozen-deferred-direct,29.010999999999999,27.78875,30.669499999999999,2.880749999999999,1.379999999999999,24.622,1.178255218909918,1.1881983951498154,1.1220675146335513,1.3101408607135427,1k
Random%25,1000,ALL,500,frozen-live-direct,36.828000000000003,25.936500000000002,39.183499999999995,13.246999999999993,7.4429999999999978,24.622,1.4957355210787102,1.4453839625643001,1.0502239368257735,1.6351626399607209,1k
Random%25,1000,ALL,500,avx2-direct,34.527500000000003,33.608750000000001,35.814,2.2052499999999995,1.036999999999999,24.622,1.4023028186174966,1.4131681142391974,1.3383601287471243,1.5400843464784284,1k
Random%25,1000,ALL,500,linked-direct,33.085999999999999,31.63025,34.564250000000001,2.9340000000000011,1.4765000000000015,24.622,1.3437576151409307,1.3570796645292482,1.2609060933422926,1.4705275360312591,1k
Random%25,1000,ALL,500,indexed-direct,32.956000000000003,30.592749999999999,35.266500000000001,4.6737500000000018,2.3294999999999959,24.622,1.3384777840955244,1.3496048742120976,1.2156895603220019,1.475802831989818,1k
Random%25,1000,ALL,500,std::sort,24.622,23.532499999999999,25.280250000000002,1.7477500000000035,0.88899999999999935,24.622,1,1,1,1,1k
Alternating,1000,ALL,500,physical,6.2735000000000003,6.0579999999999998,6.5895000000000001,0.53150000000000031,0.26499999999999968,6.4659999999999993,0.97022888957624509,0.97134464017168232,0.83282416396979497,1.1091919834219903,1k
Alternating,1000,ALL,500,simulated,3.4444999999999997,3.3450000000000002,3.5922499999999999,0.24724999999999975,0.11649999999999983,6.4659999999999993,0.53270955768635941,0.53912372648902829,0.44615659635541804,0.62220051049347702,1k
Alternating,1000,ALL,500,simulated-inplace,6.4260000000000002,6.0800000000000001,6.7755000000000001,0.69550000000000001,0.34649999999999981,6.4659999999999993,0.9938137952366225,1.0070807912895594,0.81981506933475901,1.1498534816899848,1k
Alternating,1000,ALL,500,frozen-single,6.0284999999999993,5.8224999999999998,6.28125,0.45875000000000021,0.22350000000000048,6.4659999999999993,0.9323383854005568,0.93408161632073694,0.77425466072303872,1.1020741309775302,1k
Alternating,1000,ALL,500,frozen-deferred,6.0175000000000001,5.8727499999999999,6.2714999999999996,0.39874999999999972,0.18450000000000033,6.4659999999999993,0.93063717909062804,0.94026102510019327,0.77556894892441475,1.1023821231209403,1k
Alternating,1000,ALL,500,frozen-live,6.6849999999999996,6.4392500000000004,7.1139999999999999,0.67474999999999952,0.30550000000000033,6.4659999999999993,1.0338694710794927,1.0534274522234095,0.85531260000294562,1.2259826187029574,1k
Alternating,1000,ALL,500,avx2,3.9020000000000001,3.7407500000000002,4.1475,0.40674999999999972,0.19050000000000011,6.4659999999999993,0.60346427466749153,0.61332354378777199,0.5178110740310804,0.69332393170123374,1k
Alternating,1000,ALL,500,linked,4.7705000000000002,4.6749999999999998,4.8849999999999998,0.20999999999999996,0.10450000000000026,6.4659999999999993,0.73778224559232919,0.750858206786432,0.61876656529547081,0.86920998795757076,1k
Alternating,1000,ALL,500,indexed,5.5139999999999993,5.4157500000000001,5.6752500000000001,0.25950000000000006,0.11449999999999916,6.4659999999999993,0.85276832663161151,0.86771424738221548,0.70647211399498533,0.99021688324151036,1k
Alternating,1000,ALL,500,noalloc,11.927,11.458749999999998,12.73325,1.2745000000000015,0.52750000000000075,6.4659999999999993,1.8445716053201362,1.8872992838555889,1.5742556144462325,2.1673896289010508,1k
Alternating,1000,ALL,500,noalloc-low-run,12.312999999999999,11.890750000000001,12.99475,1.1039999999999992,0.49549999999999983,6.4659999999999993,1.9042684812867305,1.9682693222631205,1.6026534625206024,2.26039808031849,1k
Alternating,1000,ALL,500,physical-direct,6.327,6.0902500000000002,6.681,0.59074999999999989,0.28750000000000009,6.4659999999999993,0.97850293844726266,1.0012623438226718,0.85548578102784301,1.1399091738724592,1k
Alternating,1000,ALL,500,simulated-direct,3.4889999999999999,3.3685,3.6909999999999998,0.32249999999999979,0.14500000000000002,6.4659999999999993,0.53959171048561716,0.55030710425434115,0.46602059565725062,0.63583839731923719,1k
Alternating,1000,ALL,500,simulated-inplace-direct,6.4500000000000002,6.1360000000000001,6.8817499999999994,0.74574999999999925,0.34750000000000014,6.4659999999999993,0.99752551809464907,1.0050840435216015,0.82451851897996131,1.1727101038089649,1k
Alternating,1000,ALL,500,frozen-single-direct,6.0545,5.8337500000000002,6.3849999999999998,0.55124999999999957,0.27050000000000018,6.4659999999999993,0.9363594184967523,0.94520847105270311,0.77646432074801908,1.0960428479894131,1k
Alternating,1000,ALL,500,frozen-deferred-direct,6.0259999999999998,5.8580000000000005,6.2549999999999999,0.39699999999999935,0.19300000000000006,6.4659999999999993,0.93195174760284571,0.9314241936572325,0.77194250612591575,1.0904424973639024,1k
Alternating,1000,ALL,500,frozen-live-direct,6.7360000000000007,6.4470000000000001,7.0865,0.63949999999999996,0.30049999999999999,6.4659999999999993,1.0417568821527994,1.0418456540997629,0.86225409548832466,1.2165739815707,1k
Alternating,1000,ALL,500,avx2-direct,3.8325,3.694,4.0367499999999996,0.34274999999999967,0.15450000000000008,6.4659999999999993,0.59271574389112291,0.60041697743007938,0.51329680676855105,0.681172450387307,1k
Alternating,1000,ALL,500,linked-direct,4.6754999999999995,4.5780000000000003,4.8237500000000004,0.24575000000000014,0.11299999999999999,6.4659999999999993,0.72309000927930711,0.73419659855502561,0.61328778249744453,0.8430037698814512,1k
Alternating,1000,ALL,500,indexed-direct,5.5425000000000004,5.44475,5.6912500000000001,0.24650000000000016,0.11899999999999977,6.4659999999999993,0.85717599752551821,0.86915869673457524,0.71910013253994565,1.0010099149636331,1k
Alternating,1000,ALL,500,std::sort,6.4659999999999993,5.5857500000000009,7.9957499999999992,2.4099999999999984,1.0854999999999992,6.4659999999999993,1,1,1,1,1k
Sawtooth,1000,ALL,500,physical,15.5535,14.923249999999999,16.44575,1.5225000000000009,0.74950000000000028,15.268000000000001,1.0186992402410269,1.0444467365401562,0.90750083372177537,1.213677841604671,1k
Sawtooth,1000,ALL,500,simulated,8.2769999999999992,7.9775,8.8624999999999989,0.8849999999999989,0.35249999999999915,15.268000000000001,0.54211422583180502,0.55895479133298354,0.4801366567677538,0.6498903120564804,1k
Sawtooth,1000,ALL,500,simulated-inplace,12.800000000000001,12.321749999999998,13.292999999999999,0.97125000000000128,0.48050000000000015,15.268000000000001,0.83835472884464235,0.85728346600442962,0.73373507071477961,0.99693300694682907,1k
Sawtooth,1000,ALL,500,frozen-single,14.212,13.215499999999999,15.79025,2.5747500000000016,1.1210000000000004,15.268000000000001,0.9308357348703169,0.94429795602752153,0.82383331423909334,1.112048980580973,1k
Sawtooth,1000,ALL,500,frozen-deferred,16.726500000000001,15.7515,17.639250000000001,1.8877500000000005,0.95449999999999946,15.268000000000001,1.0955265915640555,1.1112867680051797,0.95813415025542892,1.2893647592865924,1k
Sawtooth,1000,ALL,500,frozen-live,12.305,11.6555,13.561250000000001,1.9057500000000012,0.82299999999999951,15.268000000000001,0.80593397956510338,0.83133239227723221,0.72639246419994352,0.97638800289855654,1k
Sawtooth,1000,ALL,500,avx2,10.609500000000001,10.0365,11.339,1.3025000000000002,0.62800000000000011,15.268000000000001,0.69488472622478392,0.70789544840998664,0.60893904812606525,0.82263880554121127,1k
Sawtooth,1000,ALL,500,linked,9.5704999999999991,9.1782500000000002,10.133750000000001,0.95550000000000068,0.47299999999999986,15.268000000000001,0.62683390096934755,0.64197609487583973,0.55747161588091598,0.74152579757258574,1k
Sawtooth,1000,ALL,500,indexed,11.091999999999999,10.649000000000001,11.879000000000001,1.2300000000000004,0.54750000000000032,15.268000000000001,0.72648676971443527,0.75366187415350983,0.65010419657626095,0.87318871221112115,1k
Sawtooth,1000,ALL,500,noalloc,19.985500000000002,19.494499999999999,20.698250000000002,1.203750000000003,0.55550000000000033,15.268000000000001,1.3089795651034846,1.3488655030138244,1.1505828787616608,1.5908007748307367,1k
Sawtooth,1000,ALL,500,noalloc-low-run,11.380500000000001,10.844999999999999,12.139250000000001,1.2942500000000017,0.60600000000000165,15.268000000000001,0.74538249934503542,0.75634231625167847,0.65154668290573392,0.88581827810241875,1k
Sawtooth,1000,ALL,500,physical-direct,15.394,14.861000000000001,16.12425,1.2632499999999993,0.62000000000000099,15.268000000000001,1.0082525543620644,1.0329993751149846,0.89204524486967152,1.1995624827032818,1k
Sawtooth,1000,ALL,500,simulated-direct,8.3734999999999999,8.0087499999999991,8.9292499999999997,0.92050000000000054,0.41799999999999971,15.268000000000001,0.5484346345297354,0.56657775205607686,0.48681660204807986,0.65754733086404871,1k
Sawtooth,1000,ALL,500,simulated-inplace-direct,12.9375,12.358750000000001,13.613,1.254249999999999,0.62000000000000011,15.268000000000001,0.84736049253340318,0.87223665548499318,0.74199464829582384,1.0187479799812877,1k
Sawtooth,1000,ALL,500,frozen-single-direct,14.363,13.468250000000001,15.787750000000001,2.3194999999999997,1.0249999999999995,15.268000000000001,0.94072570081215612,0.96202071916887055,0.84524669628066718,1.1403538614643227,1k
Sawtooth,1000,ALL,500,frozen-deferred-direct,16.732500000000002,15.908750000000001,17.82075,1.911999999999999,0.90400000000000169,15.268000000000001,1.0959195703432014,1.1186605200371806,0.95651753637865089,1.2978241799531767,1k
Sawtooth,1000,ALL,500,frozen-live-direct,12.407499999999999,11.8155,13.5365,1.7210000000000001,0.74249999999999972,15.268000000000001,0.81264736704217966,0.85175069393635394,0.72400991587917984,0.98960509424806331,1k
Sawtooth,1000,ALL,500,avx2-direct,10.327,9.8462499999999995,11.07025,1.2240000000000002,0.58499999999999996,15.268000000000001,0.67638197537332978,0.69238609842792975,0.60203140406627664,0.7904890915076983,1k
Sawtooth,1000,ALL,500,linked-direct,9.9670000000000005,9.5485000000000007,10.640499999999999,1.0919999999999987,0.51649999999999974,15.268000000000001,0.65280324862457428,0.66907793348600864,0.58494452969770683,0.76041602538621689,1k
Sawtooth,1000,ALL,500,indexed-direct,11.371500000000001,10.831250000000001,12.167,1.3357499999999991,0.60650000000000048,15.268000000000001,0.74479303117631657,0.76459582143949179,0.66603216365242002,0.88220640731790567,1k
Sawtooth,1000,ALL,500,std::sort,15.268000000000001,13.2525,17.731249999999999,4.4787499999999998,2.160000000000001,15.268000000000001,1,1,1,1,1k
MixedDirectionRuns,1000,ALL,500,physical,10.039,8.6812500000000004,11.600999999999999,2.9197499999999987,1.4435000000000002,15.295,0.65635828702190258,0.64605819908102058,0.49510123976690967,0.77708583136166398,1k
MixedDirectionRuns,1000,ALL,500,simulated,4.6835000000000004,4.0422500000000001,5.4995000000000003,1.4572500000000002,0.72400000000000042,15.295,0.30621118012422366,0.30419438155827089,0.24366815219677068,0.37611166344037839,1k
MixedDirectionRuns,1000,ALL,500,simulated-inplace,9.035499999999999,8.2729999999999997,10.035,1.7620000000000005,0.8445000000000018,15.295,0.5907486106570774,0.58297405732657537,0.48770827753150481,0.70462046405633505,1k
MixedDirectionRuns,1000,ALL,500,frozen-single,9.036999999999999,7.6109999999999998,10.775500000000001,3.1645000000000012,1.5584999999999991,15.295,0.59084668192219669,0.58302981737548376,0.46335861817234048,0.73721117875258102,1k
MixedDirectionRuns,1000,ALL,500,frozen-deferred,8.5075000000000003,7.7394999999999996,10.911,3.1715,1.1315,15.295,0.5562275253350768,0.57157776482312173,0.47104858822843965,0.71571612666364559,1k
MixedDirectionRuns,1000,ALL,500,frozen-live,9.0135000000000005,7.7407500000000002,10.420500000000001,2.6797500000000003,1.3275000000000006,15.295,0.58931023210199418,0.58142427256914708,0.45790434288602982,0.69376633704821644,1k
MixedDirectionRuns,1000,ALL,500,avx2,7.4660000000000002,6.7844999999999995,8.3287499999999994,1.5442499999999999,0.7645000000000004,15.295,0.4881333769205623,0.48753685082372433,0.40875513448085138,0.57231388947885042,1k
MixedDirectionRuns,1000,ALL,500,linked,6.3405000000000005,5.7164999999999999,7.1485000000000003,1.4320000000000004,0.69450000000000056,15.295,0.41454723765936585,0.41475896420685304,0.3414927067140846,0.48760651699149271,1k
MixedDirectionRuns,1000,ALL,500,indexed,7.0175000000000001,6.0377499999999991,8.2385000000000002,2.2007500000000011,1.117,15.295,0.45881006864988561,0.4522047570325114,0.34952055021392997,0.54962148717557413,1k
MixedDirectionRuns,1000,ALL,500,noalloc,21.494,20.125499999999999,23.6465,3.5210000000000008,1.5190000000000001,15.295,1.4052958483164433,1.4347813024928573,1.2168382651665739,1.6888508723784186,1k
MixedDirectionRuns,1000,ALL,500,noalloc-low-run,16.426499999999997,14.156500000000001,19.353249999999999,5.196749999999998,2.4995000000000012,15.295,1.0739784243216737,1.0752081519848171,0.8864468719884131,1.2879823292520871,1k
MixedDirectionRuns,1000,ALL,500,physical-direct,10.155999999999999,8.6482499999999991,11.396750000000001,2.7485000000000017,1.3660000000000014,15.295,0.66400784570120952,0.65585285406259219,0.50974841720290043,0.78504698926478389,1k
MixedDirectionRuns,1000,ALL,500,simulated-direct,4.8704999999999998,4.0680000000000005,5.7084999999999999,1.6404999999999994,0.81800000000000006,15.295,0.31843739784243213,0.31564885946073706,0.24516242798320625,0.37992503574135233,1k
MixedDirectionRuns,1000,ALL,500,simulated-inplace-direct,8.9785000000000004,8.2372499999999995,9.8877500000000005,1.650500000000001,0.81950000000000056,15.295,0.58702190258254339,0.58855306226287718,0.49239930107701668,0.69702160879294239,1k
MixedDirectionRuns,1000,ALL,500,frozen-single-direct,9.0199999999999996,7.5469999999999997,10.516249999999999,2.9692499999999997,1.4864999999999999,15.295,0.58973520758417786,0.57859722222684362,0.46701357284213801,0.72433977929711046,1k
MixedDirectionRuns,1000,ALL,500,frozen-deferred-direct,8.6419999999999995,7.6970000000000001,10.882,3.1849999999999996,1.221000000000001,15.295,0.5650212487741092,0.56822208604220714,0.47036096750338285,0.72576691475554778,1k
MixedDirectionRuns,1000,ALL,500,frozen-live-direct,8.9619999999999997,7.9162499999999998,10.449249999999999,2.5329999999999995,1.2004999999999995,15.295,0.58594311866623083,0.57774264888223748,0.46205359083749764,0.72153890769125106,1k
MixedDirectionRuns,1000,ALL,500,avx2-direct,7.3345000000000002,6.6425000000000001,8.3209999999999997,1.6784999999999997,0.79199999999999982,15.295,0.47953579601176854,0.47764827215668026,0.40167729848345424,0.56701157097111932,1k
MixedDirectionRuns,1000,ALL,500,linked-direct,6.4474999999999998,5.8285,7.1859999999999999,1.3574999999999999,0.6705000000000001,15.295,0.42154298790454398,0.41380311240875878,0.34443446079220025,0.50517398433230098,1k
MixedDirectionRuns,1000,ALL,500,indexed-direct,7.1150000000000002,6.0507499999999999,8.2164999999999999,2.1657500000000001,1.0874999999999999,15.295,0.46518470088264141,0.4502854942563348,0.34291613594089126,0.56791586864602173,1k
MixedDirectionRuns,1000,ALL,500,std::sort,15.295,13.614000000000001,17.605,3.9909999999999997,1.9790000000000001,15.295,1,1,1,1,1k
BlockSorted,1000,ALL,500,physical,9.4379999999999988,8.5080000000000009,10.629,2.1209999999999987,1.0335000000000001,14.6615,0.64372676738396473,0.63819335729965176,0.5134062104923659,0.80381517370577904,1k
BlockSorted,1000,ALL,500,simulated,3.9015,3.4457500000000003,4.5682500000000008,1.1225000000000005,0.55299999999999994,14.6615,0.26610510520751629,0.26082477077772648,0.21021893259528862,0.33640315386371333,1k
BlockSorted,1000,ALL,500,simulated-inplace,7.6374999999999993,7.0775000000000006,8.4637499999999992,1.3862499999999986,0.65499999999999936,14.6615,0.52092214302765738,0.53019029597640377,0.42726206316968973,0.64757571855152307,1k
BlockSorted,1000,ALL,500,frozen-single,7.8384999999999998,6.7157499999999999,9.4197499999999987,2.7039999999999988,1.3034999999999997,14.6615,0.53463151792108576,0.54138751602395208,0.42266654168230589,0.68777932201479086,1k
BlockSorted,1000,ALL,500,frozen-deferred,7.4489999999999998,6.5384999999999991,9.0542499999999997,2.5157500000000006,1.0164999999999997,14.6615,0.50806534119974078,0.53433357282935912,0.41768780281454038,0.66388354482468959,1k
BlockSorted,1000,ALL,500,frozen-live,7.702,6.9009999999999998,9.1285000000000007,2.2275000000000009,1.0680000000000005,14.6615,0.52532142004569793,0.53706043371650791,0.43047711295585822,0.6921860127536974,1k
BlockSorted,1000,ALL,500,avx2,6.6434999999999995,5.8077500000000004,8.0557499999999997,2.2479999999999993,1.0145000000000004,14.6615,0.45312553285816592,0.46660992032751192,0.37159578473584742,0.5805641559845427,1k
BlockSorted,1000,ALL,500,linked,5.4024999999999999,4.9279999999999999,5.93825,1.0102500000000001,0.51549999999999985,14.6615,0.3684820789141629,0.37756438189646568,0.30131372015365027,0.46438237126102089,1k
BlockSorted,1000,ALL,500,indexed,6.0279999999999996,5.2410000000000005,6.8707500000000001,1.6297499999999996,0.81599999999999984,14.6615,0.4111448351123691,0.40854743456309162,0.33017288204004341,0.51275068266314205,1k
BlockSorted,1000,ALL,500,noalloc,22.407,20.603250000000003,24.640249999999998,4.0369999999999955,1.9425000000000008,14.6615,1.5282883743136786,1.5641982366413036,1.2738943394286681,1.9411891477477334,1k
BlockSorted,1000,ALL,500,noalloc-low-run,12.155000000000001,11.045249999999999,13.20825,2.1630000000000003,1.0700000000000012,14.6615,0.82904204890359112,0.82975103493585278,0.66878919894890909,1.0281240552960009,1k
BlockSorted,1000,ALL,500,physical-direct,9.5365000000000002,8.516,10.577249999999999,2.0612499999999994,1.0275000000000007,14.6615,0.65044504314019713,0.64777224734976002,0.53051454034114642,0.79814348635439436,1k
BlockSorted,1000,ALL,500,simulated-direct,4.0950000000000006,3.4184999999999999,4.8387500000000001,1.4202500000000002,0.7174999999999998,14.6615,0.27930293626163766,0.27676661889323007,0.21703012886713285,0.35512891687810366,1k
BlockSorted,1000,ALL,500,simulated-inplace-direct,7.6415000000000006,7.1084999999999994,8.3514999999999997,1.2430000000000003,0.61099999999999977,14.6615,0.52119496640862129,0.5300649149330362,0.44101200799323298,0.65144012105858251,1k
BlockSorted,1000,ALL,500,frozen-single-direct,7.9450000000000003,6.8105000000000002,9.3200000000000003,2.5095000000000001,1.2090000000000001,14.6615,0.54189544043924565,0.54724790374842891,0.42670030065298942,0.70735037246412125,1k
BlockSorted,1000,ALL,500,frozen-deferred-direct,7.5705,6.6262499999999998,9.182500000000001,2.5562500000000012,1.0105000000000004,14.6615,0.5163523513965147,0.5316084763163198,0.4255490579442901,0.67559077237807885,1k
BlockSorted,1000,ALL,500,frozen-live-direct,7.7654999999999994,6.9640000000000004,9.1295000000000002,2.1654999999999998,1.0394999999999994,14.6615,0.52965249121849733,0.54396103290263786,0.43285902737147502,0.68703573087857572,1k
BlockSorted,1000,ALL,500,avx2-direct,6.5229999999999997,5.6752500000000001,8.2319999999999993,2.5567499999999992,1.1774999999999998,14.6615,0.44490672850663299,0.45813252912221109,0.36139977810807289,0.57867256634165254,1k
BlockSorted,1000,ALL,500,linked-direct,5.4915000000000003,5.0335000000000001,6.0842499999999999,1.0507499999999999,0.52749999999999986,14.6615,0.37455239914060634,0.38386718269027509,0.3098434919896465,0.46447635963825268,1k
BlockSorted,1000,ALL,500,indexed-direct,6.1784999999999997,5.1932499999999999,6.9432499999999999,1.75,0.89649999999999963,14.6615,0.42140981482113016,0.41153347196438311,0.31539910433759688,0.51810380944625034,1k
BlockSorted,1000,ALL,500,std::sort,14.6615,12.3995,17.6785,5.2789999999999999,2.5395000000000003,14.6615,1,1,1,1,1k
OrganPipe,1000,ALL,500,physical,3.8654999999999999,3.4504999999999999,4.7360000000000007,1.2855000000000008,0.48850000000000016,18.866500000000002,0.20488696896615691,0.20410447765558304,0.16460398884409574,0.24607761865677913,1k
OrganPipe,1000,ALL,500,simulated,2.4180000000000001,2.30775,2.9744999999999999,0.66674999999999995,0.15100000000000002,18.866500000000002,0.12816367635756498,0.13634642912947836,0.11022525106017091,0.16129071899284356,1k
OrganPipe,1000,ALL,500,simulated-inplace,4.8650000000000002,4.4567500000000004,5.73325,1.2764999999999995,0.46050000000000013,18.866500000000002,0.25786446876739194,0.26575603369093576,0.21522008728449626,0.31954429883461705,1k
OrganPipe,1000,ALL,500,frozen-single,3.7970000000000002,3.5407500000000001,4.2590000000000003,0.71825000000000028,0.30500000000000016,18.866500000000002,0.20125619484271062,0.2014631434220194,0.16101977820652347,0.24558716730801813,1k
OrganPipe,1000,ALL,500,frozen-deferred,4.1139999999999999,3.9660000000000002,4.4554999999999998,0.4894999999999996,0.17949999999999999,18.866500000000002,0.21805846341398771,0.22342258478263022,0.1794107766248354,0.27853810931355727,1k
OrganPipe,1000,ALL,500,frozen-live,4.4219999999999997,4.20425,4.9209999999999994,0.71674999999999933,0.27050000000000018,18.866500000000002,0.23438369596904562,0.23946176996377128,0.19456634934765132,0.29605373327073803,1k
OrganPipe,1000,ALL,500,avx2,2.8079999999999998,2.7120000000000002,3.1899999999999999,0.47799999999999976,0.15300000000000002,18.866500000000002,0.14883523706039803,0.1553589028725432,0.12579644895141248,0.1899677593521964,1k
OrganPipe,1000,ALL,500,linked,2.1505000000000001,2.0790000000000002,2.4315000000000002,0.35250000000000004,0.10000000000000009,18.866500000000002,0.1139851058754936,0.12112227974158107,0.097582241555046079,0.14697372594754138,1k
OrganPipe,1000,ALL,500,indexed,2.7184999999999997,2.5114999999999998,3.0585,0.54700000000000015,0.23600000000000043,18.866500000000002,0.14409137889910686,0.14751698763067655,0.11779340450259704,0.18462323522949306,1k
OrganPipe,1000,ALL,500,noalloc,18.797499999999999,17.357500000000002,25.6785,8.320999999999998,1.9304999999999986,18.866500000000002,0.99634272387565248,1.0561081506187688,0.81858177915860475,1.5206908599755387,1k
OrganPipe,1000,ALL,500,noalloc-low-run,8.3445,7.8857499999999998,10.65175,2.766,0.66250000000000009,18.866500000000002,0.44229189303792432,0.47581440097122285,0.3823919886509804,0.58011837452277859,1k
OrganPipe,1000,ALL,500,physical-direct,3.6195000000000004,3.3405,4.1425000000000001,0.80200000000000005,0.33050000000000002,18.866500000000002,0.19184798452283147,0.20028734867482026,0.16094930407127256,0.24120579371002651,1k
OrganPipe,1000,ALL,500,simulated-direct,2.448,2.3337500000000002,2.8227500000000001,0.48899999999999988,0.15049999999999986,18.866500000000002,0.12975379641162907,0.13490080171276347,0.10800900527360636,0.16697685791242528,1k
OrganPipe,1000,ALL,500,simulated-inplace-direct,4.9524999999999997,4.5779999999999994,5.9117500000000005,1.3337500000000011,0.48049999999999971,18.866500000000002,0.2625023189250788,0.26623274387429741,0.21898228163433439,0.33575342002740294,1k
OrganPipe,1000,ALL,500,frozen-single-direct,3.9290000000000003,3.7010000000000001,4.2880000000000003,0.58700000000000019,0.27400000000000024,18.866500000000002,0.20825272308059259,0.20892616420353857,0.167617271902673,0.25425781104559819,1k
OrganPipe,1000,ALL,500,frozen-deferred-direct,4.2475000000000005,4.0309999999999997,4.5807500000000001,0.54975000000000041,0.23250000000000037,18.866500000000002,0.22513449765457291,0.22611501525091471,0.18779210325556356,0.27624831485989965,1k
OrganPipe,1000,ALL,500,frozen-live-direct,4.593,4.3715000000000002,5.0095000000000001,0.6379999999999999,0.28350000000000009,18.866500000000002,0.24344738027721091,0.24779112858069813,0.20700315475985434,0.30106842437235115,1k
OrganPipe,1000,ALL,500,avx2-direct,2.9615,2.8327499999999999,3.5902500000000002,0.75750000000000028,0.17500000000000004,18.866500000000002,0.15697135133702592,0.16509594392864668,0.13687403950809712,0.19286295710772278,1k
OrganPipe,1000,ALL,500,linked-direct,2.8170000000000002,2.7007500000000002,3.2757499999999999,0.57499999999999973,0.16100000000000025,18.866500000000002,0.14931227307661729,0.15605113365389622,0.12894796262255367,0.18357794505711533,1k
OrganPipe,1000,ALL,500,indexed-direct,2.782,2.5585,3.2750000000000004,0.71650000000000036,0.25700000000000012,18.866500000000002,0.14745713301354252,0.15161682102273102,0.12285206488718958,0.17869670881968452,1k
OrganPipe,1000,ALL,500,std::sort,18.866500000000002,16.332749999999997,22.99925,6.6665000000000028,3.0214999999999979,18.866500000000002,1,1,1,1,1k
Rotated,1000,ALL,500,physical,2.6760000000000002,2.3650000000000002,3.7047499999999998,1.3397499999999996,0.45550000000000002,11.899000000000001,0.22489284813849902,0.26175915499394398,0.16632779352664093,0.40110507041141419,1k
Rotated,1000,ALL,500,simulated,1.4569999999999999,1.2617499999999999,1.92025,0.65850000000000009,0.24849999999999983,11.899000000000001,0.12244726447600636,0.14028364758579315,0.085368740510586058,0.21854955808504412,1k
Rotated,1000,ALL,500,simulated-inplace,2.8849999999999998,2.5492500000000002,4.0030000000000001,1.4537499999999999,0.43899999999999961,11.899000000000001,0.24245734935708879,0.25963022286793525,0.17561315335388872,0.44636039056804239,1k
Rotated,1000,ALL,500,frozen-single,2.7329999999999997,2.4822500000000001,3.2982499999999999,0.81599999999999984,0.40149999999999997,11.899000000000001,0.22968316665265984,0.24820418122669191,0.15666489476199058,0.41590799179361193,1k
Rotated,1000,ALL,500,frozen-deferred,4.6254999999999997,2.7725,5.4065000000000003,2.6340000000000003,1.7364999999999997,11.899000000000001,0.38873014539036888,0.37148738063281461,0.18328696679113265,0.68559020429782436,1k
Rotated,1000,ALL,500,frozen-live,4.7445000000000004,3.222,6.0257500000000004,2.8037500000000004,1.4725000000000001,11.899000000000001,0.39873098579712579,0.39157354321932364,0.20410983279272507,0.78594089966299951,1k
Rotated,1000,ALL,500,avx2,1.7785,1.5980000000000001,2.20675,0.6087499999999999,0.249,11.899000000000001,0.14946634170938733,0.1652227527300319,0.10831675642104545,0.27772000752373044,1k
Rotated,1000,ALL,500,linked,2.0840000000000001,1.8907499999999999,2.8222499999999999,0.93149999999999999,0.24950000000000006,11.899000000000001,0.17514076813177576,0.19052371545063632,0.12693802239195268,0.32388999380910288,1k
Rotated,1000,ALL,500,indexed,1.5649999999999999,1.38175,1.9957499999999999,0.61399999999999988,0.23150000000000004,11.899000000000001,0.13152365745020589,0.15037677165668947,0.094870323295632497,0.25344468336386666,1k
Rotated,1000,ALL,500,noalloc,5.0905000000000005,3.0037500000000001,6.9482499999999998,3.9444999999999997,1.9364999999999999,11.899000000000001,0.42780905958483906,0.43179564830343753,0.16751952026612915,0.89878838519115467,1k
Rotated,1000,ALL,500,noalloc-low-run,5.1139999999999999,3.1552500000000001,7.1724999999999994,4.0172499999999989,2.0315000000000003,11.899000000000001,0.42978401546348427,0.46086783692612465,0.1687102599320518,0.93928031383427657,1k
Rotated,1000,ALL,500,physical-direct,2.5789999999999997,2.2854999999999999,3.5482499999999999,1.26275,0.38600000000000034,11.899000000000001,0.21674090259685683,0.25160954812095893,0.15524829074548882,0.42111862226053998,1k
Rotated,1000,ALL,500,simulated-direct,1.4575,1.27925,1.98525,0.70599999999999996,0.23550000000000004,11.899000000000001,0.12248928481384989,0.13882114396435652,0.087064649454237239,0.23092148450487293,1k
Rotated,1000,ALL,500,simulated-inplace-direct,2.9450000000000003,2.6315,3.8980000000000001,1.2665000000000002,0.40850000000000031,11.899000000000001,0.24749978989831078,0.26619364232981374,0.17203625875735129,0.44949235705127449,1k
Rotated,1000,ALL,500,frozen-single-direct,2.8559999999999999,2.6437499999999998,3.3657500000000002,0.72200000000000042,0.31899999999999995,11.899000000000001,0.24002016976216486,0.26546278818192892,0.17556935764519976,0.44378514313348172,1k
Rotated,1000,ALL,500,frozen-deferred-direct,4.6875,2.9914999999999998,6.0667499999999999,3.07525,1.6285000000000001,11.899000000000001,0.39394066728296495,0.38878922013511563,0.19035999566590975,0.73758387326210495,1k
Rotated,1000,ALL,500,frozen-live-direct,5.1120000000000001,3.3352500000000003,6.3435000000000006,3.0082500000000003,1.694,11.899000000000001,0.42961593411211024,0.4299652059075636,0.21555365487642017,0.77901934475949675,1k
Rotated,1000,ALL,500,avx2-direct,1.8650000000000002,1.657,2.2995000000000001,0.64250000000000007,0.25850000000000006,11.899000000000001,0.15673586015631566,0.17408856450506016,0.11094299595216006,0.27732516092485932,1k
Rotated,1000,ALL,500,linked-direct,2.1154999999999999,1.915,2.9529999999999998,1.0379999999999998,0.26649999999999996,11.899000000000001,0.17778804941591728,0.1943974458209804,0.12946786947012084,0.31940912924830317,1k
Rotated,1000,ALL,500,indexed-direct,1.6274999999999999,1.4317499999999999,2.11375,0.68200000000000016,0.26999999999999991,11.899000000000001,0.13677619968064542,0.15814793236985586,0.10255276972047841,0.25241056959229424,1k
Rotated,1000,ALL,500,std::sort,11.899000000000001,7.1634999999999991,17.482749999999999,10.31925,4.9415000000000013,11.899000000000001,1,1,1,1,1k
MixedPhase3,1000,ALL,500,physical,39.1995,36.932249999999996,41.403500000000001,4.4712500000000048,2.2590000000000003,26.408000000000001,1.4843797334141169,1.4760257782610311,1.3262013740636829,1.6173536083958644,1k
MixedPhase3,1000,ALL,500,simulated,23.558499999999999,18.247,27.311500000000002,9.0645000000000024,4.4395000000000007,26.408000000000001,0.89209709179036645,0.83069890658296597,0.65487292046005185,1.0313565785372663,1k
MixedPhase3,1000,ALL,500,simulated-inplace,24.284500000000001,20.872,27.772750000000002,6.9007500000000022,3.4495000000000005,26.408000000000001,0.91958876098152076,0.89888709383031229,0.77503461289910736,1.0675657340100175,1k
MixedPhase3,1000,ALL,500,frozen-single,27.097999999999999,19.628,29.827500000000001,10.1995,5.3705000000000034,26.408000000000001,1.0261284459254771,0.89248070549644587,0.74237622076458032,1.1304903329335487,1k
MixedPhase3,1000,ALL,500,frozen-deferred,24.824999999999999,23.582999999999998,26.184000000000001,2.6010000000000026,1.2959999999999994,26.408000000000001,0.94005604362314443,0.94615282229053266,0.86188104606679627,1.0380456407108438,1k
MixedPhase3,1000,ALL,500,frozen-live,28.642499999999998,21.889250000000001,31.306000000000001,9.4167500000000004,5.1604999999999972,26.408000000000001,1.0846145107543168,1.0245064231362,0.82090742194921162,1.2215013337197631,1k
MixedPhase3,1000,ALL,500,avx2,28.198999999999998,27.267250000000001,29.47175,2.2044999999999995,1.0214999999999996,26.408000000000001,1.0678203574674341,1.0811138713067852,0.98859462204195148,1.1693835477601331,1k
MixedPhase3,1000,ALL,500,linked,25.000500000000002,23.313749999999999,26.867750000000001,3.554000000000002,1.7835000000000001,26.408000000000001,0.94670175704332027,0.95122782670639117,0.84198931696268886,1.0424538936423611,1k
MixedPhase3,1000,ALL,500,indexed,30.413499999999999,27.290750000000003,32.516500000000001,5.2257499999999979,2.5030000000000037,26.408000000000001,1.1516775219630415,1.1454392098822794,0.98964786689498996,1.2621894073221358,1k
MixedPhase3,1000,ALL,500,noalloc,26.065000000000001,23.868000000000002,27.594250000000002,3.7262500000000003,1.9155000000000015,26.408000000000001,0.98701151166313239,0.97484491184173083,0.87281758692715772,1.0828498317798601,1k
MixedPhase3,1000,ALL,500,noalloc-low-run,28.206499999999998,25.990000000000002,29.891750000000002,3.9017499999999998,1.9719999999999995,26.408000000000001,1.0681043623144502,1.061300400898298,0.95516310775505864,1.1772122760325603,1k
MixedPhase3,1000,ALL,500,physical-direct,39.0535,37.117750000000001,41.398249999999997,4.2804999999999964,2.1155000000000008,26.408000000000001,1.4788511057255376,1.4917253545659899,1.3323785212831618,1.6204603394448078,1k
MixedPhase3,1000,ALL,500,simulated-direct,23.916499999999999,18.656750000000002,27.480250000000002,8.8234999999999992,4.5240000000000009,26.408000000000001,0.9056535898212662,0.82717454548300251,0.69906932885724871,1.0463412965651848,1k
MixedPhase3,1000,ALL,500,simulated-inplace-direct,25.042999999999999,20.996000000000002,28.175750000000001,7.1797499999999985,3.6150000000000002,26.408000000000001,0.94831111784307776,0.91619015438071005,0.77426449711675138,1.0903518304086384,1k
MixedPhase3,1000,ALL,500,frozen-single-direct,27.593,19.683500000000002,30.119500000000002,10.436,5.4934999999999992,26.408000000000001,1.0448727658285368,0.90052353050304146,0.74355556613542584,1.1487687993730265,1k
MixedPhase3,1000,ALL,500,frozen-deferred-direct,24.841000000000001,23.698499999999999,26.390750000000001,2.6922500000000014,1.2645000000000017,26.408000000000001,0.94066192063011211,0.95483417045758823,0.86204490532397893,1.0334143653434322,1k
MixedPhase3,1000,ALL,500,frozen-live-direct,28.564,22.096499999999999,31.490000000000002,9.3935000000000031,5.0145,26.408000000000001,1.0816419266888821,1.0235551983845244,0.81798426452086437,1.2191502288821707,1k
MixedPhase3,1000,ALL,500,avx2-direct,27.396500000000003,26.417999999999999,28.814,2.3960000000000008,1.1440000000000001,26.408000000000001,1.0374318388367163,1.046478517215621,0.9684086052188251,1.1357735842946335,1k
MixedPhase3,1000,ALL,500,linked-direct,25.639499999999998,23.76125,27.6205,3.8592499999999994,1.8970000000000002,26.408000000000001,0.97089897000908809,0.97217641473681748,0.86061565853194533,1.0794901898631497,1k
MixedPhase3,1000,ALL,500,indexed-direct,30.0365,27.282500000000002,32.14875,4.8662499999999973,2.4590000000000032,26.408000000000001,1.1374015449863677,1.1326131663845151,0.99395934865277857,1.2490049877526621,1k
MixedPhase3,1000,ALL,500,std::sort,26.408000000000001,24.902250000000002,28.231249999999999,3.3289999999999971,1.6209999999999987,26.408000000000001,1,1,1,1,1k
MixedPhase12,1000,ALL,500,physical,41.468000000000004,35.986000000000004,44.482500000000002,8.4964999999999975,4.3724999999999987,25.4785,1.6275683419353575,1.6352215031831081,1.3951651210169025,1.7781740082092363,1k
MixedPhase12,1000,ALL,500,simulated,21.5885,16.901499999999999,23.41,6.5085000000000015,3.2080000000000002,25.4785,0.84732225209490353,0.83350550754152641,0.65204037339429133,0.93165435865558521,1k
MixedPhase12,1000,ALL,500,simulated-inplace,26.130499999999998,21.17775,29.487250000000003,8.3095000000000034,4.410499999999999,25.4785,1.0255902035049158,0.99600511275302828,0.83344744855615616,1.1702657019869145,1k
MixedPhase12,1000,ALL,500,frozen-single,30.8505,20.95675,32.985749999999996,12.028999999999996,5.3775000000000013,25.4785,1.2108444374668839,1.1639449976228682,0.80974711713118408,1.3172950835731274,1k
MixedPhase12,1000,ALL,500,frozen-deferred,26.200499999999998,25.0045,27.935500000000001,2.9310000000000009,1.3649999999999984,25.4785,1.0283376179916399,1.0431402682319701,0.97424915793561417,1.1391529362173587,1k
MixedPhase12,1000,ALL,500,frozen-live,31.868500000000001,21.150500000000001,34.102249999999998,12.951749999999997,5.5150000000000006,25.4785,1.2507996938595287,1.16779074473467,0.83403906938199424,1.342834123930561,1k
MixedPhase12,1000,ALL,500,avx2,30.332000000000001,29.46875,31.313499999999998,1.8447499999999977,0.89900000000000091,25.4785,1.1904939458759347,1.1951148867485233,1.1406393372052879,1.2678464876344644,1k
MixedPhase12,1000,ALL,500,linked,26.982500000000002,25.653999999999996,28.422249999999998,2.7682500000000019,1.3709999999999987,25.4785,1.0590301626861864,1.0637287663950945,1.003087284578031,1.1356470765415021,1k
MixedPhase12,1000,ALL,500,indexed,29.301499999999997,26.641500000000001,31.067499999999999,4.4259999999999984,2.1350000000000016,25.4785,1.1500480797535175,1.1438945045700315,1.0362144231482717,1.2249947756774588,1k
MixedPhase12,1000,ALL,500,noalloc,28.734000000000002,26.3125,30.017250000000001,3.7047500000000007,1.9080000000000013,25.4785,1.1277743980218615,1.1245182217375738,1.0313898336682625,1.2012110433020531,1k
MixedPhase12,1000,ALL,500,noalloc-low-run,30.706000000000003,28.187000000000001,32.215000000000003,4.0280000000000022,2.0409999999999968,25.4785,1.2051729889907177,1.1874235499329986,1.1055367842667516,1.2776409203271681,1k
MixedPhase12,1000,ALL,500,physical-direct,41.763999999999996,36.069500000000005,44.622250000000001,8.5527499999999961,4.5579999999999998,25.4785,1.6391859803363618,1.633803894203524,1.4135638552366538,1.7969807240622027,1k
MixedPhase12,1000,ALL,500,simulated-direct,21.412500000000001,17.45675,23.368749999999999,5.911999999999999,3.0824999999999996,25.4785,0.84041446709971157,0.83226037543615516,0.68361025990133695,0.93638294000946809,1k
MixedPhase12,1000,ALL,500,simulated-inplace-direct,26.756,21.128,30.09525,8.9672499999999999,4.4960000000000004,25.4785,1.0501403143827148,1.0430221676736839,0.83389726484453175,1.1805515877731176,1k
MixedPhase12,1000,ALL,500,frozen-single-direct,31.105499999999999,20.40475,33.213749999999997,12.808999999999997,6.5934999999999988,25.4785,1.2208528759542359,1.1785470893968975,0.80425994223570263,1.3226293756944354,1k
MixedPhase12,1000,ALL,500,frozen-deferred-direct,26.3245,25.343249999999998,27.884499999999999,2.5412500000000016,1.192499999999999,25.4785,1.0332044665109799,1.0417339627774429,0.98011737967470602,1.1239386842762573,1k
MixedPhase12,1000,ALL,500,frozen-live-direct,31.909500000000001,21.271250000000002,34.269999999999996,12.998749999999994,6.3750000000000018,25.4785,1.2524088937731814,1.1789744494763341,0.83513455912664281,1.3536811506764403,1k
MixedPhase12,1000,ALL,500,avx2-direct,30.3385,29.412750000000003,31.421750000000003,2.0090000000000003,1.0215000000000014,25.4785,1.190749062935416,1.2006764658992619,1.1435997082980693,1.2633782276696226,1k
MixedPhase12,1000,ALL,500,linked-direct,27.409500000000001,25.919750000000001,28.7255,2.8057499999999997,1.4170000000000016,25.4785,1.0757893910552034,1.0783856051442169,1.0061968705172353,1.1407816567109244,1k
MixedPhase12,1000,ALL,500,indexed-direct,29.411999999999999,26.88025,31.30275,4.4224999999999994,2.0939999999999994,25.4785,1.1543850697647036,1.1521237864706753,1.035915940285651,1.2535353056713214,1k
MixedPhase12,1000,ALL,500,std::sort,25.4785,24.632249999999999,26.326750000000001,1.6945000000000014,0.8490000000000002,25.4785,1,1,1,1,1k
Random,10000,ALL,500,physical,138.23849999999999,132.93049999999999,197.75475,64.824250000000006,10.371499999999997,478.488,0.2889069318352811,0.29112955880207786,0.26506575060845838,0.35772873118203885,10k
Random,10000,ALL,500,simulated,127.851,104.5715,155.68525,51.113749999999996,24.038000000000004,478.488,0.26719792345889554,0.26130733300079212,0.21417484686403909,0.29639785766435728,10k
Random,10000,ALL,500,simulated-inplace,118.337,106.17025000000001,145.43774999999999,39.267499999999984,13.559000000000005,478.488,0.24731445720686832,0.2468474686802847,0.21377241654477738,0.27858622856517262,10k
Random,10000,ALL,500,frozen-single,112.46250000000001,107.83874999999999,138.74374999999998,30.904999999999987,7.7094999999999985,478.488,0.23503724231328688,0.23495456421632771,0.21567515343146304,0.28420145990874268,10k
Random,10000,ALL,500,frozen-deferred,110.1575,106.5585,134.55074999999999,27.992249999999999,5.3950000000000031,478.488,0.23021998461821405,0.23251544169176558,0.21465254567424349,0.27057122136811562,10k
Random,10000,ALL,500,frozen-live,112.372,105.78150000000001,145.67000000000002,39.888500000000008,8.1735000000000042,478.488,0.23484810486365384,0.23453294266750449,0.21645686229367445,0.29517355223467723,10k
Random,10000,ALL,500,avx2,119.646,105.28550000000001,144.24725000000001,38.961749999999995,15.223999999999997,478.488,0.25005015799769276,0.24107428806194886,0.21730837568771846,0.29037777769258472,10k
Random,10000,ALL,500,linked,129.89400000000001,128.38124999999999,169.63999999999999,41.258749999999992,2.240000000000002,478.488,0.27146762301248933,0.27764616350849258,0.25925351567899191,0.33141949204256077,10k
Random,10000,ALL,500,indexed,120.91549999999999,113.28149999999999,155.27449999999999,41.992999999999995,9.4059999999999988,478.488,0.2527033070839812,0.25144402683007216,0.22981963236155922,0.2930662675095807,10k
Random,10000,ALL,500,noalloc,120.33,114.98125,126.90349999999999,11.922249999999991,5.6709999999999994,478.488,0.25147966093193558,0.25023210922748107,0.22392740724886651,0.26296109620933916,10k
Random,10000,ALL,500,noalloc-low-run,129.70400000000001,109.6435,133.46249999999998,23.818999999999974,11.156500000000008,478.488,0.27107053886408855,0.25448401606950954,0.22183614207368307,0.28401561722276036,10k
Random,10000,ALL,500,physical-direct,137.07999999999998,130.92775,191.85649999999998,60.92874999999998,9.0994999999999848,478.488,0.2864857634883215,0.29026805900354202,0.2649844311697005,0.36598179500065492,10k
Random,10000,ALL,500,simulated-direct,128.6635,106.79325,150.37700000000001,43.583750000000009,21.892000000000003,478.488,0.26889598067245157,0.26080661899304691,0.21776924258710628,0.29958991284143083,10k
Random,10000,ALL,500,simulated-inplace-direct,119.4025,108.55250000000001,151.25375,42.701249999999987,13.551000000000002,478.488,0.24954126331276857,0.24834777216043921,0.21966690396709332,0.29412557109656268,10k
Random,10000,ALL,500,frozen-single-direct,113.571,109.72175000000001,140.32050000000001,30.598749999999995,6.5660000000000025,478.488,0.23735391483171991,0.23773766661890991,0.22037422719897937,0.29127955876608658,10k
Random,10000,ALL,500,frozen-deferred-direct,113.5925,108.69525,139.90725,31.212000000000003,6.5529999999999973,478.488,0.23739884803798633,0.2372098349631781,0.22011104966379627,0.28802954202543285,10k
Random,10000,ALL,500,frozen-live-direct,118.4665,108.19499999999999,146.83074999999999,38.635750000000002,12.673000000000002,478.488,0.247585101402752,0.24683094660830135,0.22227150770922038,0.29027575242150011,10k
Random,10000,ALL,500,avx2-direct,126.45099999999999,107.21024999999999,160.06200000000001,52.851750000000024,21.056000000000004,478.488,0.26427204026015277,0.26200107094602443,0.22086395134710277,0.30808091569871954,10k
Random,10000,ALL,500,linked-direct,131.25800000000001,129.47474999999997,174.26925,44.794500000000028,2.680499999999995,478.488,0.27431826921469299,0.2798820765434088,0.26182429826066328,0.33677545165224615,10k
Random,10000,ALL,500,indexed-direct,132.1275,123.9585,178.53074999999998,54.572249999999983,10.140999999999998,478.488,0.27613545167276921,0.27834352579939758,0.2533955766563889,0.32995911233297198,10k
Random,10000,ALL,500,std::sort,478.488,464.19549999999998,528.50575000000003,64.310250000000053,20.052499999999981,478.488,1,1,1,1,10k
Sorted,10000,ALL,500,physical,2.9325000000000001,2.9020000000000001,3.03775,0.13574999999999982,0.039500000000000313,60.3095,0.048624180270106704,0.048433832814685593,0.047981354567858445,0.049415052715413209,10k
Sorted,10000,ALL,500,simulated,2.9329999999999998,2.9100000000000001,2.9695,0.059499999999999886,0.026999999999999691,60.3095,0.04863247083792769,0.048532556555390315,0.048079705301432317,0.048966416346997797,10k
Sorted,10000,ALL,500,simulated-inplace,2.9260000000000002,2.9100000000000001,2.948,0.037999999999999812,0.017999999999999794,60.3095,0.048516402888433834,0.048476719269720359,0.048072335837556726,0.048849517454004773,10k
Sorted,10000,ALL,500,frozen-single,3.4550000000000001,3.42075,3.5197500000000002,0.099000000000000199,0.044999999999999929,60.3095,0.057287823643041316,0.057119667692639688,0.056484751479534627,0.057930550524920493,10k
Sorted,10000,ALL,500,frozen-deferred,3.4430000000000001,3.4227500000000002,3.484,0.061249999999999805,0.026000000000000245,60.3095,0.057088850015337554,0.057032895010619075,0.056520945582598965,0.057556301973653634,10k
Sorted,10000,ALL,500,frozen-live,3.468,3.4317500000000001,3.5422500000000001,0.11050000000000004,0.045999999999999819,60.3095,0.05750337840638705,0.057351720025085019,0.056547827569346745,0.058284862667440443,10k
Sorted,10000,ALL,500,avx2,3.4660000000000002,3.4319999999999999,3.5385,0.10650000000000004,0.041000000000000369,60.3095,0.0574702161351031,0.057297549785725065,0.056757282169052028,0.058160053030193441,10k
Sorted,10000,ALL,500,linked,2.9510000000000001,2.9300000000000002,3.0004999999999997,0.070499999999999563,0.02949999999999986,60.3095,0.048930931279483336,0.048819263189622736,0.048370050997012408,0.049352231701175822,10k
Sorted,10000,ALL,500,indexed,2.9675000000000002,2.9409999999999998,3.0022500000000001,0.061250000000000249,0.028500000000000192,60.3095,0.049204520017576005,0.04904899083321701,0.048582433433403446,0.049572238175035158,10k
Sorted,10000,ALL,500,noalloc,2.9329999999999998,2.9147500000000002,2.9689999999999999,0.054249999999999687,0.021999999999999797,60.3095,0.04863247083792769,0.048576032677088488,0.048183680042599986,0.049037976185863898,10k
Sorted,10000,ALL,500,noalloc-low-run,2.9510000000000001,2.9220000000000002,3.02725,0.10524999999999984,0.038000000000000034,60.3095,0.048930931279483336,0.048744239415281512,0.048336628541862596,0.049661161003683951,10k
Sorted,10000,ALL,500,physical-direct,2.9609999999999999,2.9369999999999998,3.0062499999999996,0.069249999999999812,0.02849999999999997,60.3095,0.049096742635903128,0.048985303322461621,0.048541286148592454,0.049568384551368042,10k
Sorted,10000,ALL,500,simulated-direct,2.9580000000000002,2.9380000000000002,3.0049999999999999,0.066999999999999726,0.027000000000000135,60.3095,0.049046999228977199,0.049012019224884587,0.048577532137446991,0.049568514941585796,10k
Sorted,10000,ALL,500,simulated-inplace-direct,2.9625000000000004,2.9420000000000002,3.0070000000000001,0.064999999999999947,0.027000000000000135,60.3095,0.049121614339366113,0.049069558723722186,0.048601915921663449,0.049574675239879823,10k
Sorted,10000,ALL,500,frozen-single-direct,3.4950000000000001,3.4597499999999997,3.5699999999999998,0.11025000000000018,0.044000000000000039,60.3095,0.057951069068720516,0.057770844047861994,0.057157823350064321,0.058546713334441197,10k
Sorted,10000,ALL,500,frozen-deferred-direct,3.468,3.452,3.5009999999999999,0.048999999999999932,0.022000000000000242,60.3095,0.05750337840638705,0.057408990102529936,0.056985140785150427,0.05784405648183627,10k
Sorted,10000,ALL,500,frozen-live-direct,3.5,3.4630000000000001,3.581,0.11799999999999988,0.044000000000000039,60.3095,0.058033974746930415,0.057791699528675161,0.057160767271187608,0.058721261460407272,10k
Sorted,10000,ALL,500,avx2-direct,3.4929999999999999,3.4597499999999997,3.5484999999999998,0.088750000000000107,0.040000000000000036,60.3095,0.057917906797436552,0.057717459339069938,0.057151540410391583,0.058441356742077837,10k
Sorted,10000,ALL,500,linked-direct,2.98,2.9569999999999999,3.0242499999999999,0.067250000000000032,0.02750000000000008,60.3095,0.049411784213100753,0.049323216576575145,0.048885414599004189,0.049821544974444951,10k
Sorted,10000,ALL,500,indexed-direct,2.9710000000000001,2.952,3.0129999999999999,0.060999999999999943,0.023000000000000131,60.3095,0.049262553992322933,0.049218619922003784,0.048831979417086113,0.049713074213552269,10k
Sorted,10000,ALL,500,std::sort,60.3095,60.067500000000003,60.782499999999999,0.71499999999999631,0.30549999999999855,60.3095,1,1,1,1,10k
Reverse,10000,ALL,500,physical,3.5640000000000001,3.528,3.6387499999999999,0.1107499999999999,0.046000000000000263,42.723500000000001,0.083420131777593123,0.084396357108122461,0.082370356341966405,0.085871616453753671,10k
Reverse,10000,ALL,500,simulated,3.5125000000000002,3.4950000000000001,3.5649999999999999,0.06999999999999984,0.025500000000000078,42.723500000000001,0.082214706192142495,0.083190094893553251,0.081332082640634212,0.08447595921602305,10k
Reverse,10000,ALL,500,simulated-inplace,3.4980000000000002,3.4820000000000002,3.5505,0.068499999999999783,0.022000000000000242,42.723500000000001,0.081875314522452516,0.083216746442035333,0.081249072727381466,0.084208378485495838,10k
Reverse,10000,ALL,500,frozen-single,4.0510000000000002,4.0129999999999999,4.1282499999999995,0.11524999999999963,0.048000000000000043,42.723500000000001,0.094819010614767052,0.095895826286398589,0.093534561729052876,0.097497587710619477,10k
Reverse,10000,ALL,500,frozen-deferred,4.0365000000000002,4.0119999999999996,4.1139999999999999,0.10200000000000031,0.033500000000000085,42.723500000000001,0.094479618945077073,0.095999165055224975,0.093670310296455991,0.097059665171978754,10k
Reverse,10000,ALL,500,frozen-live,4.0720000000000001,4.0199999999999996,4.1534999999999993,0.13349999999999973,0.060000000000000053,42.723500000000001,0.09531054337776633,0.096277852478296233,0.094061353312445278,0.097925687018267232,10k
Reverse,10000,ALL,500,avx2,4.024,3.9957500000000001,4.1159999999999997,0.12024999999999952,0.036999999999999922,42.723500000000001,0.094187039919482254,0.095624387934229643,0.093233965314896056,0.09688568774562821,10k
Reverse,10000,ALL,500,linked,3.5635000000000003,3.5249999999999999,3.6252499999999999,0.10024999999999995,0.044499999999999762,42.723500000000001,0.083408428616569344,0.084254939301583565,0.082562026201749461,0.085555846488126142,10k
Reverse,10000,ALL,500,indexed,3.5190000000000001,3.5019999999999998,3.552,0.050000000000000266,0.020000000000000018,42.723500000000001,0.082366847285451794,0.083266981588441175,0.081616481988735015,0.084559672223162199,10k
Reverse,10000,ALL,500,noalloc,3.54,3.5179999999999998,3.6019999999999999,0.084000000000000075,0.028000000000000025,42.723500000000001,0.082858380048451086,0.084127695613618325,0.082011900921510658,0.085139038882788329,10k
Reverse,10000,ALL,500,noalloc-low-run,3.5760000000000001,3.5459999999999998,3.6512500000000001,0.10525000000000029,0.038000000000000256,42.723500000000001,0.083701007642164149,0.084620956983915474,0.082779762210631158,0.086023489315970231,10k
Reverse,10000,ALL,500,physical-direct,3.5310000000000001,3.5030000000000001,3.5932499999999998,0.090249999999999719,0.032000000000000028,42.723500000000001,0.08264772315002282,0.083649584106573777,0.081729871086629713,0.084977368406877515,10k
Reverse,10000,ALL,500,simulated-direct,3.5299999999999998,3.496,3.56725,0.071250000000000036,0.034999999999999698,42.723500000000001,0.082624316827975233,0.083356968033151138,0.081248926177248965,0.084794727928246216,10k
Reverse,10000,ALL,500,simulated-inplace-direct,3.5430000000000001,3.5110000000000001,3.593,0.081999999999999851,0.037999999999999812,42.723500000000001,0.082928599014593846,0.083788307335786544,0.081952069183888837,0.085208406676041779,10k
Reverse,10000,ALL,500,frozen-single-direct,4.0745000000000005,4.0279999999999996,4.1392500000000005,0.11125000000000096,0.05200000000000049,42.723500000000001,0.09536905918288531,0.096296467224421492,0.093859394166968951,0.097800573778349734,10k
Reverse,10000,ALL,500,frozen-deferred-direct,4.0244999999999997,4.0049999999999999,4.069,0.064000000000000057,0.026499999999999524,42.723500000000001,0.094198743080506034,0.09542025194819706,0.093426855577162238,0.096689884909176807,10k
Reverse,10000,ALL,500,frozen-live-direct,4.0860000000000003,4.024,4.165,0.14100000000000001,0.066999999999999282,42.723500000000001,0.095638231886432529,0.096288878288420143,0.093949680552221776,0.098263456082019751,10k
Reverse,10000,ALL,500,avx2-direct,4.0430000000000001,4.0197500000000002,4.1072500000000005,0.087500000000000355,0.031000000000000583,42.723500000000001,0.094631760038386373,0.09592854612202642,0.09382345116460547,0.0972140801215612,10k
Reverse,10000,ALL,500,linked-direct,3.5470000000000002,3.5197500000000002,3.6172499999999999,0.097499999999999698,0.036000000000000032,42.723500000000001,0.083022224302784178,0.083963007871837109,0.081944805258404668,0.085424544026928367,10k
Reverse,10000,ALL,500,indexed-direct,3.5219999999999998,3.4940000000000002,3.585,0.090999999999999748,0.03300000000000014,42.723500000000001,0.082437066251594554,0.083481266931862211,0.081536831299578325,0.084601587386793853,10k
Reverse,10000,ALL,500,std::sort,42.723500000000001,41.64575,43.111499999999999,1.4657499999999999,0.97350000000000136,42.723500000000001,1,1,1,1,10k
Sorted+Noise(5%),10000,ALL,500,physical,151.41800000000001,142.07925,187.85900000000001,45.779750000000007,14.741,188.75900000000001,0.80217632006950657,0.80030820153117876,0.70301395487846152,0.94113849932717686,10k
Sorted+Noise(5%),10000,ALL,500,simulated,101.2945,97.439750000000004,111.40950000000001,13.969750000000005,4.6649999999999991,188.75900000000001,0.53663401480194317,0.53958136219062458,0.48417565165932192,0.58251879891662406,10k
Sorted+Noise(5%),10000,ALL,500,simulated-inplace,139.95400000000001,130.82625000000002,149.93800000000002,19.111750000000001,9.3195000000000192,188.75900000000001,0.74144279213176589,0.72471755880563937,0.61149099486887293,0.81617222398220879,10k
Sorted+Noise(5%),10000,ALL,500,frozen-single,133.404,119.5365,148.15099999999998,28.614499999999978,14.110999999999997,188.75900000000001,0.70674245996217389,0.68118813455331884,0.5883266719489455,0.76421982182523418,10k
Sorted+Noise(5%),10000,ALL,500,frozen-deferred,129.44749999999999,122.33775,142.7105,20.372749999999996,8.7679999999999936,188.75900000000001,0.6857818700035494,0.67796712584420726,0.57922525700519456,0.74990901181492786,10k
Sorted+Noise(5%),10000,ALL,500,frozen-live,137.63049999999998,127.58800000000001,149.70349999999999,22.115499999999983,10.433499999999988,188.75900000000001,0.72913344529267465,0.71107436205593122,0.59130489654344953,0.80110561497578092,10k
Sorted+Noise(5%),10000,ALL,500,avx2,110.197,105.6525,121.694,16.041499999999999,6.6230000000000047,188.75900000000001,0.58379732886908697,0.5844999888515815,0.52321044490715707,0.63872379704618121,10k
Sorted+Noise(5%),10000,ALL,500,linked,111.4485,105.41400000000002,122.97225,17.558249999999987,7.9635000000000034,188.75900000000001,0.59042747630576553,0.5844587388715059,0.52283311119278841,0.64873769371316126,10k
Sorted+Noise(5%),10000,ALL,500,indexed,127.483,121.343,136.85174999999998,15.508749999999978,7.0180000000000007,188.75900000000001,0.67537441923299013,0.67140553399107872,0.58813688242245399,0.72615617325774906,10k
Sorted+Noise(5%),10000,ALL,500,noalloc,140.952,133.33150000000001,150.38150000000002,17.050000000000011,7.9735000000000014,188.75900000000001,0.74672995724707159,0.73158238917399232,0.61751158208564882,0.80374571619135804,10k
Sorted+Noise(5%),10000,ALL,500,noalloc-low-run,139.78550000000001,132.08175,147.43099999999998,15.349249999999984,7.6970000000000027,188.75900000000001,0.74055011946450233,0.7244494161220888,0.62142373792613836,0.80124078214822814,10k
Sorted+Noise(5%),10000,ALL,500,physical-direct,149.2475,141.11275000000001,185.88225,44.769499999999994,13.513000000000005,188.75900000000001,0.79067753060781198,0.78796042146929701,0.69193634466925813,0.93203520281903951,10k
Sorted+Noise(5%),10000,ALL,500,simulated-direct,100.86199999999999,97.478249999999989,112.00425,14.52600000000001,4.7730000000000032,188.75900000000001,0.53434273332662274,0.53591416477313247,0.48598791928496632,0.5823823768931895,10k
Sorted+Noise(5%),10000,ALL,500,simulated-inplace-direct,138.47000000000003,130.92325,148.13575,17.212500000000006,7.9254999999999711,188.75900000000001,0.73358091534708292,0.72697839987601931,0.60911831811102646,0.80749441313567139,10k
Sorted+Noise(5%),10000,ALL,500,frozen-single-direct,134.54949999999999,120.61199999999999,145.86849999999998,25.256499999999988,13.277000000000001,188.75900000000001,0.71281104477137502,0.67913070320019697,0.58992853777582077,0.77059004030720912,10k
Sorted+Noise(5%),10000,ALL,500,frozen-deferred-direct,130.48099999999999,123.7885,140.97399999999999,17.18549999999999,7.498500000000007,188.75900000000001,0.6912571056214537,0.68586008936110732,0.59015054662397926,0.75157304314792517,10k
Sorted+Noise(5%),10000,ALL,500,frozen-live-direct,139.17000000000002,128.65549999999999,149.90975,21.254250000000013,10.577500000000015,188.75900000000001,0.73728934779268807,0.72100234794244555,0.60733086143366821,0.80643849280430624,10k
Sorted+Noise(5%),10000,ALL,500,avx2-direct,109.0945,104.20250000000001,119.80525,15.602749999999986,6.5150000000000006,188.75900000000001,0.57795654776725869,0.57280404228027471,0.52238757220189236,0.63225066479787395,10k
Sorted+Noise(5%),10000,ALL,500,linked-direct,110.70699999999999,105.78874999999999,124.28925,18.500500000000002,7.1969999999999956,188.75900000000001,0.58649918679374224,0.58652468126801205,0.53183824482884712,0.65092723497194549,10k
Sorted+Noise(5%),10000,ALL,500,indexed-direct,128.5395,123.71449999999999,136.75975,13.04525000000001,5.7900000000000063,188.75900000000001,0.6809715033455358,0.68071674205609145,0.60605420942174038,0.73493305097042461,10k
Sorted+Noise(5%),10000,ALL,500,std::sort,188.75900000000001,180.46550000000002,209.57625000000002,29.110749999999996,11.140000000000015,188.75900000000001,1,1,1,1,10k
Sorted+Noise(10%),10000,ALL,500,physical,222.02350000000001,202.37100000000001,260.4545,58.083499999999987,32.034999999999997,224.46600000000001,0.9891186193009186,0.97910783079530617,0.65199647438590147,1.1260120240722555,10k
Sorted+Noise(10%),10000,ALL,500,simulated,152.273,138.48000000000002,163.97425000000001,25.494249999999994,12.718999999999994,224.46600000000001,0.67837890816426538,0.66241242785283228,0.55174430197328173,0.72328494546126432,10k
Sorted+Noise(10%),10000,ALL,500,simulated-inplace,181.5925,168.42125000000001,204.42724999999999,36.005999999999972,19.231000000000009,224.46600000000001,0.80899779922126291,0.78916874189709629,0.5522215561611592,0.8968560484919389,10k
Sorted+Noise(10%),10000,ALL,500,frozen-single,176.4795,156.79849999999999,192.73000000000002,35.931500000000028,18.674000000000007,224.46600000000001,0.7862192937905963,0.75290900121309501,0.53918319930374303,0.85541238856876101,10k
Sorted+Noise(10%),10000,ALL,500,frozen-deferred,170.56549999999999,160.1575,187.53325000000001,27.375750000000011,14.904500000000013,224.46600000000001,0.75987231919310716,0.74581527519023572,0.51832593555566031,0.8145545361563642,10k
Sorted+Noise(10%),10000,ALL,500,frozen-live,182.1705,162.08475000000001,200.82525000000001,38.740499999999997,19.347499999999997,224.46600000000001,0.81157279944401373,0.77808880088128085,0.52118167910441016,0.8827539720224673,10k
Sorted+Noise(10%),10000,ALL,500,avx2,168.04500000000002,147.46224999999998,181.3665,33.904250000000019,17.089499999999987,224.46600000000001,0.74864344711448505,0.72922103682291173,0.53735385650057321,0.81002585158024631,10k
Sorted+Noise(10%),10000,ALL,500,linked,150.83949999999999,143.24225000000001,173.65025,30.407999999999987,15.483000000000004,224.46600000000001,0.67199264031078199,0.66633081883198497,0.57413769995253383,0.7451416818204778,10k
Sorted+Noise(10%),10000,ALL,500,indexed,183.101,167.12325000000001,194.65625,27.532999999999987,13.779499999999999,224.46600000000001,0.81571819340122775,0.79894383859148221,0.55175113040767476,0.87675771844787642,10k
Sorted+Noise(10%),10000,ALL,500,noalloc,133.3895,125.47075000000001,140.63300000000001,15.16225,7.6234999999999999,224.46600000000001,0.5942525816827493,0.58234934880867473,0.51259886171555324,0.63029060715658658,10k
Sorted+Noise(10%),10000,ALL,500,noalloc-low-run,133.6705,127.76175000000001,140.92099999999999,13.159249999999986,6.6209999999999951,224.46600000000001,0.59550444165263339,0.58790607695023067,0.52016693845607398,0.64196614235788108,10k
Sorted+Noise(10%),10000,ALL,500,physical-direct,218.35750000000002,202.74675000000002,262.61275000000001,59.865999999999985,30.674499999999995,224.46600000000001,0.97278652446250213,0.96341353357684012,0.65984586572560211,1.1237325505376485,10k
Sorted+Noise(10%),10000,ALL,500,simulated-direct,152.39699999999999,139.1105,163.09449999999998,23.98399999999998,12.361000000000004,224.46600000000001,0.6789313303573814,0.65416556655145375,0.5671406289318246,0.72357226133432806,10k
Sorted+Noise(10%),10000,ALL,500,simulated-inplace-direct,182.36500000000001,168.83725000000001,199.49349999999998,30.656249999999972,15.946999999999989,224.46600000000001,0.81243930038402257,0.78782064162789056,0.54979832071868884,0.88646029307656171,10k
Sorted+Noise(10%),10000,ALL,500,frozen-single-direct,177.613,158.46375,194.91325000000001,36.4495,18.814000000000007,224.46600000000001,0.79126905633815359,0.76175102493276503,0.52957569290677176,0.86098184320524396,10k
Sorted+Noise(10%),10000,ALL,500,frozen-deferred-direct,173.49349999999998,164.16425000000001,187.82474999999999,23.660499999999985,12.765000000000015,224.46600000000001,0.77291661097894548,0.75866879602039872,0.52531625904904444,0.83374970884680333,10k
Sorted+Noise(10%),10000,ALL,500,frozen-live-direct,183.12700000000001,167.06975,202.86924999999999,35.799499999999995,18.121500000000012,224.46600000000001,0.81583402386107473,0.79007576309471228,0.55208971546669616,0.90035700137624364,10k
Sorted+Noise(10%),10000,ALL,500,avx2-direct,165.708,148.58250000000001,180.41049999999998,31.827999999999975,16.350499999999997,224.46600000000001,0.73823207078132091,0.72344786204802736,0.56101319617371381,0.80512466952167938,10k
Sorted+Noise(10%),10000,ALL,500,linked-direct,150.6285,143.351,171.46449999999999,28.113499999999988,15.478499999999997,224.46600000000001,0.67105263157894735,0.66531103292287197,0.57926079402947195,0.74618740608118039,10k
Sorted+Noise(10%),10000,ALL,500,indexed-direct,185.20249999999999,169.46625,201.32825,31.861999999999995,15.975500000000011,224.46600000000001,0.82508041306923985,0.80646430378725986,0.59391040231718562,0.88237117606772542,10k
Sorted+Noise(10%),10000,ALL,500,std::sort,224.46600000000001,217.20524999999998,240.22550000000001,23.020250000000033,9.2414999999999878,224.46600000000001,1,1,1,1,10k
Random%25,10000,ALL,500,physical,11.484999999999999,11.11375,12.214500000000001,1.1007500000000014,0.45549999999999979,220.678,0.052044154831927057,0.051786108430602662,0.048546928936787831,0.055036148905313338,10k
Random%25,10000,ALL,500,simulated,10.7775,10.38175,11.277749999999999,0.89599999999999902,0.4269999999999996,220.678,0.048838126138536692,0.048516267575537675,0.045314486599720268,0.051261926889206846,10k
Random%25,10000,ALL,500,simulated-inplace,10.4435,10.200749999999999,10.794,0.59325000000000117,0.27650000000000041,220.678,0.047324608705897282,0.047446494835911512,0.044113077715057632,0.04946071044206414,10k
Random%25,10000,ALL,500,frozen-single,10.211,10.124000000000001,10.626749999999999,0.50274999999999892,0.1194999999999995,220.678,0.046271037439164761,0.046729264413911113,0.043208840467054518,0.048651455695354361,10k
Random%25,10000,ALL,500,frozen-deferred,10.192499999999999,10.114750000000001,10.417249999999999,0.30249999999999844,0.094499999999998252,220.678,0.046187204886758079,0.04657112131972279,0.044001849003359676,0.048407364716610467,10k
Random%25,10000,ALL,500,frozen-live,10.236000000000001,10.141999999999999,10.5405,0.3985000000000003,0.12199999999999989,220.678,0.046384324672146753,0.046741476548385369,0.044163925248981543,0.048900017150826772,10k
Random%25,10000,ALL,500,avx2,10.221,10.118,10.693249999999999,0.57524999999999871,0.13549999999999951,220.678,0.046316352332357556,0.046750827309550949,0.044453150589129575,0.048741530910629868,10k
Random%25,10000,ALL,500,linked,11.7425,11.47875,12.210750000000001,0.73200000000000109,0.29849999999999888,220.678,0.053211013331641577,0.053309380681899277,0.050567349058182574,0.056063376105531249,10k
Random%25,10000,ALL,500,indexed,10.4405,10.29975,10.91925,0.61950000000000038,0.20549999999999979,220.678,0.047311014237939444,0.047632323932805476,0.044953950799354811,0.050044352639154403,10k
Random%25,10000,ALL,500,noalloc,10.471499999999999,10.154,11.08475,0.93074999999999974,0.36899999999999977,220.678,0.047451490406837105,0.047502565978784453,0.04470239216307647,0.050237639668550313,10k
Random%25,10000,ALL,500,noalloc-low-run,10.649000000000001,10.148999999999999,11.4575,1.3085000000000004,0.54400000000000048,220.678,0.048255829761009256,0.047684466707502732,0.045004489364615347,0.051713773038367217,10k
Random%25,10000,ALL,500,physical-direct,11.506499999999999,11.078749999999999,12.281000000000001,1.2022500000000012,0.50250000000000039,220.678,0.05214158185229157,0.051654793181252052,0.048543587855158853,0.055487097912602514,10k
Random%25,10000,ALL,500,simulated-direct,10.83,10.4635,11.358750000000001,0.89525000000000077,0.40149999999999952,220.678,0.049076029327798878,0.048878583706063433,0.045503959142856994,0.051834678247172486,10k
Random%25,10000,ALL,500,simulated-inplace-direct,10.438000000000001,10.226750000000001,10.882249999999999,0.6554999999999982,0.2580000000000009,220.678,0.047299685514641247,0.047626540213597079,0.044693112687611516,0.04983626095171937,10k
Random%25,10000,ALL,500,frozen-single-direct,10.25,10.146750000000001,10.55625,0.40949999999999953,0.13100000000000023,220.678,0.046447765522616667,0.046938088566181396,0.04421322122348037,0.048817229223047799,10k
Random%25,10000,ALL,500,frozen-deferred-direct,10.228,10.13875,10.5245,0.38574999999999982,0.1194999999999995,220.678,0.046348072757592507,0.046776845925890501,0.044313181620127422,0.048835444321388116,10k
Random%25,10000,ALL,500,frozen-live-direct,10.423999999999999,10.224,10.863,0.63899999999999935,0.24399999999999977,220.678,0.047236244664171326,0.047559572844782516,0.044800125872414033,0.049915916496438478,10k
Random%25,10000,ALL,500,avx2-direct,10.728999999999999,10.154250000000001,11.181749999999999,1.0274999999999981,0.54699999999999882,220.678,0.048618348906551624,0.047629927581005996,0.044937740139806587,0.050988466314526332,10k
Random%25,10000,ALL,500,linked-direct,11.734,11.5025,12.10275,0.60025000000000084,0.26499999999999968,220.678,0.053172495672427704,0.053418982208156954,0.050160384318241033,0.055321600281050792,10k
Random%25,10000,ALL,500,indexed-direct,11.019500000000001,10.362500000000001,11.682500000000001,1.3200000000000003,0.65949999999999953,220.678,0.049934746553802374,0.048935344267108369,0.046221225398567038,0.05321918751414121,10k
Random%25,10000,ALL,500,std::sort,220.678,215.16250000000002,241.49574999999999,26.333249999999964,7.7740000000000009,220.678,1,1,1,1,10k
Alternating,10000,ALL,500,physical,73.533000000000001,71.229500000000002,78.734250000000003,7.5047500000000014,2.9705000000000013,192.744,0.38150603909849334,0.38660657810222154,0.36694899112724688,0.4137642069714238,10k
Alternating,10000,ALL,500,simulated,33.610500000000002,32.548249999999996,34.438250000000004,1.8900000000000077,0.9789999999999992,192.744,0.17437896899514382,0.17467248083565168,0.16383857782537858,0.18646388340978071,10k
Alternating,10000,ALL,500,simulated-inplace,74.793499999999995,72.771000000000001,76.979749999999996,4.2087499999999949,2.0619999999999976,192.744,0.38804580168513675,0.3890590927455303,0.36209480720597409,0.42419247923948494,10k
Alternating,10000,ALL,500,frozen-single,52.5595,51.59975,53.918500000000002,2.3187500000000014,1.1074999999999982,192.744,0.27269071929606109,0.27532915589882645,0.25889735909379386,0.29356064375360313,10k
Alternating,10000,ALL,500,frozen-deferred,53.229500000000002,52.951499999999996,53.877000000000002,0.92550000000000665,0.35449999999999804,192.744,0.27616683268999292,0.27893124981944906,0.26065823593891246,0.30055950589544589,10k
Alternating,10000,ALL,500,frozen-live,58.8185,58.139000000000003,60.026000000000003,1.8870000000000005,0.84950000000000259,192.744,0.30516384427011994,0.3085855767811474,0.29114204916593361,0.3297263605369351,10k
Alternating,10000,ALL,500,avx2,32.6205,32.177,34.14575,1.96875,0.60350000000000037,192.744,0.16924262233843854,0.17204383400865364,0.15960945924757863,0.18375800603633863,10k
Alternating,10000,ALL,500,linked,44.231999999999999,43.623750000000001,44.804249999999996,1.180499999999995,0.59050000000000225,192.744,0.22948574274685593,0.23122963589441958,0.22051759000316057,0.24607064129927644,10k
Alternating,10000,ALL,500,indexed,51.521000000000001,50.994,52.073750000000004,1.0797500000000042,0.53550000000000253,192.744,0.26730274353546674,0.26956348433168975,0.25504990560000362,0.28732024786481342,10k
Alternating,10000,ALL,500,noalloc,168.69150000000002,157.73650000000001,183.75874999999999,26.022249999999985,11.177500000000023,192.744,0.87521012327231984,0.87745554169122497,0.80266577573236753,0.98094036317921618,10k
Alternating,10000,ALL,500,noalloc-low-run,170.691,159.40774999999999,172.82024999999999,13.412499999999994,10.936999999999998,192.744,0.8855839870501806,0.88574458841708448,0.81165212140789056,0.94966096455056315,10k
Alternating,10000,ALL,500,physical-direct,73.619499999999988,71.382750000000001,77.852500000000006,6.4697500000000048,2.7844999999999942,192.744,0.38195482090233673,0.38357656189811529,0.35530248256497321,0.41768730345185301,10k
Alternating,10000,ALL,500,simulated-direct,33.567499999999995,32.625,34.517499999999998,1.8924999999999983,0.94549999999999912,192.744,0.17415587515045861,0.17597507673930046,0.16457721514021703,0.18615748637115043,10k
Alternating,10000,ALL,500,simulated-inplace-direct,74.816499999999991,73.137,76.862749999999991,3.7257499999999908,1.8535000000000039,192.744,0.38816513095089855,0.39228617666450982,0.36837907538365217,0.42456944599267404,10k
Alternating,10000,ALL,500,frozen-single-direct,52.594499999999996,51.472249999999995,53.858000000000004,2.3857500000000087,1.1694999999999958,192.744,0.27287230730917694,0.2753241329475819,0.25919099591859956,0.29674947590394973,10k
Alternating,10000,ALL,500,frozen-deferred-direct,53.240499999999997,52.981999999999999,53.793749999999996,0.81174999999999642,0.33849999999999625,192.744,0.27622390320840079,0.2800229903455228,0.26320324363272496,0.29995516097915775,10k
Alternating,10000,ALL,500,frozen-live-direct,59.232500000000002,58.235500000000002,60.008000000000003,1.7725000000000009,0.90499999999999758,192.744,0.30731177105383306,0.30803679321634581,0.29090960201019928,0.32968233057483209,10k
Alternating,10000,ALL,500,avx2-direct,33.811499999999995,33.611999999999995,34.005250000000004,0.39325000000000898,0.19600000000000151,192.744,0.17542180301332336,0.17622868638522615,0.16577100724274502,0.18725060338263116,10k
Alternating,10000,ALL,500,linked-direct,43.632999999999996,43.222000000000001,44.096249999999998,0.87424999999999642,0.4164999999999992,192.744,0.2263779936081019,0.22784416692601317,0.21704273941638774,0.24400111166487531,10k
Alternating,10000,ALL,500,indexed-direct,51.599499999999999,51.049999999999997,52.3645,1.3145000000000024,0.62599999999999767,192.744,0.26771001950774082,0.26946054138182285,0.25767004045921438,0.29164628376404256,10k
Alternating,10000,ALL,500,std::sort,192.744,183.14425,206.00049999999999,22.856249999999989,10.463999999999999,192.744,1,1,1,1,10k
Sawtooth,10000,ALL,500,physical,143.48950000000002,140.02249999999998,148.98649999999998,8.9639999999999986,4.0665000000000049,222.36200000000002,0.64529685827614436,0.64216916754137343,0.60644259326870564,0.67098325739400466,10k
Sawtooth,10000,ALL,500,simulated,83.929000000000002,82.418000000000006,85.549250000000001,3.1312499999999943,1.5844999999999985,222.36200000000002,0.37744308829746087,0.3756876724224435,0.35663163917171381,0.39277259566281597,10k
Sawtooth,10000,ALL,500,simulated-inplace,130.47550000000001,129.21050000000002,132.93675000000002,3.7262499999999932,1.5685000000000002,222.36200000000002,0.58677067124778515,0.59177655389794981,0.55735458911764557,0.60589160357329075,10k
Sawtooth,10000,ALL,500,frozen-single,173.29300000000001,169.79249999999999,184.02500000000001,14.232500000000016,4.2724999999999937,222.36200000000002,0.77932830249772889,0.78066567481536742,0.73848678265816137,0.81876838656742656,10k
Sawtooth,10000,ALL,500,frozen-deferred,142.3725,141.19324999999998,145.947,4.753750000000025,1.4885000000000019,222.36200000000002,0.64027351795720489,0.64557378456653658,0.61234081387680273,0.67083096113115359,10k
Sawtooth,10000,ALL,500,frozen-live,114.03149999999999,111.69925000000001,115.8685,4.169249999999991,2.1779999999999902,222.36200000000002,0.51281918673154581,0.51291141479898072,0.47832670770003471,0.52814403086939199,10k
Sawtooth,10000,ALL,500,avx2,84.634,83.951999999999998,85.761750000000006,1.8097500000000082,0.79050000000000153,222.36200000000002,0.38061359404934292,0.38159206951360714,0.35259093526331342,0.39276377457888778,10k
Sawtooth,10000,ALL,500,linked,82.283999999999992,81.537000000000006,83.197000000000003,1.6599999999999966,0.82200000000000273,222.36200000000002,0.37004524154306934,0.3720786517365926,0.34239203364276927,0.38068174434320473,10k
Sawtooth,10000,ALL,500,indexed,103.89250000000001,102.48050000000001,106.089,3.6084999999999923,1.7295000000000087,222.36200000000002,0.46722236713107457,0.46926116851810878,0.43688737930210098,0.48282713457706616,10k
Sawtooth,10000,ALL,500,noalloc,215.05599999999998,213.74824999999998,238.11150000000001,24.363250000000022,1.8155000000000001,222.36200000000002,0.96714366663368723,0.97717567591046239,0.92138235318141393,1.021760008431166,10k
Sawtooth,10000,ALL,500,noalloc-low-run,104.62649999999999,103.70725,105.66374999999999,1.9564999999999912,0.98400000000000176,222.36200000000002,0.47052329085005523,0.47209349365334541,0.43286871141240496,0.48406080579301514,10k
Sawtooth,10000,ALL,500,physical-direct,59.909499999999994,58.116,60.677,2.5609999999999999,1.5559999999999938,222.36200000000002,0.26942328275514693,0.26725780979793012,0.24854543322308004,0.27899291689618344,10k
Sawtooth,10000,ALL,500,simulated-direct,58.3185,57.933499999999995,58.955750000000002,1.0222500000000068,0.46450000000000102,222.36200000000002,0.26226828324983581,0.26335088756157732,0.2423045894877123,0.27136707092715207,10k
Sawtooth,10000,ALL,500,simulated-inplace-direct,58.034499999999994,57.765749999999997,58.522500000000001,0.75675000000000381,0.3230000000000004,222.36200000000002,0.26099108660652443,0.26214791549894512,0.24226168226380726,0.26930501999241541,10k
Sawtooth,10000,ALL,500,frozen-single-direct,57.968000000000004,57.710749999999997,58.480999999999995,0.77024999999999721,0.33050000000000068,222.36200000000002,0.26069202471645336,0.26232729717536413,0.24070890125904604,0.26906774376540094,10k
Sawtooth,10000,ALL,500,frozen-deferred-direct,57.926500000000004,57.66075,58.429000000000002,0.76825000000000188,0.33549999999999969,222.36200000000002,0.26050539210836382,0.2619030212115786,0.24050509689585187,0.26882960696123659,10k
Sawtooth,10000,ALL,500,frozen-live-direct,57.980499999999999,57.666499999999999,58.440249999999999,0.77374999999999972,0.36499999999999844,222.36200000000002,0.26074823935744412,0.26153957929219696,0.24023663986679847,0.26856724123652487,10k
Sawtooth,10000,ALL,500,avx2-direct,58.070499999999996,57.757999999999996,58.805250000000001,1.0472500000000053,0.3764999999999965,222.36200000000002,0.26115298477257798,0.26376848476224635,0.2439959432343857,0.27017434402804841,10k
Sawtooth,10000,ALL,500,linked-direct,58.43,57.932000000000002,58.9345,1.0024999999999977,0.50150000000000006,222.36200000000002,0.26276971784747388,0.26392695334931748,0.24094011029667758,0.27027858464197502,10k
Sawtooth,10000,ALL,500,indexed-direct,60.007999999999996,57.980500000000006,60.871249999999996,2.8907499999999899,1.5835000000000043,222.36200000000002,0.26986625412615461,0.26767280028458035,0.24811069924323637,0.27593712424960315,10k
Sawtooth,10000,ALL,500,std::sort,222.36200000000002,217.49150000000003,245.92374999999998,28.432249999999954,6.0125000000000171,222.36200000000002,1,1,1,1,10k
MixedDirectionRuns,10000,ALL,500,physical,71.751499999999993,68.643249999999995,76.0505,7.4072500000000048,3.472999999999999,205.17000000000002,0.34971730759857672,0.3517292158854165,0.30530693786675889,0.41051726165035279,10k
MixedDirectionRuns,10000,ALL,500,simulated,33.769999999999996,32.172749999999994,35.525000000000006,3.3522500000000122,1.6885000000000048,205.17000000000002,0.16459521372520347,0.16402917590163082,0.14339273506412964,0.19064974124005155,10k
MixedDirectionRuns,10000,ALL,500,simulated-inplace,74.350499999999997,70.625,78.916500000000013,8.2915000000000134,4.1199999999999974,205.17000000000002,0.3623848515864892,0.365943484169794,0.31702667651847177,0.41451055057976255,10k
MixedDirectionRuns,10000,ALL,500,frozen-single,80.3005,69.285749999999993,111.19200000000001,41.906250000000014,13.813000000000002,205.17000000000002,0.3913851927669737,0.39925187181880473,0.32186878587371259,0.53396239424340397,10k
MixedDirectionRuns,10000,ALL,500,frozen-deferred,81.544000000000011,71.457999999999998,93.930250000000001,22.472250000000003,10.746000000000002,205.17000000000002,0.39744602037334897,0.39943387436996103,0.33828089863080868,0.46513319223093613,10k
MixedDirectionRuns,10000,ALL,500,frozen-live,73.857500000000002,70.407749999999993,81.307000000000002,10.899250000000009,4.1644999999999968,205.17000000000002,0.35998196617439193,0.3656360296538681,0.31484094187406247,0.43300227203985492,10k
MixedDirectionRuns,10000,ALL,500,avx2,37.390000000000001,36.106499999999997,39.167000000000002,3.0605000000000047,1.5309999999999988,205.17000000000002,0.18223911877954865,0.18357167825579035,0.15897718846888725,0.20793739671175421,10k
MixedDirectionRuns,10000,ALL,500,linked,41.113,39.813250000000004,42.595750000000002,2.7824999999999989,1.3870000000000005,205.17000000000002,0.20038504654676609,0.20277842215673056,0.1750798099535999,0.2282338971611777,10k
MixedDirectionRuns,10000,ALL,500,indexed,53.797499999999999,51.757999999999996,56.164249999999996,4.40625,2.2609999999999992,205.17000000000002,0.26220938733733001,0.26519211770732021,0.22484192134698597,0.29749285984691543,10k
MixedDirectionRuns,10000,ALL,500,noalloc,241.46899999999999,233.34174999999999,267.3005,33.958750000000009,11.698999999999998,205.17000000000002,1.1769215772286394,1.2056157096536273,1.0459034826240441,1.4001248524904102,10k
MixedDirectionRuns,10000,ALL,500,noalloc-low-run,142.83699999999999,131.41925000000001,158.97399999999999,27.554749999999984,13.23299999999999,205.17000000000002,0.69618852658770769,0.69481892819627356,0.59219148246781761,0.83932033563681052,10k
MixedDirectionRuns,10000,ALL,500,physical-direct,65.772999999999996,13.937250000000001,72.472499999999997,58.535249999999998,32.65100000000001,205.17000000000002,0.32057805722084121,0.25796823102128363,0.062606203192041174,0.37160063698697371,10k
MixedDirectionRuns,10000,ALL,500,simulated-direct,30.635999999999999,11.918749999999999,34.045999999999999,22.12725,7.9670000000000005,205.17000000000002,0.14932007603450795,0.11034118328313103,0.055799826392759419,0.17283912492552084,10k
MixedDirectionRuns,10000,ALL,500,simulated-inplace-direct,66.13900000000001,11.14175,75.632500000000007,64.490750000000006,33.99049999999999,205.17000000000002,0.32236194375396016,0.25289754331102843,0.053902099732146075,0.38282365268356605,10k
MixedDirectionRuns,10000,ALL,500,frozen-single-direct,65.907499999999999,11.024000000000001,86.972499999999997,75.948499999999996,53.472000000000001,205.17000000000002,0.32123361115172783,0.27668154296030067,0.053625422060983044,0.4133504427188831,10k
MixedDirectionRuns,10000,ALL,500,frozen-deferred-direct,68.376999999999995,11.03525,83.919499999999999,72.884249999999994,46.229500000000002,205.17000000000002,0.33326997124335911,0.2618937742265659,0.053575794902240473,0.41104049591664016,10k
MixedDirectionRuns,10000,ALL,500,frozen-live-direct,67.400499999999994,11.057500000000001,74.483500000000006,63.426000000000002,49.493499999999997,205.17000000000002,0.3285105034849149,0.24669541588877086,0.053029552910406647,0.37622749540519107,10k
MixedDirectionRuns,10000,ALL,500,avx2-direct,34.613500000000002,11.171250000000001,37.473999999999997,26.302749999999996,9.9059999999999988,205.17000000000002,0.16870643856314277,0.13208355035504846,0.052944329382488289,0.18910023840754628,10k
MixedDirectionRuns,10000,ALL,500,linked-direct,40.140999999999998,12.041,43.336250000000007,31.295250000000006,23.192999999999998,205.17000000000002,0.19564751181946677,0.15154004214912534,0.056752983141544512,0.21984207218633303,10k
MixedDirectionRuns,10000,ALL,500,indexed-direct,50.208500000000001,13.516999999999999,55.531999999999996,42.015000000000001,19.003500000000003,205.17000000000002,0.24471657649753861,0.17585200689597463,0.062022786966429322,0.27581336431830655,10k
MixedDirectionRuns,10000,ALL,500,std::sort,205.17000000000002,184.60174999999998,232.69625000000002,48.094500000000039,23.481499999999997,205.17000000000002,1,1,1,1,10k
BlockSorted,10000,ALL,500,physical,69.460999999999999,66.707750000000004,73.538250000000005,6.8305000000000007,3.3130000000000024,213.41649999999998,0.32547155444869541,0.33078477898572384,0.27809292323174528,0.38344196294206029,10k
BlockSorted,10000,ALL,500,simulated,29.327000000000002,28.188500000000001,30.500250000000001,2.31175,1.1615000000000002,213.41649999999998,0.13741674144220342,0.13790404132436995,0.1143525744998623,0.15799906775288311,10k
BlockSorted,10000,ALL,500,simulated-inplace,69.159999999999997,65.009500000000003,73.357250000000008,8.3477500000000049,4.1705000000000041,213.41649999999998,0.3240611667795133,0.32503025475567049,0.26406879664187455,0.38470213390165808,10k
BlockSorted,10000,ALL,500,frozen-single,70.154499999999999,65.585250000000002,96.532750000000007,30.947500000000005,7.285499999999999,213.41649999999998,0.32872106889579766,0.34782991533367125,0.2837982925797562,0.45382413503281549,10k
BlockSorted,10000,ALL,500,frozen-deferred,71.740000000000009,64.962500000000006,81.860250000000008,16.897750000000002,7.5385000000000062,213.41649999999998,0.3361502039439313,0.33772706778982792,0.2739283661061731,0.41056782210429055,10k
BlockSorted,10000,ALL,500,frozen-live,67.419000000000011,64.493499999999997,70.352249999999998,5.8587500000000006,2.9280000000000115,213.41649999999998,0.31590340953019103,0.31268175974420453,0.26368478400849232,0.36702899167100939,10k
BlockSorted,10000,ALL,500,avx2,31.358499999999999,30.332749999999997,32.780500000000004,2.4477500000000063,1.1679999999999993,213.41649999999998,0.14693568679085264,0.15227478361788299,0.12302151623683009,0.18126413781385742,10k
BlockSorted,10000,ALL,500,linked,37.155999999999999,36.103250000000003,38.118000000000002,2.0147499999999994,0.99900000000000233,213.41649999999998,0.17410087786089642,0.17450681998975531,0.14395994317930594,0.200345490924033,10k
BlockSorted,10000,ALL,500,indexed,47.512500000000003,45.918999999999997,49.428249999999998,3.5092500000000015,1.770500000000002,213.41649999999998,0.22262805359473145,0.22142276740251637,0.18208999499866554,0.25752096995695473,10k
BlockSorted,10000,ALL,500,noalloc,261.0675,250.66575,283.99599999999998,33.330249999999978,12.063999999999993,213.41649999999998,1.223277019349488,1.2638127762530376,1.0290209092553013,1.45643460708475,10k
BlockSorted,10000,ALL,500,noalloc-low-run,113.69,107.97775,124.7015,16.723749999999995,7.0810000000000031,213.41649999999998,0.53271419969871125,0.55589518559582918,0.45150323015918675,0.648264870286406,10k
BlockSorted,10000,ALL,500,physical-direct,10.003,7.7927499999999998,11.025500000000001,3.2327500000000011,1.8155000000000001,213.41649999999998,0.046870790215376976,0.042454185258662028,0.035160832047119638,0.052146913830297195,10k
BlockSorted,10000,ALL,500,simulated-direct,8.5730000000000004,7.7930000000000001,9.1007499999999997,1.3077499999999995,0.71849999999999969,213.41649999999998,0.040170277368432157,0.039482944877151531,0.032203145678151066,0.045806321522982994,10k
BlockSorted,10000,ALL,500,simulated-inplace-direct,7.9210000000000003,7.77325,8.0955000000000013,0.32225000000000126,0.15399999999999991,213.41649999999998,0.037115218364090881,0.037588436416696583,0.0313414716039895,0.0429317425647429,10k
BlockSorted,10000,ALL,500,frozen-single-direct,7.8484999999999996,7.742,7.9684999999999997,0.2264999999999997,0.10949999999999971,213.41649999999998,0.03677550704842409,0.037467806656713495,0.030574827065757312,0.042600574432568566,10k
BlockSorted,10000,ALL,500,frozen-deferred-direct,7.8200000000000003,7.7387499999999996,7.9429999999999996,0.20425000000000004,0.095500000000000362,213.41649999999998,0.036641965358817155,0.03747839354964478,0.030583634378540392,0.042961205202405164,10k
BlockSorted,10000,ALL,500,frozen-live-direct,7.8264999999999993,7.7379999999999995,7.9794999999999998,0.24150000000000027,0.10650000000000048,213.41649999999998,0.036672422235394173,0.037334720274968231,0.03119751079614062,0.042982655692843694,10k
BlockSorted,10000,ALL,500,avx2-direct,7.8810000000000002,7.7717500000000008,8.0542499999999997,0.28249999999999886,0.13699999999999957,213.41649999999998,0.036927791431309205,0.037932972967588519,0.030896280632931053,0.043831399404154175,10k
BlockSorted,10000,ALL,500,linked-direct,8.4740000000000002,7.7779999999999996,8.9710000000000001,1.1930000000000005,0.63300000000000001,213.41649999999998,0.039706395709797511,0.038796150294805432,0.032288972782304609,0.046263608627784072,10k
BlockSorted,10000,ALL,500,indexed-direct,9.609,7.8280000000000003,10.904249999999999,3.076249999999999,1.6875,213.41649999999998,0.045024634927477492,0.041340007531816617,0.034201127643973116,0.052401733967096832,10k
BlockSorted,10000,ALL,500,std::sort,213.41649999999998,189.07300000000001,258.29499999999996,69.221999999999952,31.861499999999978,213.41649999999998,1,1,1,1,10k
OrganPipe,10000,ALL,500,physical,28.093499999999999,27.434749999999998,29.491499999999998,2.056750000000001,0.88949999999999818,450.98599999999999,0.062293508002465706,0.062003685360270192,0.056614629879592572,0.065479248506055701,10k
OrganPipe,10000,ALL,500,simulated,20.689,20.302999999999997,21.5975,1.2945000000000029,0.49499999999999922,450.98599999999999,0.045875038249524373,0.045780261129221324,0.041153414382703687,0.047865863599937157,10k
OrganPipe,10000,ALL,500,simulated-inplace,43.508000000000003,41.339500000000001,46.393749999999997,5.0542499999999961,2.4370000000000012,450.98599999999999,0.096473061248021005,0.09390330117456519,0.081202602968891729,0.10194161456993922,10k
OrganPipe,10000,ALL,500,frozen-single,34.287999999999997,30.657499999999999,36.508499999999998,5.8509999999999991,2.8539999999999957,450.98599999999999,0.076028967639793693,0.070851661109600284,0.063350230564794968,0.079748405342774498,10k
OrganPipe,10000,ALL,500,frozen-deferred,37.783000000000001,37.052499999999995,39.515000000000001,2.4625000000000057,0.94950000000000045,450.98599999999999,0.083778653882825641,0.08284234725951839,0.071125345358112962,0.087720552301024837,10k
OrganPipe,10000,ALL,500,frozen-live,39.945999999999998,39.259250000000002,41.279499999999999,2.0202499999999972,1.089500000000001,450.98599999999999,0.08857481163495097,0.086358117733494,0.075801941817824167,0.091803850494609318,10k
OrganPipe,10000,ALL,500,avx2,21.765000000000001,21.319500000000001,22.233499999999999,0.91399999999999793,0.45350000000000001,450.98599999999999,0.048260921625061536,0.047829280786581781,0.043212193195103651,0.049812538253928645,10k
OrganPipe,10000,ALL,500,linked,17.482500000000002,16.946749999999998,18.9895,2.0427500000000016,0.77650000000000219,450.98599999999999,0.038765061443149014,0.038283772186429643,0.035218576376119845,0.040907064212100899,10k
OrganPipe,10000,ALL,500,indexed,22.0185,21.081250000000001,23.004249999999999,1.9229999999999983,0.9504999999999999,450.98599999999999,0.048823023331101188,0.047764232022460759,0.043655743024627894,0.050587027810881285,10k
OrganPipe,10000,ALL,500,noalloc,240.024,235.23575,271.43200000000002,36.19625000000002,7.6705000000000041,450.98599999999999,0.53222051238841117,0.53413907435120067,0.49497262206081433,0.56913171482607172,10k
OrganPipe,10000,ALL,500,noalloc-low-run,75.828499999999991,75.087249999999997,77.700249999999997,2.6129999999999995,0.98449999999998994,450.98599999999999,0.1681393657452781,0.16899437554200936,0.1514923816295706,0.1749415723278348,10k
OrganPipe,10000,ALL,500,physical-direct,15.170999999999999,14.938000000000001,15.7135,0.77549999999999919,0.25450000000000017,450.98599999999999,0.033639625176834755,0.033696743082766281,0.029597632778236019,0.03496467929924877,10k
OrganPipe,10000,ALL,500,simulated-direct,15.005500000000001,14.937749999999999,15.086,0.14825000000000088,0.071500000000002117,450.98599999999999,0.033272651479203351,0.03346875145108659,0.028896456599797091,0.034564446595052818,10k
OrganPipe,10000,ALL,500,simulated-inplace-direct,14.975,14.933999999999999,15.04175,0.10775000000000112,0.048000000000000043,450.98599999999999,0.033205021885380034,0.033429290802602388,0.029136855444016299,0.034538852990127628,10k
OrganPipe,10000,ALL,500,frozen-single-direct,14.967500000000001,14.939,15.027750000000001,0.088750000000000995,0.034500000000001307,450.98599999999999,0.033188391657390695,0.033390519111288798,0.029146543436162117,0.034488284352953112,10k
OrganPipe,10000,ALL,500,frozen-deferred-direct,14.949999999999999,14.923,15.013,0.089999999999999858,0.034000000000000696,450.98599999999999,0.033149587792082234,0.03332063825333402,0.028741279977312125,0.034493952016346217,10k
OrganPipe,10000,ALL,500,frozen-live-direct,14.970500000000001,14.94075,15.042999999999999,0.10224999999999973,0.040499999999999758,450.98599999999999,0.033195043748586436,0.033442593552674774,0.029132360926190631,0.034542044100373419,10k
OrganPipe,10000,ALL,500,avx2-direct,14.962,14.930999999999999,15.029500000000001,0.098500000000001364,0.039999999999999147,450.98599999999999,0.033176196156865179,0.033350702634796697,0.028862412131989392,0.034522655035777498,10k
OrganPipe,10000,ALL,500,linked-direct,14.996,14.94275,15.077999999999999,0.1352499999999992,0.060000000000000497,450.98599999999999,0.033251586523750182,0.033383017591380584,0.029002051958551184,0.034472461440440021,10k
OrganPipe,10000,ALL,500,indexed-direct,15.349499999999999,14.987500000000001,15.897,0.90949999999999953,0.38949999999999818,450.98599999999999,0.034035424602981021,0.03397377141609903,0.030699152681785479,0.035168369162664886,10k
OrganPipe,10000,ALL,500,std::sort,450.98599999999999,438.92975000000001,527.154,88.224249999999984,19.216999999999985,450.98599999999999,1,1,1,1,10k
Rotated,10000,ALL,500,physical,15.892499999999998,15.3705,17.616250000000001,2.245750000000001,0.69349999999999845,151.50850000000003,0.10489510489510487,0.11794902907947824,0.059872054346082018,0.22469583916536046,10k
Rotated,10000,ALL,500,simulated,9.7175000000000011,9.4654999999999987,10.223000000000001,0.75750000000000206,0.32100000000000062,151.50850000000003,0.064138315672057994,0.068245839551450152,0.03370978367591447,0.13433507940826872,10k
Rotated,10000,ALL,500,simulated-inplace,20.175000000000001,19.623999999999999,20.830500000000001,1.2065000000000019,0.60899999999999999,151.50850000000003,0.13316084576112888,0.140799014601723,0.069376521398813243,0.26529934985937009,10k
Rotated,10000,ALL,500,frozen-single,24.283999999999999,23.138500000000001,26.35575,3.2172499999999999,1.5775000000000006,151.50850000000003,0.16028143635505596,0.16682317512863376,0.085701781267305835,0.32766446995261106,10k
Rotated,10000,ALL,500,frozen-deferred,39.7455,24.930250000000001,47.4255,22.495249999999999,13.843500000000001,151.50850000000003,0.26233181636673847,0.26909968173246412,0.088422354547161963,0.51337445578408158,10k
Rotated,10000,ALL,500,frozen-live,40.445,28.049249999999997,50.408750000000005,22.359500000000008,12.078999999999999,151.50850000000003,0.26694871904876621,0.27322219950429477,0.10054345096085074,0.54358742017221506,10k
Rotated,10000,ALL,500,avx2,10.202999999999999,9.9172499999999992,10.957750000000001,1.0405000000000015,0.36650000000000116,151.50850000000003,0.067342756347003624,0.071030592228785883,0.036834718872281111,0.1425691731985031,10k
Rotated,10000,ALL,500,linked,14.029,13.658000000000001,14.6905,1.0324999999999989,0.42649999999999988,151.50850000000003,0.092595464940910893,0.097463239297064783,0.048826087869928939,0.1983141042794371,10k
Rotated,10000,ALL,500,indexed,9.9154999999999998,9.5434999999999999,11.098000000000001,1.5545000000000009,0.47199999999999953,151.50850000000003,0.065445173043096577,0.072733675186587021,0.036671545743029402,0.13808868068177499,10k
Rotated,10000,ALL,500,noalloc,47.384500000000003,27.872250000000001,65.607499999999987,37.735249999999986,18.604499999999998,151.50850000000003,0.31275142978776765,0.35273500731200136,0.094478817321437009,0.71226288846314134,10k
Rotated,10000,ALL,500,noalloc-low-run,48.262,27.682750000000002,67.0505,39.367750000000001,19.140500000000003,151.50850000000003,0.31854318404577958,0.3654279153913722,0.098107602790490508,0.73562743435640576,10k
Rotated,10000,ALL,500,physical-direct,4.4215,4.3579999999999997,4.5372500000000002,0.17925000000000058,0.072499999999999787,151.50850000000003,0.029183181141652113,0.030078376560630289,0.015413210033847619,0.052202510339523667,10k
Rotated,10000,ALL,500,simulated-direct,4.3879999999999999,4.3540000000000001,4.4329999999999998,0.078999999999999737,0.038000000000000256,151.50850000000003,0.028962071434935989,0.029085454946156067,0.015169733004135405,0.050782548222805139,10k
Rotated,10000,ALL,500,simulated-inplace-direct,4.3719999999999999,4.3419999999999996,4.4100000000000001,0.068000000000000504,0.033999999999999808,151.50850000000003,0.028856466798892467,0.029517311542284368,0.015103385180972484,0.050966605172103385,10k
Rotated,10000,ALL,500,frozen-single-direct,4.3819999999999997,4.35175,4.4160000000000004,0.064250000000000362,0.032499999999999751,151.50850000000003,0.028922469696419664,0.029882310640955968,0.015091030137856617,0.051119781026055564,10k
Rotated,10000,ALL,500,frozen-deferred-direct,4.3704999999999998,4.3397500000000004,4.4059999999999997,0.066249999999999254,0.032499999999999751,151.50850000000003,0.028846566364263384,0.029800921933232312,0.01514061054975541,0.051412220417683716,10k
Rotated,10000,ALL,500,frozen-live-direct,4.3710000000000004,4.3410000000000002,4.4080000000000004,0.067000000000000171,0.033000000000000362,151.50850000000003,0.02884986650913975,0.029565833357353979,0.015189250440051179,0.050901003219711832,10k
Rotated,10000,ALL,500,avx2-direct,4.3719999999999999,4.3449999999999998,4.4100000000000001,0.065000000000000391,0.030499999999999972,151.50850000000003,0.028856466798892467,0.029649843223566834,0.015227294099679324,0.050943225709340893,10k
Rotated,10000,ALL,500,linked-direct,4.3895,4.3507499999999997,4.4307499999999997,0.080000000000000071,0.040000000000000036,151.50850000000003,0.028971971869565068,0.029981741923253875,0.015208420120104097,0.051479799071332447,10k
Rotated,10000,ALL,500,indexed-direct,4.4384999999999994,4.367,4.5672499999999996,0.20024999999999959,0.084000000000000075,151.50850000000003,0.029295386067448352,0.030417222134885628,0.015731393833423805,0.051893620029170348,10k
Rotated,10000,ALL,500,std::sort,151.50850000000003,88.042000000000002,299.09975000000003,211.05775000000003,76.333500000000029,151.50850000000003,1,1,1,1,10k
MixedPhase3,10000,ALL,500,physical,365.87599999999998,348.55175000000003,403.416,54.86424999999997,20.925499999999971,325.63549999999998,1.1235752858641026,1.1089539380407063,0.91451403386453711,1.243445035019431,10k
MixedPhase3,10000,ALL,500,simulated,242.78999999999999,236.58850000000001,262.21974999999998,25.631249999999966,9.4484999999999957,325.63549999999998,0.74558824206820207,0.74627933582775552,0.61678377983656729,0.81772129728627529,10k
MixedPhase3,10000,ALL,500,simulated-inplace,276.83150000000001,263.4905,295.70949999999999,32.218999999999994,14.863499999999988,325.63549999999998,0.85012690569670701,0.84030392832912093,0.68979882288758088,0.93178499707004814,10k
MixedPhase3,10000,ALL,500,frozen-single,272.79200000000003,258.95450000000005,296.15724999999998,37.202749999999924,17.832499999999996,325.63549999999998,0.83772193142332474,0.82313953576265697,0.67117307116507952,0.91632011891921805,10k
MixedPhase3,10000,ALL,500,frozen-deferred,265.66150000000005,256.798,287.29750000000001,30.499500000000012,11.189499999999995,325.63549999999998,0.81582474883727374,0.81267442866369466,0.65864969083768066,0.88612374653311998,10k
MixedPhase3,10000,ALL,500,frozen-live,297.91300000000001,273.79900000000004,389.78324999999995,115.98424999999992,75.848500000000001,325.63549999999998,0.91486646879716749,0.91340346387997506,0.74789520863718728,1.1726019182210192,10k
MixedPhase3,10000,ALL,500,avx2,239.12700000000001,230.88549999999998,258.94849999999997,28.062999999999988,10.990000000000009,325.63549999999998,0.73433946851617848,0.73181156962936955,0.60001732679417552,0.80975665692710108,10k
MixedPhase3,10000,ALL,500,linked,246.9365,236.51250000000002,271.37624999999997,34.863749999999953,13.818499999999986,325.63549999999998,0.75832180459440079,0.75316015945658332,0.62838035284121374,0.83344595312477687,10k
MixedPhase3,10000,ALL,500,indexed,271.47199999999998,265.12649999999996,291.58100000000002,26.454500000000053,9.8179999999999836,325.63549999999998,0.83366831933250518,0.83207067663236933,0.67770858341874574,0.91431836898829655,10k
MixedPhase3,10000,ALL,500,noalloc,156.495,146.53025,166.68625,20.156000000000006,10.025999999999996,325.63549999999998,0.48058335163088794,0.46912638843818666,0.40271541431068469,0.52127962360932556,10k
MixedPhase3,10000,ALL,500,noalloc-low-run,155.90449999999998,146.77549999999999,165.87049999999999,19.094999999999999,9.4495000000000005,325.63549999999998,0.47876997440389635,0.46966554540002714,0.41853054432255543,0.51420645913402319,10k
MixedPhase3,10000,ALL,500,physical-direct,359.30600000000004,347.66974999999996,405.96449999999999,58.294750000000022,19.604500000000002,325.63549999999998,1.1033993529575248,1.1021574361249309,0.91652610103555221,1.2141779398657309,10k
MixedPhase3,10000,ALL,500,simulated-direct,241.869,235.54250000000002,259.72450000000003,24.182000000000016,8.6255000000000024,325.63549999999998,0.74275992635938037,0.74152457244082548,0.62210261664239286,0.81112709192054155,10k
MixedPhase3,10000,ALL,500,simulated-inplace-direct,273.6345,262.57075000000003,296.15999999999997,33.589249999999936,13.37299999999999,325.63549999999998,0.84030918004947253,0.8349631119190315,0.68495564759854033,0.92231720080444435,10k
MixedPhase3,10000,ALL,500,frozen-single-direct,274.94,259.77750000000003,296.40425000000005,36.626750000000015,16.521500000000003,325.63549999999998,0.84431826382565789,0.83270388070766332,0.67939097718922514,0.92016298824052112,10k
MixedPhase3,10000,ALL,500,frozen-deferred-direct,266.286,258.79674999999997,285.46949999999998,26.672750000000008,10.4255,325.63549999999998,0.8177425372847863,0.81354938845440217,0.66008011417769985,0.88208522707228987,10k
MixedPhase3,10000,ALL,500,frozen-live-direct,305.95999999999998,275.91225000000003,395.47874999999999,119.56649999999996,68.671999999999997,325.63549999999998,0.93957814795991224,0.93292474669323644,0.75213021128054003,1.1899187905371407,10k
MixedPhase3,10000,ALL,500,avx2-direct,232.97899999999998,224.25475,249.15525,24.900499999999994,10.882499999999993,325.63549999999998,0.71545946311136221,0.70934721703817871,0.59109928348575469,0.77799309441454689,10k
MixedPhase3,10000,ALL,500,linked-direct,246.29050000000001,235.65899999999999,267.89524999999998,32.236249999999984,13.5505,325.63549999999998,0.75633799140449987,0.74778785386674718,0.6440210545589089,0.82229370216175157,10k
MixedPhase3,10000,ALL,500,indexed-direct,273.64149999999995,266.38400000000001,297.5215,31.137499999999989,11.323000000000008,325.63549999999998,0.8403306764772267,0.84083444105421856,0.68668537022434029,0.93251002284831541,10k
MixedPhase3,10000,ALL,500,std::sort,325.63549999999998,312.88975000000005,361.84000000000003,48.950249999999983,18.285999999999973,325.63549999999998,1,1,1,1,10k
MixedPhase12,10000,ALL,500,physical,129.83199999999999,125.37625,156.04675,30.670500000000004,6.5995000000000061,274.23649999999998,0.47343077963728392,0.47593193691291391,0.44183100918418217,0.5358314139742919,10k
MixedPhase12,10000,ALL,500,simulated,120.41200000000001,100.33500000000001,140.42075,40.08574999999999,20.100000000000001,274.23649999999998,0.43908086633252691,0.43047430030987927,0.35242000671061885,0.4993355928426077,10k
MixedPhase12,10000,ALL,500,simulated-inplace,111.07849999999999,100.73675000000001,124.14025000000001,23.403499999999994,11.272000000000013,274.23649999999998,0.40504637420620521,0.400955221128801,0.353112474050158,0.44784544998256681,10k
MixedPhase12,10000,ALL,500,frozen-single,105.41,100.20574999999999,123.48400000000001,23.278250000000014,6.7220000000000013,274.23649999999998,0.38437625917775353,0.38161855585065119,0.35445362221016175,0.43292333257700322,10k
MixedPhase12,10000,ALL,500,frozen-deferred,103.9285,99.895749999999992,123.6465,23.750750000000011,5.8685000000000045,274.23649999999998,0.37897398778062003,0.3807091901628864,0.35491449829476285,0.44121113987825056,10k
MixedPhase12,10000,ALL,500,frozen-live,106.1255,99.988500000000002,125.41225,25.423749999999998,7.9789999999999992,274.23649999999998,0.38698532106411804,0.38505607827915106,0.35019180745712697,0.44650119750201245,10k
MixedPhase12,10000,ALL,500,avx2,112.8125,99.365250000000003,125.774,26.408749999999998,13.472000000000001,274.23649999999998,0.41136938372536119,0.40251403049996692,0.35061549339867804,0.45494605909469477,10k
MixedPhase12,10000,ALL,500,linked,123.01750000000001,120.48724999999999,141.506,21.018750000000011,3.1125000000000114,274.23649999999998,0.44858178980551466,0.45503617597943047,0.42495737517815046,0.49821906059677479,10k
MixedPhase12,10000,ALL,500,indexed,111.7475,105.7645,126.9665,21.201999999999998,7.4439999999999955,274.23649999999998,0.40748587441861317,0.40445512816741175,0.37398801406255622,0.45552024738940627,10k
MixedPhase12,10000,ALL,500,noalloc,113.07400000000001,107.17125,120.37175000000001,13.200500000000005,6.339500000000001,274.23649999999998,0.41232294023589139,0.40609861053084595,0.36905411224795337,0.43832774678852665,10k
MixedPhase12,10000,ALL,500,noalloc-low-run,121.7925,102.53375,126.438,23.904250000000005,11.828500000000005,274.23649999999998,0.44411484248085142,0.41436243883965018,0.36549741032973448,0.46782697992168049,10k
MixedPhase12,10000,ALL,500,physical-direct,128.71100000000001,124.12649999999999,148.73050000000001,24.604000000000013,6.7224999999999966,274.23649999999998,0.46934306702426565,0.47106377945937256,0.43452391207342456,0.52686765744215647,10k
MixedPhase12,10000,ALL,500,simulated-direct,121.49199999999999,100.02200000000001,130.52275,30.500749999999996,20.185499999999998,274.23649999999998,0.44301907295345438,0.42906519538944343,0.36029615694502864,0.48372249065360184,10k
MixedPhase12,10000,ALL,500,simulated-inplace-direct,111.8665,102.18975,125.44925000000001,23.259500000000003,10.8005,274.23649999999998,0.40791980644443759,0.40033365941650401,0.35899977192866933,0.45165917169356734,10k
MixedPhase12,10000,ALL,500,frozen-single-direct,106.883,102.235,133.01400000000001,30.779000000000011,5.767000000000003,274.23649999999998,0.38974753543018525,0.39221372569661789,0.36188931984153294,0.47437540248264748,10k
MixedPhase12,10000,ALL,500,frozen-deferred-direct,106.254,102.26375000000002,125.035,22.771249999999981,5.4395000000000095,274.23649999999998,0.38745389472225622,0.38966202229496438,0.35841450553880627,0.44521290638174316,10k
MixedPhase12,10000,ALL,500,frozen-live-direct,110.29650000000001,101.48699999999999,130.20474999999999,28.717749999999995,10.774000000000008,274.23649999999998,0.40219482089364478,0.39853307214865441,0.36133814781203311,0.45566039680032844,10k
MixedPhase12,10000,ALL,500,avx2-direct,119.148,99.834750000000014,137.73950000000002,37.904750000000007,19.308999999999997,274.23649999999998,0.43447170599099683,0.42652887959751756,0.36155090279781771,0.47736380037427051,10k
MixedPhase12,10000,ALL,500,linked-direct,124.84350000000001,121.968,167.23724999999999,45.269249999999985,4.0335000000000036,274.23649999999998,0.45524027618497181,0.45968921653964978,0.42787703086804879,0.54338713081943157,10k
MixedPhase12,10000,ALL,500,indexed-direct,124.419,117.83399999999999,142.86324999999999,25.029250000000005,7.9259999999999948,274.23649999999998,0.45369234219369053,0.44983123045113205,0.40325957321684658,0.5062384788276264,10k
MixedPhase12,10000,ALL,500,std::sort,274.23649999999998,265.77424999999994,300.50975,34.735500000000059,11.220499999999987,274.23649999999998,1,1,1,1,10k
Random,100000,ALL,500,physical,1590.3425,1502.28,1962.3969999999999,460.11699999999996,109.80899999999997,5894.9740000000002,0.26977939173268617,0.27115399694284709,0.25609480204877011,0.3067587974938899,100k
Random,100000,ALL,500,simulated,1545.7424999999998,1461.1675,1843.7102500000001,382.54275000000007,98.146999999999821,5894.9740000000002,0.26221362469113518,0.26224971216507087,0.24898591172828219,0.29193958232712414,100k
Random,100000,ALL,500,simulated-inplace,1532.8829999999998,1449.5052499999999,1828.1689999999999,378.66374999999994,96.825999999999908,5894.9740000000002,0.26003219013349332,0.26020833171175461,0.24507142685728101,0.2963163906917281,100k
Random,100000,ALL,500,frozen-single,1529.8474999999999,1455.8020000000001,1751.3634999999999,295.5614999999998,88.606499999999869,5894.9740000000002,0.25951725995738062,0.26089946219492022,0.24482480435017243,0.2915731805312442,100k
Random,100000,ALL,500,frozen-deferred,1537.9605000000001,1455.7014999999999,1745.33925,289.6377500000001,95.052500000000123,5894.9740000000002,0.26089351708760716,0.26083318642774422,0.24529567753404441,0.29072057764392994,100k
Random,100000,ALL,500,frozen-live,1531.7640000000001,1452.59575,1787.9804999999999,335.38474999999994,89.636500000000183,5894.9740000000002,0.25984236741332534,0.2619714508360238,0.24327648001415711,0.29720272938537817,100k
Random,100000,ALL,500,avx2,1534.5854999999999,1460.9465,1775.40525,314.45875000000001,87.513999999999896,5894.9740000000002,0.26032099547852117,0.26235957806809207,0.24622242158493252,0.29343497121658912,100k
Random,100000,ALL,500,linked,1545.8879999999999,1461.1242500000001,1804.133,343.00874999999996,101.3549999999999,5894.9740000000002,0.26223830673383797,0.26240487475669894,0.24723857041207326,0.29450285694818146,100k
Random,100000,ALL,500,indexed,1543.2440000000001,1469.8290000000002,1798.2125000000001,328.38349999999991,94.467499999999973,5894.9740000000002,0.26178978906437927,0.26423988816305666,0.24589845416847472,0.30475250499429585,100k
Random,100000,ALL,500,noalloc,1517.0124999999998,1452.7945,1643.8520000000001,191.05750000000012,72.209999999999923,5894.9740000000002,0.25733998148253068,0.25754457263914732,0.24327489435545413,0.27584932554044173,100k
Random,100000,ALL,500,noalloc-low-run,1527.1514999999999,1461.3399999999997,1650.9749999999999,189.63500000000022,77.790499999999952,5894.9740000000002,0.25905992121424115,0.25954993221896977,0.24311395379027695,0.27944383881065321,100k
Random,100000,ALL,500,physical-direct,1574.627,1491.7627500000001,1856.673,364.91024999999991,106.14350000000002,5894.9740000000002,0.26711347666673335,0.26904798789530227,0.25148564425182929,0.30758461270520293,100k
Random,100000,ALL,500,simulated-direct,1548.0635000000002,1467.0617500000001,1839.05675,371.99499999999989,100.21600000000001,5894.9740000000002,0.26260734992215407,0.26279551118728528,0.2492717257969741,0.30463269131600512,100k
Random,100000,ALL,500,simulated-inplace-direct,1546.6275000000001,1460.28025,1803.50775,343.22749999999996,96.505499999999984,5894.9740000000002,0.26236375257973998,0.26292656972927136,0.24431466937822996,0.29539494768127439,100k
Random,100000,ALL,500,frozen-single-direct,1529.712,1460.7190000000001,1744.74125,284.02224999999999,84.865999999999985,5894.9740000000002,0.25949427427500105,0.26208188722955705,0.24598057880141982,0.29098424386008859,100k
Random,100000,ALL,500,frozen-deferred-direct,1562.3095000000001,1463.2745,1853.6557500000001,390.38125000000014,114.40950000000009,5894.9740000000002,0.26502398483861,0.26345924938664556,0.24860658485472265,0.30027629721472326,100k
Random,100000,ALL,500,frozen-live-direct,1546.5830000000001,1460.3240000000001,1749.8432499999999,289.51924999999983,97.193000000000097,5894.9740000000002,0.26235620377630164,0.26252250815859912,0.247082476519077,0.29308906043177252,100k
Random,100000,ALL,500,avx2-direct,1570.1534999999999,1473.5337500000001,1908.3567499999999,434.82299999999987,114.69999999999993,5894.9740000000002,0.2663546098761419,0.26835592321080193,0.25078734923454471,0.30731396115325715,100k
Random,100000,ALL,500,linked-direct,1552.1369999999999,1469.1304999999998,1873.0940000000001,403.96350000000029,104.27149999999995,5894.9740000000002,0.26329836229981674,0.26369755750585061,0.24841299313675816,0.30157956732707064,100k
Random,100000,ALL,500,indexed-direct,1565.242,1485.1612499999999,1883.1325000000002,397.97125000000028,101.20099999999991,5894.9740000000002,0.26552144250339355,0.26709337123441534,0.25232658729055601,0.29971377170820723,100k
Random,100000,ALL,500,std::sort,5894.9740000000002,5652.5132499999991,6286.7629999999999,634.24975000000086,276.14499999999998,5894.9740000000002,1,1,1,1,100k
Sorted,100000,ALL,500,physical,28.302500000000002,28.160499999999999,28.397500000000001,0.23700000000000188,0.1169999999999991,745.97499999999991,0.03794027949998325,0.038331438145939818,0.035877691460808332,0.03967519790775427,100k
Sorted,100000,ALL,500,simulated,28.207000000000001,28.088000000000001,28.4115,0.32349999999999923,0.13700000000000045,745.97499999999991,0.037812259123965283,0.03818117667152425,0.035541811901193723,0.039552608040783664,100k
Sorted,100000,ALL,500,simulated-inplace,28.086500000000001,28.039750000000002,28.227,0.18724999999999881,0.063500000000001222,745.97499999999991,0.037650725560508067,0.038123300101525551,0.035760702527689862,0.039537163257586876,100k
Sorted,100000,ALL,500,frozen-single,33.095500000000001,32.804749999999999,33.359250000000003,0.55450000000000443,0.28599999999999781,745.97499999999991,0.044365427795837672,0.044831454289395029,0.041833156365156221,0.046312685475596062,100k
Sorted,100000,ALL,500,frozen-deferred,32.834000000000003,32.793999999999997,32.887999999999998,0.094000000000001194,0.047999999999994714,745.97499999999991,0.044014879855223038,0.044509636029421422,0.041404183896807313,0.046058599640471203,100k
Sorted,100000,ALL,500,frozen-live,33.0655,32.798999999999999,33.283000000000001,0.48400000000000176,0.25600000000000023,745.97499999999991,0.044325211970910557,0.044584448516154618,0.041600829177219335,0.046260529078178098,100k
Sorted,100000,ALL,500,avx2,33.152500000000003,33.076999999999998,33.242249999999999,0.16525000000000034,0.082499999999999574,745.97499999999991,0.044441837863199177,0.044947065507116191,0.041765652522797292,0.046505699924771729,100k
Sorted,100000,ALL,500,linked,28.216000000000001,28.12275,28.36675,0.24399999999999977,0.10400000000000098,745.97499999999991,0.037824323871443417,0.03818991439921085,0.035583407661398454,0.039584429300801326,100k
Sorted,100000,ALL,500,indexed,28.170999999999999,28.129000000000001,28.346,0.21699999999999875,0.047999999999998266,745.97499999999991,0.037764000134052754,0.038521038147529593,0.036161127371767812,0.039770221971722725,100k
Sorted,100000,ALL,500,noalloc,28.291499999999999,28.23,28.36375,0.13374999999999915,0.065000000000001279,745.97499999999991,0.037925533697509971,0.038296403540655874,0.035723288913077307,0.039684711119740132,100k
Sorted,100000,ALL,500,noalloc-low-run,28.387,28.286999999999999,28.486249999999998,0.19924999999999926,0.099999999999997868,745.97499999999991,0.038053554073527937,0.038419307330665495,0.035806442943082314,0.039736581570960508,100k
Sorted,100000,ALL,500,physical-direct,28.3645,28.291,28.437249999999999,0.14624999999999844,0.073499999999999233,745.97499999999991,0.038023392204832605,0.038353644249680838,0.035571168548229379,0.039755479850630979,100k
Sorted,100000,ALL,500,simulated-direct,28.23,28.104500000000002,28.421499999999998,0.31699999999999662,0.14299999999999891,745.97499999999991,0.037843091256409403,0.038308911825280456,0.035587754400776425,0.039632418623370386,100k
Sorted,100000,ALL,500,simulated-inplace-direct,28.207999999999998,28.133749999999999,28.31925,0.18550000000000111,0.088999999999998636,745.97499999999991,0.037813599651462852,0.038252715416862662,0.035526544162331905,0.039590020887512137,100k
Sorted,100000,ALL,500,frozen-single-direct,33.113,32.828499999999998,33.371499999999997,0.54299999999999926,0.28049999999999997,745.97499999999991,0.044388887027045146,0.044843369550800344,0.041845472878229852,0.046263051011914039,100k
Sorted,100000,ALL,500,frozen-deferred-direct,32.880000000000003,32.822000000000003,32.951750000000004,0.12975000000000136,0.063000000000002387,745.97499999999991,0.04407654412011127,0.044644631628593195,0.041439326894542487,0.046272622628944889,100k
Sorted,100000,ALL,500,frozen-live-direct,33.117000000000004,32.854500000000002,33.35425,0.49974999999999881,0.25550000000000495,745.97499999999991,0.044394249137035435,0.044776857288879007,0.041928905267360539,0.046293766237249241,100k
Sorted,100000,ALL,500,avx2-direct,33.122,33.003,33.261499999999998,0.25849999999999795,0.12950000000000017,745.97499999999991,0.04440095177452328,0.044765975650150273,0.041700351696129324,0.04638133960298732,100k
Sorted,100000,ALL,500,linked-direct,28.295999999999999,28.190000000000001,28.491250000000001,0.30124999999999957,0.13100000000000023,745.97499999999991,0.037931566071249041,0.038304446049944027,0.03593401532845629,0.039691550514682344,100k
Sorted,100000,ALL,500,indexed-direct,28.23,28.154,28.399000000000001,0.24500000000000099,0.10200000000000031,745.97499999999991,0.037843091256409403,0.038456600797364945,0.036197245751513174,0.039723777658632706,100k
Sorted,100000,ALL,500,std::sort,745.97499999999991,715.99374999999998,802.40100000000007,86.40725000000009,33.883500000000083,745.97499999999991,1,1,1,1,100k
Reverse,100000,ALL,500,physical,35.052499999999995,34.962000000000003,35.162750000000003,0.20074999999999932,0.097500000000003695,510.971,0.06859978354935993,0.06887724009113444,0.0638794922075617,0.070233006551235058,100k
Reverse,100000,ALL,500,simulated,34.772500000000001,34.662749999999996,34.950000000000003,0.28725000000000733,0.12250000000000227,510.971,0.068051807245420981,0.068736365273096789,0.063626342905062985,0.069719138465318284,100k
Reverse,100000,ALL,500,simulated-inplace,34.651499999999999,34.616999999999997,34.767250000000004,0.15025000000000688,0.045499999999996987,510.971,0.067815003199790197,0.068013171921632781,0.062993188393348179,0.069536906983877378,100k
Reverse,100000,ALL,500,frozen-single,39.668999999999997,39.457999999999998,39.923999999999999,0.46600000000000108,0.22100000000000009,510.971,0.077634542860553726,0.078180329506983115,0.072472681880166062,0.079521697260631796,100k
Reverse,100000,ALL,500,frozen-deferred,39.472999999999999,39.438000000000002,39.532249999999998,0.094249999999995282,0.040499999999997982,510.971,0.077250959447796447,0.077581728920131848,0.071658998382387762,0.079177034687229184,100k
Reverse,100000,ALL,500,frozen-live,39.711500000000001,39.454999999999998,39.942,0.48700000000000188,0.2535000000000025,510.971,0.077717717835258757,0.078264513150062845,0.072018707455900388,0.079481287407031961,100k
Reverse,100000,ALL,500,avx2,39.624000000000002,39.558,39.702249999999999,0.14424999999999955,0.070000000000000284,510.971,0.077546475240277829,0.077781482076185043,0.071839962230556859,0.079447434808766884,100k
Reverse,100000,ALL,500,linked,34.869500000000002,34.764000000000003,35.014000000000003,0.25,0.11949999999999505,510.971,0.068241641893571264,0.068805616601276987,0.063517986864134485,0.069895971836989673,100k
Reverse,100000,ALL,500,indexed,34.768500000000003,34.726749999999996,34.838250000000002,0.11150000000000659,0.051500000000000767,510.971,0.068043979012507569,0.068607964126769699,0.063388924440474864,0.069748714628283554,100k
Reverse,100000,ALL,500,noalloc,34.758000000000003,34.70675,34.830500000000001,0.12375000000000114,0.057500000000000995,510.971,0.06802342990110985,0.068749380068416965,0.063538840666997831,0.069730630126068435,100k
Reverse,100000,ALL,500,noalloc-low-run,34.914999999999999,34.807749999999999,35.027250000000002,0.21950000000000358,0.10999999999999943,510.971,0.068330688042961343,0.068840561227895586,0.063490321042619535,0.069951102187306796,100k
Reverse,100000,ALL,500,physical-direct,35.036000000000001,34.975499999999997,35.108249999999998,0.13275000000000148,0.066000000000002501,510.971,0.068567492088592114,0.068674046793650551,0.063509392554763261,0.070233932598389587,100k
Reverse,100000,ALL,500,simulated-direct,34.766000000000005,34.650750000000002,34.886250000000004,0.23550000000000182,0.1180000000000021,510.971,0.068039086366936688,0.06843633598659038,0.063083583251993147,0.069761293218380108,100k
Reverse,100000,ALL,500,simulated-inplace-direct,34.683999999999997,34.634,34.838000000000001,0.20400000000000063,0.06799999999999784,510.971,0.06787860759221169,0.068302444281129138,0.062978668452032732,0.069595313253744781,100k
Reverse,100000,ALL,500,frozen-single-direct,39.682000000000002,39.409749999999995,39.900750000000002,0.49100000000000676,0.26200000000000045,510.971,0.077659984617522326,0.078007382779237716,0.072076131392862328,0.079503971599474033,100k
Reverse,100000,ALL,500,frozen-deferred-direct,39.394000000000005,39.350999999999999,39.492249999999999,0.14124999999999943,0.056000000000004491,510.971,0.077096351847756539,0.07828831565590369,0.071951183798070056,0.079039070513604218,100k
Reverse,100000,ALL,500,frozen-live-direct,39.762,39.438749999999999,40.003749999999997,0.56499999999999773,0.29100000000000037,510.971,0.077816549275790597,0.078438778099899104,0.072254906580124748,0.079552196362704664,100k
Reverse,100000,ALL,500,avx2-direct,39.597999999999999,39.496749999999999,39.741500000000002,0.24475000000000335,0.12199999999999989,510.971,0.077495591726340629,0.078029661997151264,0.072049167253433549,0.07937435152496114,100k
Reverse,100000,ALL,500,linked-direct,34.844999999999999,34.725000000000001,34.988,0.26299999999999812,0.12750000000000128,510.971,0.068193693966976596,0.069074025121186905,0.06356409133402581,0.069868962814578051,100k
Reverse,100000,ALL,500,indexed-direct,34.8795,34.809750000000001,34.999000000000002,0.18925000000000125,0.080000000000001847,510.971,0.068261212475854788,0.068473941113169345,0.063126549692944817,0.069914662930510824,100k
Reverse,100000,ALL,500,std::sort,510.971,498.6585,553.6155,54.956999999999994,13.0625,510.971,1,1,1,1,100k
Sorted+Noise(5%),100000,ALL,500,physical,1814.2964999999999,1716.607,2038.856,322.24900000000002,121.31449999999995,2201.6930000000002,0.82404608635263854,0.82670347040146552,0.76406123335748566,0.91423698893643535,100k
Sorted+Noise(5%),100000,ALL,500,simulated,1193.1120000000001,1123.2600000000002,1349.2862500000001,226.02624999999989,87.373500000000035,2201.6930000000002,0.54190661459158929,0.54187669864831722,0.50370655987910729,0.59633702059651095,100k
Sorted+Noise(5%),100000,ALL,500,simulated-inplace,1833.5034999999998,1761.6404999999997,1940.0062499999999,178.36575000000016,80.129500000000007,2201.6930000000002,0.83276982758268281,0.83565638561206912,0.76346429854157183,0.88722219440191463,100k
Sorted+Noise(5%),100000,ALL,500,frozen-single,1538.9005,1465.0535,1653.0187500000002,187.9652500000002,87.665499999999952,2201.6930000000002,0.69896234397802048,0.70310381169444436,0.65744943928191246,0.75154337882573008,100k
Sorted+Noise(5%),100000,ALL,500,frozen-deferred,1495.6079999999999,1422.2215000000001,1582.45325,160.23174999999992,75.731499999999983,2201.6930000000002,0.67929906667278306,0.68011255820319327,0.63789371219945801,0.72521788624788741,100k
Sorted+Noise(5%),100000,ALL,500,frozen-live,1550.3975,1461.6755000000001,1635.6465000000001,173.971,87.802500000000009,2201.6930000000002,0.7041842345867475,0.69923247656368903,0.66178073601204135,0.74936387348103428,100k
Sorted+Noise(5%),100000,ALL,500,avx2,1323.1994999999999,1213.6130000000001,1467.53775,253.9247499999999,126.15550000000007,2201.6930000000002,0.60099182765262904,0.59414641120571754,0.54458524130687802,0.67127870327965278,100k
Sorted+Noise(5%),100000,ALL,500,linked,1353.0885000000001,1251.19775,1477.713,226.51524999999992,106.62800000000004,2201.6930000000002,0.61456728980834296,0.61085396029248828,0.56435820422492555,0.67017055708877593,100k
Sorted+Noise(5%),100000,ALL,500,indexed,1474.3829999999998,1401.2539999999999,1563.3429999999998,162.08899999999994,77.683500000000208,2201.6930000000002,0.66965875805573238,0.66920649055390857,0.62190168041762139,0.71686511453723512,100k
Sorted+Noise(5%),100000,ALL,500,noalloc,1556.3429999999998,1497.1142500000001,1645.5515,148.43724999999995,67.165499999999838,2201.6930000000002,0.70688465648934695,0.71056848517744153,0.66862630745247698,0.75335029812343302,100k
Sorted+Noise(5%),100000,ALL,500,noalloc-low-run,1551.7474999999999,1501.9377500000001,1653.0775000000001,151.13975000000005,66.725999999999999,2201.6930000000002,0.70479739909242556,0.71491888743684395,0.6651552036125622,0.76752953840175575,100k
Sorted+Noise(5%),100000,ALL,500,physical-direct,1800.9200000000001,1703.81925,2055.8625000000002,352.04325000000017,122.19900000000007,2201.6930000000002,0.81797053449322854,0.82107251545580473,0.75136027561037955,0.92694292798714595,100k
Sorted+Noise(5%),100000,ALL,500,simulated-direct,1188.0540000000001,1117.25325,1320.6322500000001,203.37900000000013,90.742500000000064,2201.6930000000002,0.5396092915769819,0.53643814076552787,0.49695364374174916,0.59696067186704882,100k
Sorted+Noise(5%),100000,ALL,500,simulated-inplace-direct,1834.5549999999998,1760.527,1930.1347500000002,169.60775000000012,82.02800000000002,2201.6930000000002,0.83324741460321661,0.82751321991461713,0.7587850796964215,0.88952811592236181,100k
Sorted+Noise(5%),100000,ALL,500,frozen-single-direct,1558.241,1472.8534999999999,1670.2150000000001,197.36150000000021,92.477500000000077,2201.6930000000002,0.7077467203647374,0.70993980578998039,0.65680201181234088,0.7659846463720823,100k
Sorted+Noise(5%),100000,ALL,500,frozen-deferred-direct,1522.5405000000001,1445.154,1627.096,181.94200000000001,83.733000000000175,2201.6930000000002,0.69153169856106189,0.69266100646351214,0.64644133940246395,0.73445797234317911,100k
Sorted+Noise(5%),100000,ALL,500,frozen-live-direct,1562.213,1468.4962499999999,1683.42175,214.92550000000006,99.053499999999985,2201.6930000000002,0.70955078659922155,0.70592051004963441,0.65949820859015817,0.76291565244599568,100k
Sorted+Noise(5%),100000,ALL,500,avx2-direct,1297.3225,1199.4635000000001,1463.1365000000001,263.673,116.32850000000008,2201.6930000000002,0.58923859956860469,0.58299009294289084,0.53688374925380966,0.64800502409412308,100k
Sorted+Noise(5%),100000,ALL,500,linked-direct,1352.0985000000001,1244.8775000000001,1478.1482500000002,233.27075000000013,113.16999999999996,2201.6930000000002,0.61411763583751233,0.60963748817472085,0.56539641111880456,0.66700493863881294,100k
Sorted+Noise(5%),100000,ALL,500,indexed-direct,1481.5455000000002,1412.4974999999999,1585.9470000000001,173.44950000000017,75.727500000000077,2201.6930000000002,0.67291193640530267,0.67388731568278182,0.63357895215096449,0.71998542677757715,100k
Sorted+Noise(5%),100000,ALL,500,std::sort,2201.6930000000002,2113.9812499999998,2325.7827499999999,211.80150000000003,103.96500000000015,2201.6930000000002,1,1,1,1,100k
Sorted+Noise(10%),100000,ALL,500,physical,2279.4780000000001,1826.798,2615.7930000000001,788.99500000000012,345.8599999999999,2678.0879999999997,0.85115873712887713,0.84922832529581704,0.62496601623393455,0.94820087979381407,100k
Sorted+Noise(10%),100000,ALL,500,simulated,1629.1714999999999,1501.5615000000003,1806.37075,304.80924999999979,136.6875,2678.0879999999997,0.6083338187542755,0.59131499431084689,0.55099219448836656,0.67070077866016919,100k
Sorted+Noise(10%),100000,ALL,500,simulated-inplace,2203.0169999999998,1783.12375,2435.8780000000002,652.75425000000018,246.61600000000021,2678.0879999999997,0.82260814431788654,0.81169459718155446,0.60999916784964636,0.90844613309771638,100k
Sorted+Noise(10%),100000,ALL,500,frozen-single,1868.5435,1727.20625,2112.4035000000003,385.19725000000039,228.25649999999996,2678.0879999999997,0.6977154970262367,0.68356736891111569,0.58622974276137052,0.78643265659873152,100k
Sorted+Noise(10%),100000,ALL,500,frozen-deferred,1745.106,1640.78475,1956.98225,316.19749999999999,177.65300000000002,2678.0879999999997,0.65162384507155857,0.64660685512206739,0.57049009355279923,0.7341018148796965,100k
Sorted+Noise(10%),100000,ALL,500,frozen-live,1799.3645000000001,1672.0942500000001,2051.2134999999998,379.11924999999974,216.4559999999999,2678.0879999999997,0.6718840082924834,0.65970183552930184,0.57658025848695815,0.75714340250357615,100k
Sorted+Noise(10%),100000,ALL,500,avx2,1741.8429999999998,1554.9985000000001,1929.6775,374.67899999999986,187.95700000000022,2678.0879999999997,0.65040543850687504,0.63796613208191688,0.56340843930335716,0.7260023313598144,100k
Sorted+Noise(10%),100000,ALL,500,linked,1600.1044999999999,1510.1490000000001,1834.2202500000001,324.07124999999996,119.95849999999996,2678.0879999999997,0.59748017988953317,0.59656636692193643,0.54761102904426928,0.67791632826604142,100k
Sorted+Noise(10%),100000,ALL,500,indexed,1929.7964999999999,1725.6732500000001,2155.9602500000001,430.28700000000003,218.38300000000004,2678.0879999999997,0.72058741161604856,0.70362703231539159,0.59018888669781022,0.80133364282739072,100k
Sorted+Noise(10%),100000,ALL,500,noalloc,1498.4314999999999,1443.7357500000001,1600.4165,156.68074999999999,64.188499999999976,2678.0879999999997,0.55951540800750388,0.56273020548563635,0.52189026188008358,0.60155705675144389,100k
Sorted+Noise(10%),100000,ALL,500,noalloc-low-run,1493.4684999999999,1443.86475,1575.0989999999999,131.23424999999997,57.853999999999928,2678.0879999999997,0.557662220210837,0.56101959958716052,0.52625898633034196,0.59839761436553185,100k
Sorted+Noise(10%),100000,ALL,500,physical-direct,2284.6599999999999,1904.94775,2626.2445000000002,721.2967500000002,346.94600000000014,2678.0879999999997,0.85309369968425242,0.8435748588499149,0.62612386895265759,0.95775369646798425,100k
Sorted+Noise(10%),100000,ALL,500,simulated-direct,1626.9569999999999,1494.3945000000001,1822.2365,327.84199999999987,147.37699999999984,2678.0879999999997,0.60750692284943586,0.59398628139870158,0.5480542763019971,0.6751237566833167,100k
Sorted+Noise(10%),100000,ALL,500,simulated-inplace-direct,2187.748,1965.6222499999999,2448.4614999999999,482.83924999999999,259.86449999999991,2678.0879999999997,0.81690668865250149,0.81365649314269872,0.61905458703155269,0.90749600175800849,100k
Sorted+Noise(10%),100000,ALL,500,frozen-single-direct,1867.3400000000001,1755.5934999999999,2168.6170000000002,413.02350000000024,256.65549999999985,2678.0879999999997,0.69726610925406496,0.68316607607557256,0.58805006274576088,0.79777010671544779,100k
Sorted+Noise(10%),100000,ALL,500,frozen-deferred-direct,1785.502,1661.252,2003.24575,341.99375000000009,181.28499999999997,2678.0879999999997,0.66670774074638328,0.65899151205923578,0.58026788315714317,0.74993649497807457,100k
Sorted+Noise(10%),100000,ALL,500,frozen-live-direct,1814.1745000000001,1689.8130000000001,2097.0822499999999,407.26924999999983,234.79099999999994,2678.0879999999997,0.67741407302523304,0.67278108606019926,0.57724939231277039,0.76569439257989003,100k
Sorted+Noise(10%),100000,ALL,500,avx2-direct,1724.7950000000001,1550.9369999999999,1880.2995000000001,329.36250000000018,168.1395,2678.0879999999997,0.64403970295225554,0.6349463452207128,0.56633226309653151,0.70664492754099317,100k
Sorted+Noise(10%),100000,ALL,500,linked-direct,1591.1995000000002,1499.0865000000001,1817.7325000000001,318.64599999999996,111.99800000000016,2678.0879999999997,0.59415504643611428,0.58992007985371231,0.55246419535702396,0.66136156348422004,100k
Sorted+Noise(10%),100000,ALL,500,indexed-direct,1929.8975,1728.5142500000002,2127.2752500000001,398.76099999999997,197.8565000000001,2678.0879999999997,0.72062512508924281,0.70461520503549946,0.59281654414940221,0.78252469204339048,100k
Sorted+Noise(10%),100000,ALL,500,std::sort,2678.0879999999997,2571.835,2861.4670000000001,289.63200000000006,124.83949999999982,2678.0879999999997,1,1,1,1,100k
Random%25,100000,ALL,500,physical,111.006,108.89175,128.29925,19.407499999999999,3.2180000000000035,2425.5900000000001,0.045764535638751803,0.046623912512433099,0.042292083501393102,0.05146343957682703,100k
Random%25,100000,ALL,500,simulated,108.1045,106.01349999999999,124.72175,18.708250000000007,2.7560000000000002,2425.5900000000001,0.044568331828544805,0.045568369944993553,0.041519042573020706,0.049248646950750624,100k
Random%25,100000,ALL,500,simulated-inplace,107.32249999999999,105.54899999999999,110.56524999999999,5.0162499999999994,2.2804999999999893,2425.5900000000001,0.044245936040303586,0.045348577189503816,0.040573245156126314,0.048833406124955049,100k
Random%25,100000,ALL,500,frozen-single,107.108,105.47775,112.5745,7.0967500000000001,2.105000000000004,2425.5900000000001,0.044157503947493189,0.045273976840883842,0.040250623498792493,0.049395707554851932,100k
Random%25,100000,ALL,500,frozen-deferred,107.0805,105.34025,111.84050000000001,6.5002500000000083,2.2055000000000007,2425.5900000000001,0.044146166499696979,0.045365295678173934,0.040113289230454735,0.04888978727093761,100k
Random%25,100000,ALL,500,frozen-live,107.3665,105.49775,121.965,16.467250000000007,2.5100000000000051,2425.5900000000001,0.044264075956777525,0.045362795991789689,0.040835336444319401,0.049131029402983584,100k
Random%25,100000,ALL,500,avx2,108.0985,105.83750000000001,125.26375,19.426249999999996,2.7865000000000038,2425.5900000000001,0.04456585820357109,0.045694478982029829,0.040988908426128665,0.049641602591498114,100k
Random%25,100000,ALL,500,linked,109.2285,107.24000000000001,125.37375,18.133749999999992,2.7179999999999964,2425.5900000000001,0.045031724240287924,0.046469545574569726,0.041438953413896265,0.050896199807633088,100k
Random%25,100000,ALL,500,indexed,107.6455,105.70599999999999,123.81925,18.113250000000008,2.5705000000000027,2425.5900000000001,0.044379099518055395,0.045476976317268047,0.040464279062077016,0.049258469638050459,100k
Random%25,100000,ALL,500,noalloc,107.9225,106.03474999999999,125.90375,19.869000000000014,2.3964999999999961,2425.5900000000001,0.04449329853767537,0.045881976898454947,0.041145132537936689,0.050116226125721162,100k
Random%25,100000,ALL,500,noalloc-low-run,108.22200000000001,106.36850000000001,126.7315,20.362999999999985,2.4739999999999966,2425.5900000000001,0.044616773650946781,0.04617309181577877,0.041168221545676453,0.050379598416551714,100k
Random%25,100000,ALL,500,physical-direct,110.7795,108.691,124.7195,16.028499999999994,2.7284999999999968,2425.5900000000001,0.045671156295993963,0.046601805624921819,0.041976822297690335,0.050901839675191726,100k
Random%25,100000,ALL,500,simulated-direct,107.845,106.06824999999999,116.71625,10.64800000000001,2.2834999999999965,2425.5900000000001,0.044461347548431514,0.045524155500179742,0.040549702899123755,0.049298312693452591,100k
Random%25,100000,ALL,500,simulated-inplace-direct,108.06649999999999,106.11725,125.13575,19.018500000000003,2.6924999999999883,2425.5900000000001,0.044552665537044588,0.045898910669254236,0.041334549693459066,0.049726912950154536,100k
Random%25,100000,ALL,500,frozen-single-direct,107.65950000000001,105.6215,123.72499999999999,18.103499999999997,2.4515000000000029,2425.5900000000001,0.044384871309660741,0.045447547059198255,0.040679983061447413,0.049869439399469008,100k
Random%25,100000,ALL,500,frozen-deferred-direct,107.20099999999999,105.6225,125.8445,20.221999999999994,2.3029999999999973,2425.5900000000001,0.044195845134585805,0.045163228837278399,0.040874550318799989,0.049301739695413627,100k
Random%25,100000,ALL,500,frozen-live-direct,107.7205,105.84649999999999,124.32299999999999,18.476500000000001,2.5764999999999958,2425.5900000000001,0.044410019830226868,0.045398107687293646,0.040937675587328491,0.05011195419496399,100k
Random%25,100000,ALL,500,avx2-direct,107.72550000000001,105.7415,123.34425,17.60275,2.5590000000000117,2425.5900000000001,0.044412081184371642,0.045483104011767334,0.040595091814407763,0.050074004378612799,100k
Random%25,100000,ALL,500,linked-direct,109.27850000000001,107.24599999999998,119.29725000000001,12.051250000000024,2.7669999999999888,2425.5900000000001,0.045052337781735577,0.04609115652224377,0.04144548179321756,0.049988877160134157,100k
Random%25,100000,ALL,500,indexed-direct,108.5,106.22325000000001,112.9725,6.7492499999999893,2.5775000000000006,2425.5900000000001,0.044731384941395697,0.045690285365598743,0.041581284750927504,0.049404393329386634,100k
Random%25,100000,ALL,500,std::sort,2425.5900000000001,2292.3544999999999,2709.451,417.09650000000011,172.31000000000017,2425.5900000000001,1,1,1,1,100k
Alternating,100000,ALL,500,physical,732.1255000000001,696.18624999999997,808.29199999999992,112.10574999999994,39.717000000000098,2107.3015,0.34742323298303546,0.34598600488932574,0.3316322427036838,0.37420524520531345,100k
Alternating,100000,ALL,500,simulated,485.40100000000001,333.33949999999999,502.95675,169.61725000000001,103.51949999999999,2107.3015,0.23034245455621799,0.20170184427480414,0.16009445339266867,0.24352961031219095,100k
Alternating,100000,ALL,500,simulated-inplace,1038.4115000000002,1001.77175,1126.7694999999999,124.99774999999988,47.52250000000015,2107.3015,0.49276835801616437,0.49233748362293855,0.46673867492814863,0.52696041122917625,100k
Alternating,100000,ALL,500,frozen-single,538.05050000000006,520.69399999999996,600.13374999999996,79.439750000000004,21.729500000000087,2107.3015,0.25532677692299849,0.25780504411447214,0.24310600321053022,0.27626949914966564,100k
Alternating,100000,ALL,500,frozen-deferred,548.52350000000001,526.01999999999998,608.63625000000002,82.616250000000036,24.46750000000003,2107.3015,0.26029664003940584,0.26070780301846763,0.24575229680736316,0.28236133557688858,100k
Alternating,100000,ALL,500,frozen-live,599.4325,582.32375000000002,661.46100000000001,79.137249999999995,18.927000000000021,2107.3015,0.28445502458950461,0.28630088948393378,0.27197715136429085,0.30710992061887782,100k
Alternating,100000,ALL,500,avx2,315.79250000000002,313.10650000000004,365.76150000000001,52.654999999999973,6.2770000000000152,2107.3015,0.14985634471384376,0.15346410937000979,0.14566625163618555,0.16739712268081486,100k
Alternating,100000,ALL,500,linked,438.77549999999997,433.54349999999999,490.33349999999996,56.789999999999964,7.4564999999999486,2107.3015,0.2082167644259732,0.21438321124115822,0.20177629892801138,0.23281171275804205,100k
Alternating,100000,ALL,500,indexed,672.10799999999995,512.30349999999999,717.245,204.94150000000002,119.40100000000007,2107.3015,0.31894249588869933,0.28582639334216431,0.24628126502290715,0.33898296770757497,100k
Alternating,100000,ALL,500,noalloc,1965.1079999999999,1883.7764999999999,2091.73,207.95350000000008,86.593499999999949,2107.3015,0.93252341916901782,0.93130595430918306,0.88272871630080374,0.99033580930535914,100k
Alternating,100000,ALL,500,noalloc-low-run,1978.6075000000001,1900.06675,2137.6175000000003,237.55075000000033,88.774500000000103,2107.3015,0.93892947924157988,0.94109108307596179,0.89055799480253039,0.99942349382793916,100k
Alternating,100000,ALL,500,physical-direct,724.67049999999995,693.43649999999991,794.25324999999998,100.81675000000007,38.281999999999925,2107.3015,0.34388553322815929,0.34263640600109135,0.32067716442413052,0.36949750464487224,100k
Alternating,100000,ALL,500,simulated-direct,485.40100000000001,335.01900000000001,512.42624999999998,177.40724999999998,98.652999999999992,2107.3015,0.23034245455621799,0.20908842545736792,0.16124952498843217,0.24376854186024921,100k
Alternating,100000,ALL,500,simulated-inplace-direct,1039.8040000000001,1004.6394999999999,1122.6647499999999,118.02525000000003,49.099999999999966,2107.3015,0.49342915572356405,0.49372296726462017,0.46648646329431709,0.52455957967885247,100k
Alternating,100000,ALL,500,frozen-single-direct,541.7645,519.41525000000001,597.13400000000001,77.71875,25.701000000000022,2107.3015,0.25708922050309363,0.2583597888993065,0.24325440926480926,0.27837601715788807,100k
Alternating,100000,ALL,500,frozen-deferred-direct,543.63599999999997,525.53275000000008,598.47024999999996,72.937499999999886,20.109999999999957,2107.3015,0.257977323131028,0.26070244399755982,0.24725344717178135,0.27879034223364102,100k
Alternating,100000,ALL,500,frozen-live-direct,603.41949999999997,582.49174999999991,660.24025000000006,77.748500000000149,22.117999999999938,2107.3015,0.28634701773808824,0.28766259490126911,0.27277390498271442,0.30459118682040154,100k
Alternating,100000,ALL,500,avx2-direct,333.91800000000001,331.94125000000003,366.89524999999998,34.953999999999951,3.8745000000000118,2107.3015,0.15845762934255017,0.16251464893121947,0.15408111492506238,0.17446163164856915,100k
Alternating,100000,ALL,500,linked-direct,432.661,428.68349999999998,485.12125000000003,56.437750000000051,7.0420000000000016,2107.3015,0.20531518627021336,0.21040747695854028,0.19845624789059252,0.22597936927980455,100k
Alternating,100000,ALL,500,indexed-direct,667.47749999999996,513.37725,713.44425000000001,200.06700000000001,124.02749999999997,2107.3015,0.31674513590010728,0.28157252379359837,0.2472698050715732,0.33432112970099942,100k
Alternating,100000,ALL,500,std::sort,2107.3015,2038.9212499999999,2255.4972500000003,216.57600000000048,87.07000000000005,2107.3015,1,1,1,1,100k
Sawtooth,100000,ALL,500,physical,1625.6759999999999,1555.3767500000001,1733.9590000000001,178.58224999999993,80.599499999999921,2344.2370000000001,0.69347766458766746,0.68787160219868348,0.65760742795329352,0.72731094012648101,100k
Sawtooth,100000,ALL,500,simulated,1054.7995000000001,1004.6524999999999,1136.6900000000001,132.03750000000014,59.031000000000006,2344.2370000000001,0.44995429216414556,0.44661811070244256,0.41890024469184506,0.48032023733827678,100k
Sawtooth,100000,ALL,500,simulated-inplace,1567.1665,1514.78,1673.2705000000001,158.49050000000011,69.784000000000106,2344.2370000000001,0.66851879737415631,0.6654135415679816,0.62929621473023745,0.7109605000289867,100k
Sawtooth,100000,ALL,500,frozen-single,1514.8944999999999,1439.2102500000001,1632.585,193.37474999999995,99.471999999999866,2344.2370000000001,0.646220710619276,0.64282492884328168,0.5967623127949121,0.69504304089139612,100k
Sawtooth,100000,ALL,500,frozen-deferred,1517.722,1418.05925,1621.82475,203.76549999999997,102.68500000000006,2344.2370000000001,0.64742685999751726,0.64234163280216361,0.59137907370057075,0.68900262700408232,100k
Sawtooth,100000,ALL,500,frozen-live,1353.4369999999999,1224.192,1444.50325,220.31124999999997,107.10550000000012,2344.2370000000001,0.57734648843099046,0.56750999818930492,0.51759088386446217,0.61159964586186377,100k
Sawtooth,100000,ALL,500,avx2,885.81449999999995,853.04275000000007,966.85825,113.81549999999993,38.746999999999957,2344.2370000000001,0.37786900385925137,0.37988257030559291,0.3583858428669342,0.40690081882098628,100k
Sawtooth,100000,ALL,500,linked,874.99099999999999,845.97249999999997,945.50625000000002,99.533750000000055,39.373000000000047,2344.2370000000001,0.37325193655760913,0.37373416525926129,0.35343253675846814,0.40609071930325202,100k
Sawtooth,100000,ALL,500,indexed,1176.4000000000001,1102.9792499999999,1269.95325,166.97400000000016,79.424000000000092,2344.2370000000001,0.50182639383304672,0.49564466832939591,0.46526719035237118,0.53686880392451874,100k
Sawtooth,100000,ALL,500,noalloc,2286.2600000000002,2222.3902499999999,2390.4997499999999,168.10950000000003,73.346000000000231,2344.2370000000001,0.9752682855871655,0.9736666035327679,0.92654328903242766,1.0206601834249307,100k
Sawtooth,100000,ALL,500,noalloc-low-run,911.37199999999996,886.17450000000008,973.76099999999997,87.586499999999887,37.622499999999945,2344.2370000000001,0.38877127184666055,0.39107053814250936,0.37091014604069616,0.41448447390424153,100k
Sawtooth,100000,ALL,500,physical-direct,672.53449999999998,646.91849999999999,731.46100000000001,84.542500000000018,28.204499999999996,2344.2370000000001,0.28688844174031891,0.28741619095005544,0.27140979225766282,0.30675804750345614,100k
Sawtooth,100000,ALL,500,simulated-direct,668.82850000000008,645.33024999999998,722.03099999999995,76.700749999999971,25.488500000000045,2344.2370000000001,0.28530754356321486,0.28583353728463096,0.27091389252284725,0.30339302102761828,100k
Sawtooth,100000,ALL,500,simulated-inplace-direct,672.5675,646.2807499999999,719.05250000000001,72.771750000000111,28.764499999999998,2344.2370000000001,0.28690251881529044,0.28633337052184538,0.27229503305306746,0.3061648137181196,100k
Sawtooth,100000,ALL,500,frozen-single-direct,672.56349999999998,646.53875000000005,729.577,83.038249999999948,28.896999999999991,2344.2370000000001,0.28690081250317268,0.28710669999477023,0.27042136690295321,0.30787412947269077,100k
Sawtooth,100000,ALL,500,frozen-deferred-direct,671.82100000000003,646.62075000000004,719.72399999999993,73.103249999999889,27.172500000000014,2344.2370000000001,0.28658407831631361,0.28644892514315434,0.26990935178675568,0.3023173687167453,100k
Sawtooth,100000,ALL,500,frozen-live-direct,672.97699999999998,646.55424999999991,730.8175,84.263250000000085,29.329499999999996,2344.2370000000001,0.28707720251834601,0.28754674268997715,0.27274161333250735,0.30478318611653638,100k
Sawtooth,100000,ALL,500,avx2-direct,671.78500000000008,645.06675000000007,724.93350000000009,79.866750000000025,28.569500000000119,2344.2370000000001,0.28656872150725377,0.28567476482445969,0.2701618870539475,0.30715965634241871,100k
Sawtooth,100000,ALL,500,linked-direct,671.50700000000006,645.82650000000001,726.47725000000003,80.650750000000016,28.536999999999978,2344.2370000000001,0.28645013281506948,0.28644707659483154,0.27317267239044463,0.30270060273422489,100k
Sawtooth,100000,ALL,500,indexed-direct,721.202,671.33800000000008,793.51075000000003,122.17274999999995,55.216000000000008,2344.2370000000001,0.30764892798808313,0.30437189537908654,0.28573601071441079,0.32780192223745785,100k
Sawtooth,100000,ALL,500,std::sort,2344.2370000000001,2275.5662500000003,2477.0842499999999,201.51799999999957,84.300500000000284,2344.2370000000001,1,1,1,1,100k
MixedDirectionRuns,100000,ALL,500,physical,703.01700000000005,673.51900000000001,778.78324999999995,105.26424999999995,40.055500000000052,2643.087,0.2659832990741508,0.27284229507906765,0.24728163615910942,0.30834351567569485,100k
MixedDirectionRuns,100000,ALL,500,simulated,336.95349999999996,324.86849999999998,379.54124999999999,54.672750000000008,17.305999999999983,2643.087,0.12748483118414186,0.13201933614320369,0.1189005582048232,0.14771530040814435,100k
MixedDirectionRuns,100000,ALL,500,simulated-inplace,1082.4075,1029.2407499999999,1163.7894999999999,134.54874999999993,62.475999999999999,2643.087,0.40952397707680455,0.41552066116078618,0.37081370573631284,0.46198172115646063,100k
MixedDirectionRuns,100000,ALL,500,frozen-single,688.26900000000001,657.59175000000005,759.68425000000002,102.09249999999997,39.134500000000003,2643.087,0.26040346004501552,0.26602851780125614,0.24162028979488009,0.29699831468573634,100k
MixedDirectionRuns,100000,ALL,500,frozen-deferred,732.31349999999998,704.12374999999997,790.4135,86.289750000000026,35.269000000000005,2643.087,0.27706749721064799,0.28381090973586998,0.25951001702531606,0.31342069663718652,100k
MixedDirectionRuns,100000,ALL,500,frozen-live,753.92650000000003,719.96875,830.63125000000002,110.66250000000002,45.124500000000069,2643.087,0.28524467790882407,0.29149893743736788,0.26440200182813806,0.32499043712259201,100k
MixedDirectionRuns,100000,ALL,500,avx2,345.75599999999997,332.28725000000003,379.13550000000004,46.848250000000007,17.767499999999956,2643.087,0.13081521720624406,0.13373179496665721,0.12170269948790409,0.14975511306771691,100k
MixedDirectionRuns,100000,ALL,500,linked,399.8965,387.98424999999997,441.50675000000001,53.522500000000036,16.376000000000005,2643.087,0.15129903026271932,0.15644962618784494,0.14144289445493025,0.17403375417137093,100k
MixedDirectionRuns,100000,ALL,500,indexed,539.83150000000001,518.94299999999998,587.29375000000005,68.350750000000062,25.22399999999999,2643.087,0.20424280396369851,0.21130825074529752,0.18835435928977426,0.23576644918802134,100k
MixedDirectionRuns,100000,ALL,500,noalloc,2824.4605000000001,2726.6132499999999,2976.9139999999998,250.30074999999988,112.01600000000008,2643.087,1.0686218425651521,1.0873404646306732,0.98256029976638137,1.1968935359834727,100k
MixedDirectionRuns,100000,ALL,500,noalloc-low-run,1533.4450000000002,1448.4257499999999,1644.2807499999999,195.85500000000002,96.658999999999878,2643.087,0.58017197315109192,0.5799872941266524,0.52665534273063086,0.65737905376911654,100k
MixedDirectionRuns,100000,ALL,500,physical-direct,245.12049999999999,123.49225000000001,694.62175000000002,571.12950000000001,139.30949999999999,2643.087,0.092740231403657919,0.089294223233290157,0.047175440552016862,0.27283214923179111,100k
MixedDirectionRuns,100000,ALL,500,simulated-direct,207.87950000000001,119.47699999999999,334.57374999999996,215.09674999999999,101.012,2643.087,0.078650267660504564,0.076665838125636016,0.045399279209877914,0.13214750974907954,100k
MixedDirectionRuns,100000,ALL,500,simulated-inplace-direct,202.82550000000001,119.34625,1073.89725,954.55099999999993,96.774500000000018,2643.087,0.076738109642247879,0.071718766852933519,0.045017207514215583,0.41547029365479915,100k
MixedDirectionRuns,100000,ALL,500,frozen-single-direct,274.68799999999999,119.26474999999999,677.26049999999998,557.99575000000004,168.84549999999999,2643.087,0.10392696116321558,0.10012560552927738,0.044876807201507087,0.262946323471143,100k
MixedDirectionRuns,100000,ALL,500,frozen-deferred-direct,202.33199999999999,118.7055,736.76175000000001,618.05624999999998,97.746999999999986,2643.087,0.07655139615154552,0.077937393696995136,0.045141289631526527,0.28486003637948676,100k
MixedDirectionRuns,100000,ALL,500,frozen-live-direct,209.92000000000002,119.27224999999999,750.61675000000002,631.34450000000004,104.27100000000002,2643.087,0.079422281597238381,0.076463829090396035,0.045218368640044734,0.28903659594245401,100k
MixedDirectionRuns,100000,ALL,500,avx2-direct,198.27850000000001,119.63050000000001,341.92925000000002,222.29875000000001,92.888000000000005,2643.087,0.075017772778572939,0.076095887465434109,0.045249403512313241,0.13328625645964279,100k
MixedDirectionRuns,100000,ALL,500,linked-direct,214.02350000000001,120.39675,410.51825000000002,290.12150000000003,107.4205,2643.087,0.080974822243838368,0.074406949285864443,0.046224989369261532,0.16129310463578234,100k
MixedDirectionRuns,100000,ALL,500,indexed-direct,212.29300000000001,124.7415,547.35500000000002,422.61350000000004,105.83700000000002,2643.087,0.08032009540359436,0.077775813536499386,0.047231202209867984,0.21295736878993607,100k
MixedDirectionRuns,100000,ALL,500,std::sort,2643.087,2444.9037499999995,2857.6624999999999,412.75875000000042,209.74849999999992,2643.087,1,1,1,1,100k
BlockSorted,100000,ALL,500,physical,710.94049999999993,676.96749999999997,758.029,81.061500000000024,37.188499999999976,2833.3775000000001,0.25091626512880827,0.25424491175691671,0.22862437639716637,0.2809700109162197,100k
BlockSorted,100000,ALL,500,simulated,303.21550000000002,295.40875,323.66525000000001,28.256500000000017,9.3025000000000375,2833.3775000000001,0.1070155671102774,0.10966613081157846,0.099464250828947665,0.12166274205701726,100k
BlockSorted,100000,ALL,500,simulated-inplace,1045.7485000000001,1000.09725,1128.2065,128.10924999999997,59.896000000000015,2833.3775000000001,0.36908195254603388,0.37541823121971996,0.33753691996593937,0.41486762570644509,100k
BlockSorted,100000,ALL,500,frozen-single,678.41650000000004,659.67799999999988,726.22799999999995,66.550000000000068,24.416999999999973,2833.3775000000001,0.2394373852407595,0.24489938064458064,0.22183074489187238,0.26936438266977492,100k
BlockSorted,100000,ALL,500,frozen-deferred,687.2505000000001,656.57600000000002,743.85249999999996,87.276499999999942,37.865499999999997,2833.3775000000001,0.24255521899217455,0.24603506084915697,0.22201418328063366,0.27525044414043326,100k
BlockSorted,100000,ALL,500,frozen-live,703.36349999999993,681.66999999999996,763.60175000000004,81.931750000000079,30.132999999999925,2833.3775000000001,0.24824207152064981,0.25456758386201772,0.23000491367216019,0.28231293697992155,100k
BlockSorted,100000,ALL,500,avx2,281.00400000000002,276.55000000000001,309.77975000000004,33.229750000000024,6.7725000000000364,2833.3775000000001,0.099176336368874254,0.10227321426914132,0.092987108907389218,0.11653091040327582,100k
BlockSorted,100000,ALL,500,linked,366.42399999999998,358.5095,402.16474999999997,43.655249999999967,11.663999999999987,2833.3775000000001,0.12932410171253211,0.13412640371121939,0.12094049231276544,0.14987300005402365,100k
BlockSorted,100000,ALL,500,indexed,490.88499999999999,472.59350000000001,530.36300000000006,57.76950000000005,22.657000000000011,2833.3775000000001,0.17325082873708145,0.17723883063800722,0.15873570712547402,0.19601343452201245,100k
BlockSorted,100000,ALL,500,noalloc,2988.8374999999996,2899.5460000000003,3144.52,244.97399999999971,111.61549999999966,2833.3775000000001,1.054867380008488,1.0649920229392147,0.96101456456038437,1.1572603613169898,100k
BlockSorted,100000,ALL,500,noalloc-low-run,1355.4075,1290.3240000000001,1441.28325,150.95924999999988,75.400000000000091,2833.3775000000001,0.47837166067705417,0.48257367731646106,0.43544142279281828,0.53608802607704109,100k
BlockSorted,100000,ALL,500,physical-direct,96.528000000000006,87.995249999999999,98.662999999999997,10.667749999999998,6.6115000000000066,2833.3775000000001,0.03406817481962781,0.033440306793688646,0.030313530472336071,0.037564589450941974,100k
BlockSorted,100000,ALL,500,simulated-direct,90.24199999999999,87.900749999999988,91.550749999999994,3.6500000000000057,2.1544999999999987,2833.3775000000001,0.031849621167670032,0.032187581382864872,0.029627309839514133,0.035758278307362029,100k
BlockSorted,100000,ALL,500,simulated-inplace-direct,88.476500000000001,87.641750000000002,89.59075,1.9489999999999981,0.94400000000000261,2833.3775000000001,0.031226513233764297,0.031810076871678555,0.028869979452761478,0.035108336158921366,100k
BlockSorted,100000,ALL,500,frozen-single-direct,87.975999999999999,87.418999999999997,89.15100000000001,1.7320000000000135,0.68549999999999756,2833.3775000000001,0.03104986892851376,0.031713090359093352,0.029013371478029515,0.035071789038429696,100k
BlockSorted,100000,ALL,500,frozen-deferred-direct,87.935500000000005,87.412999999999997,90.073250000000002,2.6602500000000049,0.75750000000000028,2833.3775000000001,0.031035575033683298,0.031883275605345027,0.028986613162795188,0.035636138687413318,100k
BlockSorted,100000,ALL,500,frozen-live-direct,88.057000000000002,87.447499999999991,89.215000000000003,1.7675000000000125,0.73300000000000409,2833.3775000000001,0.031078456718174687,0.031670203907704121,0.028929773679385658,0.035154934010092606,100k
BlockSorted,100000,ALL,500,avx2-direct,88.432999999999993,87.678750000000008,89.620000000000005,1.9412499999999966,0.87100000000000222,2833.3775000000001,0.031211160531909352,0.031963256391346367,0.028888907069657785,0.035175284196555266,100k
BlockSorted,100000,ALL,500,linked-direct,90.212999999999994,87.900750000000002,91.377499999999998,3.4767499999999956,2.0984999999999943,2833.3775000000001,0.031839386033100069,0.032451087343809679,0.029537385730857763,0.035891891198730701,100k
BlockSorted,100000,ALL,500,indexed-direct,97.289999999999992,87.909999999999997,98.853499999999997,10.9435,7.9794999999999874,2833.3775000000001,0.03433711180384541,0.033563320642130079,0.030057420439331742,0.037233396158200149,100k
BlockSorted,100000,ALL,500,std::sort,2833.3775000000001,2617.8460000000005,3093.6845000000003,475.83849999999984,234.61499999999978,2833.3775000000001,1,1,1,1,100k
OrganPipe,100000,ALL,500,physical,276.95600000000002,272.97825,305.40800000000002,32.429750000000013,7.0715000000000146,6285.9614999999994,0.044059448980080462,0.044900435184105095,0.042854292364442423,0.048419369284920431,100k
OrganPipe,100000,ALL,500,simulated,216.40049999999999,213.15625,241.70949999999999,28.553249999999991,4.742999999999995,6285.9614999999994,0.034425998313861769,0.034987538343845485,0.033308692695866414,0.037355647021553522,100k
OrganPipe,100000,ALL,500,simulated-inplace,447.03549999999996,404.0145,523.83449999999993,119.81999999999994,50.729999999999961,6285.9614999999994,0.071116487111796661,0.070377964561629175,0.062688645770408419,0.080237382073903629,100k
OrganPipe,100000,ALL,500,frozen-single,323.97000000000003,306.72000000000003,352.52350000000001,45.803499999999985,20.807000000000016,6285.9614999999994,0.051538654826314166,0.050986470707343183,0.047732920124033337,0.056055026484224529,100k
OrganPipe,100000,ALL,500,frozen-deferred,379.59950000000003,351.96849999999995,400.62125000000003,48.652750000000083,25.979000000000013,6285.9614999999994,0.060388454494988565,0.058858368235320715,0.05425270556255312,0.063198812296362067,100k
OrganPipe,100000,ALL,500,frozen-live,374.70050000000003,347.42649999999998,404.702,57.275500000000022,29.132500000000022,6285.9614999999994,0.059609098783058097,0.058472313864943962,0.053840658450757202,0.064006247346519732,100k
OrganPipe,100000,ALL,500,avx2,215.91800000000001,215.19200000000001,232.18575000000001,16.993750000000006,1.7845000000000084,6285.9614999999994,0.034349239969096217,0.035023863187561788,0.03354762471204991,0.036534160069219113,100k
OrganPipe,100000,ALL,500,linked,175.37049999999999,173.36075,192.77975000000001,19.419000000000011,3.6829999999999927,6285.9614999999994,0.027898755027373299,0.028482438170215049,0.027100040204200034,0.030571953534576868,100k
OrganPipe,100000,ALL,500,indexed,217.13999999999999,211.17250000000001,229.27525,18.102749999999986,6.3204999999999814,6285.9614999999994,0.034543641414284836,0.034666524114547619,0.033178100068090979,0.036577894088000489,100k
OrganPipe,100000,ALL,500,noalloc,2472.6044999999999,2393.9337499999997,2604.8752500000001,210.94150000000036,96.990999999999985,6285.9614999999994,0.39335342731577344,0.393822271219191,0.37594116267592387,0.41755948009430138,100k
OrganPipe,100000,ALL,500,noalloc-low-run,740.1925,716.78324999999995,789.30949999999996,72.526250000000005,25.465499999999963,6285.9614999999994,0.11775326654482374,0.11849248088943726,0.11333825357555018,0.12583120380559498,100k
OrganPipe,100000,ALL,500,physical-direct,157.88849999999999,153.64850000000001,160.58150000000001,6.9329999999999927,4.1679999999999922,6285.9614999999994,0.025117637134748599,0.025159259821726367,0.024021921511156036,0.026282493545160532,100k
OrganPipe,100000,ALL,500,simulated-direct,153.8295,153.56200000000001,157.547,3.9849999999999852,0.42399999999999238,6285.9614999999994,0.02447191253080376,0.02494640175061201,0.023768369485728292,0.025756167179106268,100k
OrganPipe,100000,ALL,500,simulated-inplace-direct,153.75749999999999,153.46299999999999,157.18674999999999,3.7237499999999955,0.41549999999999443,6285.9614999999994,0.024460458435833565,0.024844258973954907,0.023624307777495152,0.025774501659414594,100k
OrganPipe,100000,ALL,500,frozen-single-direct,153.7055,153.37774999999999,158.34550000000002,4.9677500000000236,0.51299999999999102,6285.9614999999994,0.024452186033910646,0.024919773143355639,0.023853308589309175,0.025809863092933982,100k
OrganPipe,100000,ALL,500,frozen-deferred-direct,153.6585,153.35175000000001,157.13249999999999,3.7807499999999834,0.42499999999999716,6285.9614999999994,0.024444709055249546,0.024799219522213718,0.023687602421288714,0.025749431179200151,100k
OrganPipe,100000,ALL,500,frozen-live-direct,153.70100000000002,153.34075000000001,159.40174999999999,6.0609999999999786,0.51250000000003126,6285.9614999999994,0.024451470152975011,0.024912184137404998,0.023709070237843327,0.025803312763872415,100k
OrganPipe,100000,ALL,500,avx2-direct,153.74250000000001,153.44999999999999,157.6705,4.2205000000000155,0.41550000000000864,6285.9614999999994,0.02445807216604811,0.024892857903576374,0.023631938823716302,0.025835863909496097,100k
OrganPipe,100000,ALL,500,linked-direct,153.72750000000002,153.53399999999999,156.12925000000001,2.5952500000000214,0.35699999999999932,6285.9614999999994,0.024455685896262652,0.024774282561462732,0.023550149980776501,0.025770205439528307,100k
OrganPipe,100000,ALL,500,indexed-direct,159.2825,154.00049999999999,160.85974999999999,6.859250000000003,4.8284999999999911,6285.9614999999994,0.025339401140143797,0.02532096934088552,0.024162728980804099,0.026428995965262724,100k
OrganPipe,100000,ALL,500,std::sort,6285.9614999999994,6108.3622500000001,6610.5737499999996,502.21149999999943,231.3995000000009,6285.9614999999994,1,1,1,1,100k
Rotated,100000,ALL,500,physical,258.54650000000004,160.67599999999999,874.12950000000001,713.45350000000008,104.22650000000003,2569.2694999999999,0.10063035426995885,0.13726406799664626,0.063950443878150909,0.33173431437269452,100k
Rotated,100000,ALL,500,simulated,111.94999999999999,106.06774999999999,234.74599999999998,128.67824999999999,9.3469999999999871,2569.2694999999999,0.043572696441537176,0.064011376645224299,0.028580638990863307,0.12181091211037451,100k
Rotated,100000,ALL,500,simulated-inplace,214.92399999999998,208.00475,350.62225000000001,142.61750000000001,9.6834999999999667,2569.2694999999999,0.083651792853961016,0.11773581948245862,0.053287955826980621,0.21779999165078284,100k
Rotated,100000,ALL,500,frozen-single,266.53949999999998,249.0915,455.65174999999999,206.56025,32.459499999999963,2569.2694999999999,0.103741355276276,0.13361132600758938,0.063822803582466239,0.27259860461105867,100k
Rotated,100000,ALL,500,frozen-deferred,433.54200000000003,257.47575000000001,575.77175000000011,318.29600000000011,174.17500000000001,2569.2694999999999,0.16874134846500144,0.1849729368022025,0.063082226543168751,0.41036814993655502,100k
Rotated,100000,ALL,500,frozen-live,451.96500000000003,258.05624999999998,619.14850000000001,361.09225000000004,183.01050000000004,2569.2694999999999,0.17591186911299109,0.17185337063956668,0.065500122292108665,0.41438190065447161,100k
Rotated,100000,ALL,500,avx2,115.6955,107.81825000000001,194.65275,86.834499999999991,10.800499999999992,2569.2694999999999,0.045030503806626751,0.057383823372280991,0.029023237070913914,0.11855225778147406,100k
Rotated,100000,ALL,500,linked,149.64949999999999,142.905,254.31975,111.41475,9.728999999999985,2569.2694999999999,0.05824593332852003,0.076508971419935595,0.037140807205101392,0.1473209589228123,100k
Rotated,100000,ALL,500,indexed,114.333,105.785,400.51575000000003,294.73075000000006,12.850000000000001,2569.2694999999999,0.044500197429658508,0.070095195804815491,0.030754938127182926,0.14130887094875783,100k
Rotated,100000,ALL,500,noalloc,500.25099999999998,279.81049999999999,730.50250000000005,450.69200000000006,224.9255,2569.2694999999999,0.19470553789705594,0.23089692269283396,0.058679064247616257,0.54485573319654568,100k
Rotated,100000,ALL,500,noalloc-low-run,535.36450000000002,292.74200000000002,755.75324999999998,463.01124999999996,229.80450000000002,2569.2694999999999,0.20837226301094536,0.254649050187016,0.064622727714687453,0.55770371243089634,100k
Rotated,100000,ALL,500,physical-direct,48.109499999999997,46.166499999999999,51.285499999999999,5.1189999999999998,2.1485000000000021,2569.2694999999999,0.018724972214864966,0.023647223290800296,0.010765204995960257,0.042854999572665864,100k
Rotated,100000,ALL,500,simulated-direct,46.305499999999995,45.041499999999999,46.875749999999996,1.8342499999999973,1.0455000000000005,2569.2694999999999,0.01802282711097454,0.021511720233175581,0.009866667285816387,0.039815261470656317,100k
Rotated,100000,ALL,500,simulated-inplace-direct,46.284499999999994,44.948250000000002,47.000250000000001,2.0519999999999996,1.1290000000000049,2569.2694999999999,0.01801465358149466,0.021446633594512342,0.0099798132998156677,0.038608273460089847,100k
Rotated,100000,ALL,500,frozen-single-direct,46.2485,44.894500000000001,46.759250000000002,1.8647500000000008,1.0365000000000002,2569.2694999999999,0.018000641816672016,0.021588013784723619,0.0099575214464069431,0.038083901495415011,100k
Rotated,100000,ALL,500,frozen-deferred-direct,46.230499999999999,44.816749999999999,46.789500000000004,1.9727500000000049,1.2025000000000006,2569.2694999999999,0.017993635934260691,0.021082788597823917,0.0098134610304530384,0.038813114362323362,100k
Rotated,100000,ALL,500,frozen-live-direct,46.234499999999997,44.959499999999991,46.748750000000001,1.7892500000000098,1.0439999999999969,2569.2694999999999,0.017995192797018764,0.020894711894086621,0.0097131044659000028,0.038831395664370952,100k
Rotated,100000,ALL,500,avx2-direct,46.1935,44.832499999999996,46.725750000000005,1.893250000000009,0.93850000000000122,2569.2694999999999,0.017979234953748528,0.020622063122113281,0.0094693642227615567,0.037761203943792156,100k
Rotated,100000,ALL,500,linked-direct,46.269500000000001,44.919250000000005,47.152749999999997,2.2334999999999923,1.145500000000002,2569.2694999999999,0.018008815346151893,0.021974685435084445,0.010015166732556445,0.039022717866815645,100k
Rotated,100000,ALL,500,indexed-direct,50.5685,46.454000000000001,58.730499999999999,12.276499999999999,4.3089999999999975,2569.2694999999999,0.019682053595389663,0.026236106422981964,0.012436609893945648,0.045538667421261912,100k
Rotated,100000,ALL,500,std::sort,2569.2694999999999,1313.79775,5122.7507500000002,3808.9530000000004,1474.7784999999999,2569.2694999999999,1,1,1,1,100k
MixedPhase3,100000,ALL,500,physical,4063.6260000000002,3849.7172499999997,4388.3977500000001,538.68050000000039,258.73249999999962,4063.3729999999996,1.0000622635431207,0.99862697962234481,0.86251779296826236,1.0966786670531121,100k
MixedPhase3,100000,ALL,500,simulated,2748.1835000000001,2595.9457499999999,2974.4022500000001,378.45650000000023,181.58649999999989,4063.3729999999996,0.67633060021809477,0.67099344803035932,0.5733678254979917,0.73799095666525927,100k
MixedPhase3,100000,ALL,500,simulated-inplace,3417.8375000000001,3246.59575,3717.154,470.55825000000004,218.02649999999994,4063.3729999999996,0.84113309312238882,0.83582792554604901,0.71572768562328615,0.92467307016950506,100k
MixedPhase3,100000,ALL,500,frozen-single,3269.7685000000001,3047.1970000000001,3569.5262499999999,522.32924999999977,251.94299999999998,4063.3729999999996,0.80469316993542073,0.79978386775946264,0.65568970167969665,0.88357580671495639,100k
MixedPhase3,100000,ALL,500,frozen-deferred,2862.8220000000001,2658.1930000000002,3169.471,511.27799999999979,243.27150000000006,4063.3729999999996,0.70454324523000977,0.69367442799456658,0.5826334601664851,0.79119934721722396,100k
MixedPhase3,100000,ALL,500,frozen-live,3240.931,3043.1722500000001,3506.1752500000002,463.00300000000016,217.27849999999989,4063.3729999999996,0.79759623347401298,0.79084191842196194,0.68003087255398498,0.88296988359360284,100k
MixedPhase3,100000,ALL,500,avx2,2740.8739999999998,2572.8920000000003,2993.7649999999999,420.87299999999959,200.63200000000006,4063.3729999999996,0.6745317252440276,0.67593554315249005,0.58099866018743618,0.74589308364720597,100k
MixedPhase3,100000,ALL,500,linked,2795.5385000000001,2627.9099999999999,3033.8744999999999,405.96450000000004,190.47700000000009,4063.3729999999996,0.68798471122390203,0.67984240579522959,0.59172183700231229,0.76485888933204271,100k
MixedPhase3,100000,ALL,500,indexed,2992.6379999999999,2834.8845000000001,3250.0232500000002,415.13875000000007,197.12100000000009,4063.3729999999996,0.73649108757674975,0.73330080190831071,0.63101451641186657,0.82107753754603452,100k
MixedPhase3,100000,ALL,500,noalloc,1682.4034999999999,1579.8979999999999,1882.8920000000001,302.99400000000014,122.57550000000003,4063.3729999999996,0.41404111805635369,0.41747029062800589,0.38077096162980784,0.46753707670843858,100k
MixedPhase3,100000,ALL,500,noalloc-low-run,1655.6534999999999,1577.3150000000001,1834.835,257.51999999999998,96.844500000000039,4063.3729999999996,0.4074579173509299,0.41150310352419617,0.37253396411256989,0.45300353096019025,100k
MixedPhase3,100000,ALL,500,physical-direct,4048.2065000000002,3839.0102499999998,4387.2355000000007,548.22525000000087,252.47050000000013,4063.3729999999996,0.99626750977574563,0.98656317567662333,0.8304537103961549,1.0931105395729315,100k
MixedPhase3,100000,ALL,500,simulated-direct,2730.0355,2592.9375,3030.5905000000002,437.65300000000025,174.55749999999989,4063.3729999999996,0.67186435997876648,0.67528069130461499,0.57284639212354882,0.74611064091347501,100k
MixedPhase3,100000,ALL,500,simulated-inplace-direct,3440.1125000000002,3243.6537499999999,3739.2204999999999,495.56674999999996,237.17200000000003,4063.3729999999996,0.84661499202755952,0.83838504554392612,0.7117556805046088,0.93656472482333897,100k
MixedPhase3,100000,ALL,500,frozen-single-direct,3272.645,3046.1067499999999,3593.3469999999998,547.24024999999983,264.75749999999994,4063.3729999999996,0.8054010793495946,0.79642531927344262,0.66149501890286933,0.89376696146243462,100k
MixedPhase3,100000,ALL,500,frozen-deferred-direct,2877.6125000000002,2680.2425000000003,3188.5882499999998,508.3457499999995,232.58500000000004,4063.3729999999996,0.708183201492947,0.70286013277221504,0.60659843055723361,0.78721278516918791,100k
MixedPhase3,100000,ALL,500,frozen-live-direct,3254.2384999999999,3071.4084999999995,3536.9182500000002,465.50975000000062,212.7645,4063.3729999999996,0.80087122201186067,0.79149786204798667,0.69282435563637934,0.88769350310330175,100k
MixedPhase3,100000,ALL,500,avx2-direct,2618.9454999999998,2478.4882500000003,2902.1100000000001,423.62174999999979,182.7049999999997,4063.3729999999996,0.64452500422678405,0.63891224979549066,0.55454123991226689,0.71461676317186396,100k
MixedPhase3,100000,ALL,500,linked-direct,2813.0619999999999,2630.1170000000002,3126.7550000000001,496.63799999999992,223.41999999999985,4063.3729999999996,0.69229726141311665,0.68749480949887887,0.60294474151200184,0.77436886387032933,100k
MixedPhase3,100000,ALL,500,indexed-direct,2992.9690000000001,2846.7317500000004,3240.3872499999998,393.65549999999939,174.04550000000017,4063.3729999999996,0.73657254699482433,0.73552732302229507,0.6333705266930858,0.79810742112703914,100k
MixedPhase3,100000,ALL,500,std::sort,4063.3729999999996,3843.6689999999999,4466.0437499999998,622.37474999999995,281.97649999999953,4063.3729999999996,1,1,1,1,100k
MixedPhase12,100000,ALL,500,physical,1567.2435,1464.2950000000001,1810.7494999999999,346.45449999999983,126.64149999999995,3211.9369999999999,0.48794341233965677,0.4858217497775974,0.4497000891092825,0.55036329227265446,100k
MixedPhase12,100000,ALL,500,simulated,1534.6860000000001,1415.1747499999999,1804.434,389.25925000000007,139.06450000000018,3211.9369999999999,0.47780700555459221,0.48117867641706003,0.43594733000793706,0.55748945039394282,100k
MixedPhase12,100000,ALL,500,simulated-inplace,1514.3645000000001,1418.7665,1752.4952499999999,333.72874999999999,116.2584999999998,3211.9369999999999,0.47148013799772542,0.47783363319590066,0.43418197346781873,0.5452041582707583,100k
MixedPhase12,100000,ALL,500,frozen-single,1542.6995000000002,1430.59025,1806.8534999999999,376.26324999999997,139.23099999999999,3211.9369999999999,0.48030191750336332,0.48353144386187497,0.43504461946823292,0.55809204922210354,100k
MixedPhase12,100000,ALL,500,frozen-deferred,1524.1174999999998,1421.0140000000001,1800.5317500000001,379.51774999999998,126.66099999999983,3211.9369999999999,0.47451662345805656,0.47545586917031335,0.43309567546711852,0.54867507142908434,100k
MixedPhase12,100000,ALL,500,frozen-live,1534.499,1426.6677500000001,1795.9302499999999,369.26249999999982,129.74250000000006,3211.9369999999999,0.47774878523457964,0.47898589692349747,0.43730129480310981,0.55348576091546542,100k
MixedPhase12,100000,ALL,500,avx2,1535.5740000000001,1434.2640000000001,1791.4807500000002,357.21675000000005,130.93000000000006,3211.9369999999999,0.47808347423999914,0.47623768706708219,0.43802248128613075,0.55144608112601878,100k
MixedPhase12,100000,ALL,500,linked,1537.6420000000001,1423.7660000000001,1793.277,369.51099999999997,135.93150000000003,3211.9369999999999,0.47872732248484329,0.48000577978415659,0.43594686875167388,0.55912921829424,100k
MixedPhase12,100000,ALL,500,indexed,1518.9740000000002,1430.1957499999999,1731.8657499999999,301.67000000000007,113.51800000000014,3211.9369999999999,0.47291525331910317,0.47889518397808745,0.43351986282332139,0.54658152890000844,100k
MixedPhase12,100000,ALL,500,noalloc,1491.4940000000001,1415.3445000000002,1619.8735000000001,204.529,89.593999999999937,3211.9369999999999,0.46435966832475239,0.46340660721600768,0.42576713271556954,0.50780149680469899,100k
MixedPhase12,100000,ALL,500,noalloc-low-run,1504.6275000000001,1422.1654999999998,1624.0174999999999,201.85200000000009,94.645500000000084,3211.9369999999999,0.46844863395514924,0.4708624219700635,0.42773921849941665,0.5089897110709527,100k
MixedPhase12,100000,ALL,500,physical-direct,1540.8240000000001,1450.46875,1756.0545,305.58574999999996,117.11250000000007,3211.9369999999999,0.47971800194088493,0.48755784641375999,0.44265581671019283,0.54795173751903337,100k
MixedPhase12,100000,ALL,500,simulated-direct,1529.5599999999999,1430.0405000000001,1785.6275000000001,355.58699999999999,121.88599999999997,3211.9369999999999,0.47621108384130822,0.48022105606801491,0.43547221839867856,0.55091193005857619,100k
MixedPhase12,100000,ALL,500,simulated-inplace-direct,1543.0709999999999,1446.4892500000001,1852.9772499999999,406.48799999999983,130.75099999999998,3211.9369999999999,0.480417579796864,0.4816524247280915,0.44187318322614827,0.56707773136452166,100k
MixedPhase12,100000,ALL,500,frozen-single-direct,1548.2435,1434.8629999999998,1830.8800000000001,396.01700000000028,146.41300000000001,3211.9369999999999,0.48202797875549863,0.47941173065484965,0.44320065636018979,0.55436732023122981,100k
MixedPhase12,100000,ALL,500,frozen-deferred-direct,1542.5225,1433.4512499999998,1816.9312500000001,383.48000000000025,134.06900000000007,3211.9369999999999,0.48024681056944768,0.47407946391342559,0.4376305923435132,0.56222834404760758,100k
MixedPhase12,100000,ALL,500,frozen-live-direct,1535.4585000000002,1431.3399999999999,1746.16075,314.82075000000009,126.0590000000002,3211.9369999999999,0.47804751463057971,0.48114484351154574,0.43674601221381859,0.54610786991814564,100k
MixedPhase12,100000,ALL,500,avx2-direct,1536.751,1443.3487500000001,1723.0615,279.71274999999991,117.2595,3211.9369999999999,0.47844991978360724,0.4783417347121468,0.43670109557369369,0.54619005468830528,100k
MixedPhase12,100000,ALL,500,linked-direct,1525.134,1427.8295000000001,1757.595,329.76549999999997,120.40999999999997,3211.9369999999999,0.47483309915480909,0.47786534169897865,0.43966813216645995,0.54220808858544733,100k
MixedPhase12,100000,ALL,500,indexed-direct,1535.239,1438.2534999999998,1789.3489999999999,351.09550000000013,121.92950000000008,3211.9369999999999,0.47797917580575211,0.48113450400177493,0.44330484455120317,0.54939225546404424,100k
MixedPhase12,100000,ALL,500,std::sort,3211.9369999999999,3058.5770000000002,3438.0587500000001,379.48174999999992,175.15449999999987,3211.9369999999999,1,1,1,1,100k
Random,1000000,ALL,50,physical,17931.168000000001,17394.1325,21042.237499999999,3648.1049999999996,668.65350000000035,70531.451499999996,0.25422939155023633,0.25722656839581237,0.24733516747114331,0.28776599199152031,1m
Random,1000000,ALL,50,simulated,17872.022499999999,17337.687249999999,22391.676749999999,5053.9894999999997,845.68949999999859,70531.451499999996,0.25339082239077415,0.25790388363689432,0.2464248514747828,0.30480059631443296,1m
Random,1000000,ALL,50,simulated-inplace,18343.659,17627.310000000001,23214.418249999999,5587.1082499999975,1078.2520000000004,70531.451499999996,0.26007771866144003,0.2646907268051244,0.25457027470124965,0.32093934090868792,1m
Random,1000000,ALL,50,frozen-single,18340.791499999999,17660.789499999999,24064.432000000001,6403.6425000000017,954.23299999999836,70531.451499999996,0.26003706303988372,0.26235909315565492,0.25113220917898627,0.33767349094774618,1m
Random,1000000,ALL,50,frozen-deferred,18156.8135,17507.040500000003,20390.356,2883.315499999997,855.36499999999978,70531.451499999996,0.25742860970328962,0.26062433876476632,0.25068536866584623,0.29173479657924467,1m
Random,1000000,ALL,50,frozen-live,17858.135000000002,17331.9355,18942.235249999998,1610.2997499999983,717.59400000000096,70531.451499999996,0.25319392441540783,0.2552683622455012,0.24498557683881156,0.27930497445923075,1m
Random,1000000,ALL,50,avx2,17786.3645,17307.2745,18704.175500000001,1396.9010000000017,610.12099999999919,70531.451499999996,0.2521763570965217,0.25803749465402409,0.24300211056081886,0.26794777955235949,1m
Random,1000000,ALL,50,linked,18111.766500000002,17560.044999999998,19218.661749999999,1658.616750000001,677.80349999999817,70531.451499999996,0.25678993009239293,0.25938704057917916,0.24855778727707856,0.28326178528509793,1m
Random,1000000,ALL,50,indexed,18457.7245,17542.064000000002,20359.25,2817.1859999999979,1026.9399999999987,70531.451499999996,0.26169494753698641,0.26477965836560052,0.24701573664208729,0.29551586786909739,1m
Random,1000000,ALL,50,noalloc,17681.519500000002,17208.580750000001,18503.517249999997,1294.9364999999962,576.00550000000294,70531.451499999996,0.25068985713416098,0.2505932118386347,0.23853317518276496,0.2661683633728319,1m
Random,1000000,ALL,50,noalloc-low-run,17551.745999999999,17228.860249999998,18019.350999999999,790.49075000000084,382.31999999999971,70531.451499999996,0.24884991910311105,0.2469988307969507,0.23555197514321635,0.2574260085453085,1m
Random,1000000,ALL,50,physical-direct,18077.463,17462.860250000002,20810.366750000001,3347.5064999999995,829.20349999999962,70531.451499999996,0.25630357259838898,0.25847996591482258,0.24189496702959831,0.30226423999593088,1m
Random,1000000,ALL,50,simulated-direct,18045.222000000002,17618.392500000002,21048.46775,3430.0752499999981,786.89700000000084,70531.451499999996,0.25584645737795431,0.25693080600351148,0.2453260544435322,0.29230845982676446,1m
Random,1000000,ALL,50,simulated-inplace-direct,18061.548000000003,17672.41475,19380.719499999999,1708.3047499999993,646.09500000000298,70531.451499999996,0.25607792858197459,0.25976937330745198,0.2465662485893024,0.28273691232995923,1m
Random,1000000,ALL,50,frozen-single-direct,18549.567000000003,17415.508249999999,23053.237000000001,5637.728750000002,1413.5845000000027,70531.451499999996,0.26299709711773056,0.26757202757377541,0.24701078919943889,0.34726103043136569,1m
Random,1000000,ALL,50,frozen-deferred-direct,18186.023000000001,17331.451499999999,20912.312249999999,3580.8607499999998,1089.5125000000007,70531.451499999996,0.2578427440983545,0.26027824512372982,0.2468245914364551,0.29907718381299103,1m
Random,1000000,ALL,50,frozen-live-direct,18155.085999999999,17562.684499999999,20063.292999999998,2500.6084999999985,821.76199999999881,70531.451499999996,0.25740411708385158,0.26021802460636756,0.24575768404681406,0.29372910335259445,1m
Random,1000000,ALL,50,avx2-direct,18094.298500000001,17444.967499999999,20520.153999999999,3075.1864999999998,876.08900000000176,70531.451499999996,0.25654226753011034,0.25923131078731132,0.24561360443888525,0.29668961380511361,1m
Random,1000000,ALL,50,linked-direct,17984.237999999998,17539.037499999999,20530.256999999998,2991.2194999999992,602.15949999999975,70531.451499999996,0.2549818218330584,0.25770897400730391,0.24818071444811129,0.27859259368550016,1m
Random,1000000,ALL,50,indexed-direct,17898.101999999999,17536.541250000002,20017.820249999997,2481.278999999995,516.16150000000198,70531.451499999996,0.25376057942037389,0.25783517811465223,0.24571812654597663,0.27991305830925906,1m
Random,1000000,ALL,50,std::sort,70531.451499999996,68234.007499999992,74375.327749999997,6141.3202500000043,2665.7299999999959,70531.451499999996,1,1,1,1,1m
Sorted,1000000,ALL,50,physical,284.11649999999997,282.0335,362.31425000000002,80.280750000000012,3.108999999999952,9441.3639999999996,0.030092738718685137,0.030896380735359247,0.02912460386941193,0.033840595416557415,1m
Sorted,1000000,ALL,50,simulated,284.41849999999999,282.59325000000001,314.55174999999997,31.958499999999958,3.3849999999999909,9441.3639999999996,0.030124725622272377,0.030873582592836832,0.029263768741958376,0.032548086011750889,1m
Sorted,1000000,ALL,50,simulated-inplace,284.82049999999998,282.84924999999998,318.33875,35.489500000000021,3.4689999999999941,9441.3639999999996,0.03016730421578916,0.03096060418189444,0.02989241822622949,0.032950617563221665,1m
Sorted,1000000,ALL,50,frozen-single,329.43100000000004,328.07174999999995,403.92900000000003,75.857250000000079,1.8650000000000375,9441.3639999999996,0.034892310051810316,0.035752889857636902,0.032536387304701091,0.043347976012942137,1m
Sorted,1000000,ALL,50,frozen-deferred,328.8895,327.68049999999999,374.25375000000003,46.57325000000003,1.86099999999999,9441.3639999999996,0.03483495605084181,0.035556532911539859,0.0337785145813463,0.040673264548905338,1m
Sorted,1000000,ALL,50,frozen-live,353.86599999999999,328.40575000000001,449.03674999999998,120.63099999999997,26.1995,9441.3639999999996,0.037480389486095445,0.036833799447226367,0.034661303758191195,0.045451616340113583,1m
Sorted,1000000,ALL,50,avx2,330.43049999999999,328.09699999999998,385.35424999999998,57.257249999999999,2.9405000000000143,9441.3639999999996,0.034998173992656145,0.035949963563276177,0.034616855137685691,0.038794675807971857,1m
Sorted,1000000,ALL,50,linked,286.20299999999997,283.41575,318.43849999999998,35.022749999999974,4.886999999999972,9441.3639999999996,0.030313734329065162,0.03097315865724895,0.029368008252694512,0.033242611858185667,1m
Sorted,1000000,ALL,50,indexed,282.30250000000001,281.46950000000004,314.84800000000001,33.378499999999974,1.2370000000000232,9441.3639999999996,0.029900605463363136,0.030703874493355994,0.029070740490486111,0.033460633918584747,1m
Sorted,1000000,ALL,50,noalloc,283.1395,281.54250000000002,302.88975000000005,21.347250000000031,1.9060000000000059,9441.3639999999996,0.029989257908073452,0.03052012066408552,0.029092155738538215,0.032262910189292553,1m
Sorted,1000000,ALL,50,noalloc-low-run,284.18349999999998,281.96975000000003,313.45925,31.489499999999964,2.9414999999999623,9441.3639999999996,0.030099835150937934,0.030824650527325193,0.028004495095153348,0.033050832431459849,1m
Sorted,1000000,ALL,50,physical-direct,284.41550000000001,282.28274999999996,365.92874999999998,83.646000000000015,3.2875000000000227,9441.3639999999996,0.030124407871574492,0.031151639075374608,0.028897955484615604,0.038120262394088625,1m
Sorted,1000000,ALL,50,simulated-direct,283.7955,282.19099999999997,309.01224999999999,26.82125000000002,2.1514999999999986,9441.3639999999996,0.03005873939401129,0.030870996056308934,0.028871309611720512,0.032503107202981635,1m
Sorted,1000000,ALL,50,simulated-inplace-direct,284.524,282.33500000000004,342.84024999999997,60.505249999999933,2.7845000000000084,9441.3639999999996,0.03013589985514805,0.030828960285887417,0.029158983085293549,0.032717798344032475,1m
Sorted,1000000,ALL,50,frozen-single-direct,338.97249999999997,328.50375000000003,384.6395,56.135749999999973,11.235499999999973,9441.3639999999996,0.03590291614643816,0.03603264410934777,0.034562521820350328,0.041367889735023429,1m
Sorted,1000000,ALL,50,frozen-deferred-direct,335.6705,328.46875,418.0145,89.545749999999998,7.910000000000025,9441.3639999999996,0.035553178544964481,0.036597337366270848,0.034549947197152063,0.041704188049901759,1m
Sorted,1000000,ALL,50,frozen-live-direct,332.51999999999998,328.63824999999997,415.41175000000004,86.77350000000007,4.5774999999999864,9441.3639999999996,0.035219487353734057,0.035931371273990501,0.034692710363479817,0.045210972688022245,1m
Sorted,1000000,ALL,50,avx2-direct,329.37,328.11099999999999,362.00525000000005,33.894250000000056,1.4969999999999857,9441.3639999999996,0.034885849120953286,0.035441244655318692,0.033650003553263821,0.038332484791882497,1m
Sorted,1000000,ALL,50,linked-direct,300.75149999999996,282.62774999999999,378.94050000000004,96.312750000000051,18.859499999999969,9441.3639999999996,0.031854666338465502,0.03156085951284527,0.029677090425783547,0.037190803016959956,1m
Sorted,1000000,ALL,50,indexed-direct,286.85000000000002,281.90800000000002,354.80450000000002,72.896500000000003,5.9770000000000039,9441.3639999999996,0.030382262562909348,0.031040050525992499,0.029518091055409298,0.036723515860936501,1m
Sorted,1000000,ALL,50,std::sort,9441.3639999999996,9172.7282500000001,10186.7845,1014.0562499999996,379.76350000000002,9441.3639999999996,1,1,1,1,1m
Reverse,1000000,ALL,50,physical,453.68950000000001,392.39150000000001,502.34350000000001,109.952,61.212500000000006,6300.6849999999995,0.072006377084396389,0.070198057086766547,0.064223691276869485,0.078773397423005376,1m
Reverse,1000000,ALL,50,simulated,416.05099999999999,391.33125000000001,509.06725,117.73599999999999,26.158500000000004,6300.6849999999995,0.066032661528071954,0.065781236771385004,0.061308452686969467,0.075985709388402656,1m
Reverse,1000000,ALL,50,simulated-inplace,397.00999999999999,391.32024999999999,460.84825000000001,69.52800000000002,8.0625,6300.6849999999995,0.063010609163924244,0.064847740415478083,0.059976632260659947,0.072222524265604965,1m
Reverse,1000000,ALL,50,frozen-single,452.13200000000001,436.76499999999999,535.05999999999995,98.294999999999959,16.477000000000004,6300.6849999999995,0.071759181739763228,0.072077090500882152,0.067127092637689234,0.081982266289521946,1m
Reverse,1000000,ALL,50,frozen-deferred,484.01249999999999,437.68874999999997,569.0452499999999,131.35649999999993,47.783999999999992,6300.6849999999995,0.076819028407228748,0.075929346283141769,0.068651783943179584,0.089288682279404369,1m
Reverse,1000000,ALL,50,frozen-live,472.96950000000004,437.53800000000001,593.28050000000007,155.74250000000006,36.390500000000031,6300.6849999999995,0.075066361832086523,0.074974330812275003,0.068072538268495547,0.085115562803996861,1m
Reverse,1000000,ALL,50,avx2,465.48199999999997,436.87025,538.59875,101.7285,29.228499999999968,6300.6849999999995,0.073877998979476042,0.074304208907583408,0.06581410420383646,0.085474263092894964,1m
Reverse,1000000,ALL,50,linked,420.279,392.43650000000002,512.73874999999998,120.30224999999996,30.174499999999995,6300.6849999999995,0.066703699677098605,0.065190660462789235,0.061715373159200837,0.083326580917536294,1m
Reverse,1000000,ALL,50,indexed,432.04949999999997,395.75650000000002,509.84525000000002,114.08875,41.980999999999966,6300.6849999999995,0.068571829888337543,0.067757285555484353,0.060373931215073853,0.07949115313994394,1m
Reverse,1000000,ALL,50,noalloc,425.80700000000002,391.33675000000005,520.84699999999998,129.51024999999993,35.214500000000015,6300.6849999999995,0.067581064598531748,0.066986808918773511,0.062808195866119465,0.078337276364940034,1m
Reverse,1000000,ALL,50,noalloc-low-run,401.226,390.35424999999998,489.91950000000003,99.565250000000049,11.649500000000018,6300.6849999999995,0.063679742758128682,0.064721299880302452,0.061240709451958961,0.071341111236803728,1m
Reverse,1000000,ALL,50,physical-direct,411.49950000000001,392.25225,453.63225,61.379999999999995,20.3245,6300.6849999999995,0.065310279755296449,0.06466590153344616,0.058046450273579409,0.069658242125177947,1m
Reverse,1000000,ALL,50,simulated-direct,423.3725,391.53250000000003,514.09400000000005,122.56150000000002,32.194500000000005,6300.6849999999995,0.067194678038975136,0.064753317522664833,0.056639314715681795,0.073621576452933782,1m
Reverse,1000000,ALL,50,simulated-inplace-direct,425.88999999999999,392.86000000000001,481.04424999999998,88.184249999999963,33.611499999999978,6300.6849999999995,0.06759423776938539,0.067370539574855171,0.059243398973014685,0.077510996318101266,1m
Reverse,1000000,ALL,50,frozen-single-direct,473.26549999999997,437.35149999999999,559.75350000000003,122.40200000000004,36.224499999999978,6300.6849999999995,0.075113340851034452,0.074421669243846675,0.069200083070853943,0.082721784983824459,1m
Reverse,1000000,ALL,50,frozen-deferred-direct,468.53550000000001,437.31725,500.40825000000007,63.091000000000065,31.363500000000016,6300.6849999999995,0.074362628825278526,0.073930968540975056,0.066609915032778744,0.078905072140885574,1m
Reverse,1000000,ALL,50,frozen-live-direct,470.07400000000001,437.98900000000003,593.67349999999999,155.68449999999996,33.185000000000002,6300.6849999999995,0.074606808624776519,0.074163396119185793,0.065998725482503823,0.08704383391854717,1m
Reverse,1000000,ALL,50,avx2-direct,470.96899999999999,436.65775000000002,502.22649999999999,65.568749999999966,34.30449999999999,6300.6849999999995,0.074748856671933289,0.072035277686693433,0.062035637222881558,0.079832675555256125,1m
Reverse,1000000,ALL,50,linked-direct,394.49599999999998,390.66050000000001,432.90749999999997,42.246999999999957,5.353999999999985,6300.6849999999995,0.062611604928670461,0.064534163666218752,0.057930288338310071,0.070930386255818739,1m
Reverse,1000000,ALL,50,indexed-direct,415.93299999999999,393.87624999999997,520.47525000000007,126.5990000000001,26.297500000000014,6300.6849999999995,0.066013933405653522,0.066612724926448097,0.061104604835881877,0.082954190519510779,1m
Reverse,1000000,ALL,50,std::sort,6300.6849999999995,6049.1459999999997,7417.1049999999996,1367.9589999999998,370.92749999999978,6300.6849999999995,1,1,1,1,1m
Sorted+Noise(5%),1000000,ALL,50,physical,21949.713499999998,20856.152750000001,27729.38175,6873.2289999999994,1976.8364999999994,25945.161,0.84600413541469244,0.83921986698953044,0.78997750688822344,0.91677360304616129,1m
Sorted+Noise(5%),1000000,ALL,50,simulated,14916.748,13976.41525,17638.717249999998,3662.3019999999979,1120.8445000000002,25945.161,0.57493372270844645,0.57246847089032404,0.53862329336921688,0.62599738145583317,1m
Sorted+Noise(5%),1000000,ALL,50,simulated-inplace,46101.146000000001,44833.301749999999,48042.698750000003,3209.3970000000045,1858.6744999999974,25945.161,1.7768687579159752,1.7792510732405216,1.5977666935148274,1.8847292220881133,1m
Sorted+Noise(5%),1000000,ALL,50,frozen-single,18654.8855,16595.825000000001,21839.274000000001,5243.4490000000005,2174.5575000000008,25945.161,0.71901213100970929,0.66631792213364327,0.61627223944936649,0.74620979009685073,1m
Sorted+Noise(5%),1000000,ALL,50,frozen-deferred,19356.551500000001,17895.15625,24561.854749999999,6666.6984999999986,2180.6965000000018,25945.161,0.74605632626446228,0.73101714550510355,0.67991197220523358,0.82639373291696483,1m
Sorted+Noise(5%),1000000,ALL,50,frozen-live,17470.502,16533.730750000002,20612.629499999999,4078.8987499999967,1270.6379999999999,25945.161,0.67336263590732781,0.65549960299266696,0.62433003578338131,0.71515302249228241,1m
Sorted+Noise(5%),1000000,ALL,50,avx2,16366.6685,13353.183000000001,18238.825250000002,4885.6422500000008,2881.2490000000007,25945.161,0.63081776597955974,0.56857973961063379,0.49207119438984259,0.6805934234337524,1m
Sorted+Noise(5%),1000000,ALL,50,linked,16041.0515,15381.965,19544.747500000001,4162.7825000000012,1089.0190000000002,25945.161,0.61826756442174324,0.6210948111546376,0.57986947154113877,0.66745511956233028,1m
Sorted+Noise(5%),1000000,ALL,50,indexed,17693.300499999998,17090.832249999999,19203.768499999998,2112.9362499999988,773.81749999999738,25945.161,0.68194992122037701,0.68604627092690895,0.64400280040467428,0.71993964442172276,1m
Sorted+Noise(5%),1000000,ALL,50,noalloc,17999.789499999999,17430.024249999999,20367.63625,2937.612000000001,614.46249999999964,25945.161,0.69376287547415871,0.69807744472135047,0.66381309276945433,0.7533362034323644,1m
Sorted+Noise(5%),1000000,ALL,50,noalloc-low-run,17987.923000000003,17507.17525,19377.49325,1870.3179999999993,555.36850000000231,25945.161,0.69330550694983173,0.70502494996865372,0.65656440779469882,0.73417740783767527,1m
Sorted+Noise(5%),1000000,ALL,50,physical-direct,21384.894,20257.285,27230.0635,6972.7785000000003,1320.933500000001,25945.161,0.82423439191608794,0.82826115226183461,0.75753880393741735,0.88395219726134511,1m
Sorted+Noise(5%),1000000,ALL,50,simulated-direct,14317.6585,13989.486000000001,17552.44325,3562.9572499999995,709.65249999999924,25945.161,0.55184311633294547,0.55590255488046569,0.52748303250513695,0.6038117200774662,1m
Sorted+Noise(5%),1000000,ALL,50,simulated-inplace-direct,45733.913499999995,44451.369749999998,47990.50275,3539.1330000000016,1736.447999999993,25945.161,1.762714577103607,1.7659243109133624,1.3856133160309325,1.8798749922632663,1m
Sorted+Noise(5%),1000000,ALL,50,frozen-single-direct,17123.184000000001,16582.214,18717.52475,2135.3107500000006,896.25349999999889,25945.161,0.65997601633691927,0.65655769084017235,0.60266062409236643,0.7198800057570609,1m
Sorted+Noise(5%),1000000,ALL,50,frozen-deferred-direct,17796.330000000002,17315.573,19989.22525,2673.6522499999992,752.69950000000063,25945.161,0.68592097000284569,0.71030231736365401,0.64122072185833601,0.76552135258472676,1m
Sorted+Noise(5%),1000000,ALL,50,frozen-live-direct,17870.510999999999,16705.038,18989.874250000001,2284.8362500000003,1184.1815000000006,25945.161,0.68878011587594301,0.66394622938226067,0.62257000377785898,0.73158718712381177,1m
Sorted+Noise(5%),1000000,ALL,50,avx2-direct,13912.0455,13236.2785,17712.46025,4476.1817499999997,1284.9000000000005,25945.161,0.53620964232983559,0.5298906901415692,0.50215280028909459,0.63340430149592342,1m
Sorted+Noise(5%),1000000,ALL,50,linked-direct,16454.970000000001,15367.52375,18237.569499999998,2870.0457499999975,1217.2165000000005,25945.161,0.63422115592190775,0.62807269154854239,0.57549892875507525,0.69262809284136495,1m
Sorted+Noise(5%),1000000,ALL,50,indexed-direct,17476.307999999997,17151.12225,19815.858,2664.7357499999998,605.71200000000317,25945.161,0.67358641559402921,0.69040627729162996,0.65127125715200229,0.738619617186274,1m
Sorted+Noise(5%),1000000,ALL,50,std::sort,25945.161,24740.712500000001,28211.853500000001,3471.1409999999996,1502.7189999999991,25945.161,1,1,1,1,1m
Sorted+Noise(10%),1000000,ALL,50,physical,28851.042000000001,27667.548500000001,29712.773000000001,2045.2245000000003,984.18900000000031,30970.469499999999,0.93156618113264322,0.93231118561888937,0.86625243244304206,0.97865575298072915,1m
Sorted+Noise(10%),1000000,ALL,50,simulated,19991.66,18897.850999999999,21445.947499999998,2548.0964999999997,1262.8349999999991,30970.469499999999,0.64550716610867009,0.64413342530161732,0.58939971311406614,0.70366812846207805,1m
Sorted+Noise(10%),1000000,ALL,50,simulated-inplace,50497.656000000003,49581.488249999995,55019.835500000001,5438.3472500000062,3669.5224999999991,30970.469499999999,1.6305098635976443,1.6280988876976226,1.4865834299746623,1.7919021306128735,1m
Sorted+Noise(10%),1000000,ALL,50,frozen-single,21819.377,20836.526249999999,24688.83425,3852.3080000000009,1234.6795000000002,30970.469499999999,0.7045219963488123,0.70137119271045933,0.63439060750467824,0.8143193697486919,1m
Sorted+Noise(10%),1000000,ALL,50,frozen-deferred,22111.612000000001,21170.962750000002,23420.927250000001,2249.9644999999982,1188.8149999999987,30970.469499999999,0.71395792046355644,0.71222212832023257,0.63694693693398396,0.75749387728769491,1m
Sorted+Noise(10%),1000000,ALL,50,frozen-live,21170.518,20450.943749999999,24401.507999999998,3950.5642499999994,2051.6489999999994,30970.469499999999,0.68357110311162705,0.68029614197059241,0.62040300241585244,0.78726794778991971,1m
Sorted+Noise(10%),1000000,ALL,50,avx2,22882.798499999997,18567.662750000003,23910.595249999998,5342.9324999999953,2373.9450000000033,30970.469499999999,0.7388586246650215,0.7235715530992195,0.60169051191427902,0.78167823587768026,1m
Sorted+Noise(10%),1000000,ALL,50,linked,21028.576500000003,20356.291499999999,22845.938000000002,2489.6465000000026,888.78950000000077,30970.469499999999,0.67898797917803611,0.68550367705145565,0.64900038767126245,0.72672156929251974,1m
Sorted+Noise(10%),1000000,ALL,50,indexed,24151.749,23241.621999999999,25519.929,2278.3070000000007,1149.0160000000014,30970.469499999999,0.7798315424310891,0.7841803072659963,0.69500036483790661,0.81735199711296302,1m
Sorted+Noise(10%),1000000,ALL,50,noalloc,17619.585999999999,17263.160250000001,18668.133249999999,1404.9729999999981,425.12049999999908,30970.469499999999,0.56891568918579039,0.56774524718697195,0.55392051080462967,0.59128213130337393,1m
Sorted+Noise(10%),1000000,ALL,50,noalloc-low-run,17607.117999999999,17348.233249999997,18461.742750000001,1113.5095000000038,470.5059999999994,30970.469499999999,0.56851311214381173,0.57869482282479323,0.55070537040511391,0.59546906460807225,1m
Sorted+Noise(10%),1000000,ALL,50,physical-direct,29023.468499999999,27816.184999999998,31459.718000000001,3643.5330000000031,1960.6070000000018,30970.469499999999,0.93713362982760073,0.93601318252939825,0.8006210434450417,1.0132177929447825,1m
Sorted+Noise(10%),1000000,ALL,50,simulated-direct,19837.071,18960.13825,21029.076500000003,2068.9382500000029,990.88999999999942,30970.469499999999,0.64051566928941783,0.64059206910319688,0.58968826810593522,0.69062770080287139,1m
Sorted+Noise(10%),1000000,ALL,50,simulated-inplace-direct,51413.532999999996,49480.388749999998,55063.777500000004,5583.3887500000055,3359.8740000000034,30970.469499999999,1.6600824537064249,1.6686287106348399,1.537410852599302,1.7686728145741164,1m
Sorted+Noise(10%),1000000,ALL,50,frozen-single-direct,21977.959000000003,21069.980250000001,24417.646499999999,3347.6662499999984,1324.0440000000017,30970.469499999999,0.70964242243728348,0.71647733340284714,0.6510465832418928,0.8078634241922662,1m
Sorted+Noise(10%),1000000,ALL,50,frozen-deferred-direct,22174.751,21405.928250000001,25346.134750000001,3940.2065000000002,2598.2104999999992,30970.469499999999,0.71599660444282254,0.72316618107876907,0.61941586875330801,0.81082849272405633,1m
Sorted+Noise(10%),1000000,ALL,50,frozen-live-direct,21706.181,20917.011750000001,24357.250749999999,3440.2389999999978,1129.1815000000006,30970.469499999999,0.7008670307694238,0.70713787693221875,0.64028346698115635,0.7730492864752091,1m
Sorted+Noise(10%),1000000,ALL,50,avx2-direct,22174.3125,17997.786999999997,23410.161,5412.3740000000034,1786.6880000000001,30970.469499999999,0.71598244579404913,0.68001220651171423,0.57404725792456801,0.75599146498350767,1m
Sorted+Noise(10%),1000000,ALL,50,linked-direct,20848.772499999999,20204.252,21723.961499999998,1519.7094999999972,759.95200000000114,30970.469499999999,0.67318231969328068,0.668302612701832,0.63769207519498849,0.70951780754446003,1m
Sorted+Noise(10%),1000000,ALL,50,indexed-direct,24195.233500000002,22969.797500000001,25192.583999999999,2222.7864999999983,1214.4265000000014,30970.469499999999,0.78123560574372319,0.78031156073128849,0.69542959213814115,0.82307938747878251,1m
Sorted+Noise(10%),1000000,ALL,50,std::sort,30970.469499999999,30159.8325,32021.780999999999,1861.9484999999986,986.77049999999872,30970.469499999999,1,1,1,1,1m
Random%25,1000000,ALL,50,physical,1178.2705000000001,1115.701,1270.87075,155.16975000000002,70.711000000000013,24870.478000000003,0.047376270773726178,0.046719912868101447,0.04242594794584964,0.052475635342896891,1m
Random%25,1000000,ALL,50,simulated,1162.9475,1099.644,1281.26225,181.61824999999999,83.677999999999997,24870.478000000003,0.046760158771375439,0.046936209993797828,0.044143685064629824,0.052834674548822576,1m
Random%25,1000000,ALL,50,simulated-inplace,1206.3995,1107.5625,1308.9169999999999,201.35449999999992,101.45900000000006,24870.478000000003,0.048507290450951521,0.047836460833015529,0.044282081768554256,0.052748085745128501,1m
Random%25,1000000,ALL,50,frozen-single,1153.0790000000002,1100.5749999999998,1246.7114999999999,146.13650000000007,58.549499999999853,24870.478000000003,0.046363363020204114,0.045862725005309593,0.042492840113189698,0.051196886010389381,1m
Random%25,1000000,ALL,50,frozen-deferred,1198.0554999999999,1095.173,1312.1257499999999,216.95274999999992,110.56249999999989,24870.478000000003,0.048171792275162537,0.048191520618215244,0.042573840797562053,0.052853490186044016,1m
Random%25,1000000,ALL,50,frozen-live,1134.9605000000001,1102.4222500000001,1321.1577499999999,218.73549999999977,57.880000000000223,24870.478000000003,0.04563484867480231,0.046072085094335288,0.042694560350293037,0.052750996978450988,1m
Random%25,1000000,ALL,50,avx2,1207.7065,1106.89825,1335.1902500000001,228.29200000000014,103.30899999999997,24870.478000000003,0.048559842717940518,0.047437095067503064,0.04429925603711958,0.054835897639204947,1m
Random%25,1000000,ALL,50,linked,1152.114,1093.2942499999999,1262.1655000000001,168.87125000000015,76.974500000000035,24870.478000000003,0.04632456199675776,0.046781486816484925,0.042187442185478048,0.051352067925858884,1m
Random%25,1000000,ALL,50,indexed,1204.309,1104.4485,1321.066,216.61750000000006,109.56449999999995,24870.478000000003,0.048423234969589238,0.047730845644624237,0.044988622407156627,0.05190134627085044,1m
Random%25,1000000,ALL,50,noalloc,1153.6385,1079.0464999999999,1259.4755,180.42900000000009,77.62600000000009,24870.478000000003,0.046385859572140108,0.046554097602117296,0.043508650081792603,0.05169943414072465,1m
Random%25,1000000,ALL,50,noalloc-low-run,1150.5599999999999,1105.1217499999998,1249.91275,144.79100000000017,66.545499999999947,24870.478000000003,0.046262078276099065,0.04748260602893993,0.042742705122717939,0.052097079059008226,1m
Random%25,1000000,ALL,50,physical-direct,1191.5435,1119.37625,1297.8722500000001,178.49600000000009,86.302999999999997,24870.478000000003,0.047909955731449946,0.048790728994878671,0.044906088425671842,0.052389916492431174,1m
Random%25,1000000,ALL,50,simulated-direct,1239.4794999999999,1116.29475,1362.3140000000001,246.01925000000006,124.21350000000007,24870.478000000003,0.049837381493029596,0.047013850518167019,0.043963658278653013,0.056153908610256799,1m
Random%25,1000000,ALL,50,simulated-inplace-direct,1206.0129999999999,1128.44625,1314.04025,185.59400000000005,95.357500000000073,24870.478000000003,0.04849174993741575,0.048488531394919779,0.044312415953993586,0.054292743575836522,1m
Random%25,1000000,ALL,50,frozen-single-direct,1217.0609999999999,1114.0795000000001,1318.874,204.79449999999997,105.00749999999994,24870.478000000003,0.048935971395483426,0.046827417709459807,0.04302727557199626,0.054260326225488598,1m
Random%25,1000000,ALL,50,frozen-deferred-direct,1154.3274999999999,1110.9114999999999,1248.4200000000001,137.50850000000014,49.270500000000084,24870.478000000003,0.046413563100797653,0.046859439001378525,0.043272964706886741,0.050964292435717359,1m
Random%25,1000000,ALL,50,frozen-live-direct,1165.2085,1109.288,1251.2037499999999,141.91574999999989,59.258499999999913,24870.478000000003,0.046851069770351812,0.047964579675996988,0.043055634991048898,0.05052183307059438,1m
Random%25,1000000,ALL,50,avx2-direct,1200.079,1108.44175,1305.54475,197.10300000000007,94.255000000000109,24870.478000000003,0.048253153799456522,0.047867347252726379,0.045300175649715418,0.053537085351739878,1m
Random%25,1000000,ALL,50,linked-direct,1176.6379999999999,1085.9105,1301.0245,215.11400000000003,96.612499999999841,24870.478000000003,0.047310630700382994,0.046846549444001448,0.043417813050327332,0.053383502861355556,1m
Random%25,1000000,ALL,50,indexed-direct,1165.8185000000001,1104.231,1319.0164999999997,214.78549999999973,83.298000000000116,24870.478000000003,0.046875596842167647,0.04697445829864675,0.043160017836116886,0.053334313571672363,1m
Random%25,1000000,ALL,50,std::sort,24870.478000000003,23913.572500000002,26980.231500000002,3066.6589999999997,1299.7500000000018,24870.478000000003,1,1,1,1,1m
Alternating,1000000,ALL,50,physical,8375.4344999999994,8156.5290000000005,8799.0985000000001,642.56949999999961,298.66349999999966,28685.402999999998,0.29197548662642109,0.29888049020637858,0.27787475907788217,0.31408196342088179,1m
Alternating,1000000,ALL,50,simulated,5876.6599999999999,5642.7065000000002,6456.4964999999993,813.78999999999905,333.01600000000008,28685.402999999998,0.20486586853947983,0.20915265565324287,0.19574320937288517,0.22166861572940844,1m
Alternating,1000000,ALL,50,simulated-inplace,38131.597500000003,35979.329749999997,44752.217749999996,8772.887999999999,2497.2849999999999,28685.402999999998,1.3293031825280617,1.3429812029904857,1.2450677383875557,1.4214877534767476,1m
Alternating,1000000,ALL,50,frozen-single,8587.8080000000009,8258.5750000000007,9219.3009999999995,960.72599999999875,399.23100000000068,28685.402999999998,0.29937902563195651,0.30267350086456146,0.27788214929196164,0.32142008677938699,1m
Alternating,1000000,ALL,50,frozen-deferred,8386.1625000000004,8030.41075,8814.9795000000013,784.56875000000127,392.27150000000029,28685.402999999998,0.29234947474853329,0.29251553273227443,0.26571794751339806,0.31147365566224849,1m
Alternating,1000000,ALL,50,frozen-live,9000.9030000000002,8580.4542500000007,10104.9205,1524.4662499999995,717.85150000000067,28685.402999999998,0.31377990401599032,0.311598868054484,0.29384498417249344,0.33618544630810965,1m
Alternating,1000000,ALL,50,avx2,5600.2044999999998,5418.8024999999998,6139.0945000000002,720.29200000000037,246.13050000000021,28685.402999999998,0.19522837102898641,0.19995639730896236,0.18171345215966622,0.21665264884177404,1m
Alternating,1000000,ALL,50,linked,6893.8009999999995,6705.0412500000002,7407.0020000000004,701.96075000000019,253.30999999999949,28685.402999999998,0.24032435591021678,0.24278012132622553,0.22310345844574231,0.26069504884183931,1m
Alternating,1000000,ALL,50,indexed,7929.1679999999997,7553.5045,9559.0662499999999,2005.5617499999998,548.26099999999951,28685.402999999998,0.27641821870168604,0.27977342653990922,0.26518312328691163,0.31225053682887211,1m
Alternating,1000000,ALL,50,noalloc,22302.020499999999,21609.701499999999,24542.855749999999,2933.1542499999996,921.52399999999943,28685.402999999998,0.77746931078500103,0.78180797384568823,0.70035987567999347,0.86019508490734975,1m
Alternating,1000000,ALL,50,noalloc-low-run,22998.575000000001,21924.08725,24493.571250000001,2569.4840000000004,1315.3019999999997,28685.402999999998,0.80175185267573201,0.80854581966789785,0.72565516815392583,0.84573334554888613,1m
Alternating,1000000,ALL,50,physical-direct,8535.664499999999,8017.5237500000003,9313.8677499999994,1296.3439999999991,554.57299999999896,28685.402999999998,0.29756125441221792,0.29872664783415825,0.26929879752822589,0.33120909613421584,1m
Alternating,1000000,ALL,50,simulated-direct,5892.3629999999994,5640.1224999999995,6470.1905000000006,830.06800000000112,299.57999999999947,28685.402999999998,0.2054132898185185,0.20953939378874042,0.19822865430962752,0.22201840663300687,1m
Alternating,1000000,ALL,50,simulated-inplace-direct,37852.664499999999,36489.561249999999,42492.156750000002,6002.5955000000031,1895.9840000000004,28685.402999999998,1.3195793170484653,1.3448996483936666,1.2017549043922684,1.446038862901351,1m
Alternating,1000000,ALL,50,frozen-single-direct,8505.3050000000003,8042.7975000000006,9957.8310000000001,1915.0334999999995,569.84000000000015,28685.402999999998,0.29650289382373329,0.29703357397965408,0.2756978803475249,0.31876682651285204,1m
Alternating,1000000,ALL,50,frozen-deferred-direct,8184.5010000000002,7891.1307500000003,9830.9312499999996,1939.8004999999994,347.9045000000001,28685.402999999998,0.28531936609013303,0.2916445268296014,0.27383838101131847,0.31937368202947403,1m
Alternating,1000000,ALL,50,frozen-live-direct,8999.5969999999998,8554.1834999999992,9616.3165000000008,1062.1330000000016,471.95499999999993,28685.402999999998,0.3137343756334886,0.3179621210328063,0.28894992423628074,0.33384124843887719,1m
Alternating,1000000,ALL,50,avx2-direct,5821.5074999999997,5552.9982499999996,6218.3914999999997,665.39325000000008,327.94249999999965,28685.402999999998,0.20294320076311984,0.20520297495042922,0.19243225798791114,0.22352454297659791,1m
Alternating,1000000,ALL,50,linked-direct,6754.2160000000003,6587.9250000000002,7303.683250000001,715.75825000000077,240.55249999999978,28685.402999999998,0.23545829214949501,0.2407655516816796,0.22810064451307971,0.2687930539389996,1m
Alternating,1000000,ALL,50,indexed-direct,8078.1030000000001,7615.2304999999997,9198.3662499999991,1583.1357499999995,558.21000000000004,28685.402999999998,0.2816102322146215,0.2778037777606287,0.26530393623625759,0.30556530799294135,1m
Alternating,1000000,ALL,50,std::sort,28685.402999999998,27062.160749999999,31757.039000000001,4694.8782500000016,2044.8459999999977,28685.402999999998,1,1,1,1,1m
Sawtooth,1000000,ALL,50,physical,21128.200499999999,20028.632000000001,23686.08625,3657.4542499999989,1807.798499999999,26570.554,0.79517350296873746,0.78999333683804818,0.73841527140741914,0.83894666177802257,1m
Sawtooth,1000000,ALL,50,simulated,12573.563,12102.412,13827.925999999999,1725.5139999999992,629.58749999999964,26570.554,0.47321418288832068,0.47670565310188517,0.44242556487320434,0.50682101926990242,1m
Sawtooth,1000000,ALL,50,simulated-inplace,37078.941999999995,35915.999499999998,41531.608499999995,5615.6089999999967,2100.7214999999997,26570.554,1.3954899848907929,1.421108999727593,1.3337125377974532,1.5505309974852219,1m
Sawtooth,1000000,ALL,50,frozen-single,18700.139999999999,17597.308249999998,19696.694000000003,2099.3857500000049,1101.1435000000001,26570.554,0.70379187426803369,0.69979946195975984,0.63279584819566614,0.73414864720786388,1m
Sawtooth,1000000,ALL,50,frozen-deferred,17589.372499999998,16923.117999999999,20427.378749999996,3504.2607499999976,795.51200000000244,26570.554,0.66198742036014746,0.67905085589852443,0.61459341937237544,0.72507443713575093,1m
Sawtooth,1000000,ALL,50,frozen-live,15941.749,15336.701500000001,17137.68275,1800.9812499999989,783.43350000000009,26570.554,0.59997804336334126,0.60987367351634192,0.56794782478920802,0.63844313119066298,1m
Sawtooth,1000000,ALL,50,avx2,12133.532999999999,11758.123,13160.237249999998,1402.1142499999987,492.90400000000045,26570.554,0.45665336898884379,0.47155122531232296,0.40882112427978945,0.48466864869674353,1m
Sawtooth,1000000,ALL,50,linked,11885.375,11441.276249999999,12707.741750000001,1266.4655000000021,527.76900000000023,26570.554,0.44731378201598659,0.45486365991223443,0.43020051227145029,0.48779109167236623,1m
Sawtooth,1000000,ALL,50,indexed,14858.236499999999,14310.714749999999,15736.37275,1425.6580000000013,597.34099999999944,26570.554,0.55919934902373503,0.56658603936199481,0.51539445661897731,0.59625160781905562,1m
Sawtooth,1000000,ALL,50,noalloc,20811.258000000002,19845.376250000001,21939.618999999999,2094.2427499999976,1008.072500000002,26570.554,0.7832451668113507,0.78120477593373105,0.71301145012153655,0.83453451188928751,1m
Sawtooth,1000000,ALL,50,noalloc-low-run,10602.1855,10280.834999999999,11962.3125,1681.4775000000009,546.45899999999983,26570.554,0.39902011452226399,0.40746934007169444,0.38687025941913467,0.43263027511149033,1m
Sawtooth,1000000,ALL,50,physical-direct,8741.7635000000009,8431.10275,9522.4604999999992,1091.3577499999992,408.80199999999877,26570.554,0.32900192822475588,0.33729380999100955,0.30747445712993493,0.35389549845852591,1m
Sawtooth,1000000,ALL,50,simulated-direct,8942.6445000000003,8460.4202499999992,10386.486000000001,1926.0657500000016,613.59749999999985,26570.554,0.33656221469827091,0.33883707569424537,0.31298763057376994,0.36758772570594617,1m
Sawtooth,1000000,ALL,50,simulated-inplace-direct,8722.1280000000006,8430.7522499999995,9473.4657499999994,1042.7134999999998,426.16749999999956,26570.554,0.32826293347139096,0.33126394220437971,0.31089519864016635,0.3487053114462933,1m
Sawtooth,1000000,ALL,50,frozen-single-direct,9556.3220000000001,8633.7005000000008,10637.217000000001,2003.5164999999997,950.62299999999959,26570.554,0.3596583646694006,0.34806885168594459,0.32747643199594434,0.38517256745205941,1m
Sawtooth,1000000,ALL,50,frozen-deferred-direct,8858.1284999999989,8515.1507499999989,11015.8595,2500.7087500000016,553.83999999999924,26570.554,0.33338140032759567,0.33769041421230495,0.31704260114328497,0.37543686608075028,1m
Sawtooth,1000000,ALL,50,frozen-live-direct,8722.3495000000003,8337.3104999999996,9969.3199999999997,1632.0095000000001,545.6850000000004,26570.554,0.328271269767277,0.33721655473125478,0.3064557296491105,0.3611232407206677,1m
Sawtooth,1000000,ALL,50,avx2-direct,8675.5989999999983,8429.2945,9200.6615000000002,771.36700000000019,326.98299999999745,26570.554,0.32651178443625972,0.33019181755512672,0.3032130919057614,0.35499786662597771,1m
Sawtooth,1000000,ALL,50,linked-direct,8971.9889999999996,8506.9907500000008,10577.98475,2070.9939999999988,602.04549999999927,26570.554,0.33766661395166991,0.34028252621364974,0.3199561438389481,0.36350606488872061,1m
Sawtooth,1000000,ALL,50,indexed-direct,8712.5554999999986,8393.2855000000018,9329.6310000000012,936.34549999999945,463.262499999998,26570.554,0.32790266623721881,0.32596726530017761,0.30768364848407426,0.35392204493814489,1m
Sawtooth,1000000,ALL,50,std::sort,26570.554,24949.107500000002,30105.445249999997,5156.3377499999951,1909.4354999999996,26570.554,1,1,1,1,1m
MixedDirectionRuns,1000000,ALL,50,physical,10827.697499999998,10553.48725,11160.558000000001,607.07075000000077,306.16149999999834,32728.969499999999,0.33082916038648874,0.33848471475460773,0.31496497805843915,0.35458281705212114,1m
MixedDirectionRuns,1000000,ALL,50,simulated,6860.5990000000002,6544.8710000000001,7130.7112499999994,585.84024999999929,294.11250000000018,32728.969499999999,0.2096185460406873,0.20907005452672156,0.19462672088543304,0.23296482322296438,1m
MixedDirectionRuns,1000000,ALL,50,simulated-inplace,36573.3995,35546.133750000001,38456.069749999995,2909.9359999999942,1750.0529999999999,32728.969499999999,1.1174626044978289,1.1359685790943335,1.0444019900757717,1.2117826499585536,1m
MixedDirectionRuns,1000000,ALL,50,frozen-single,10048.182499999999,9743.2792499999996,10394.358749999999,651.07949999999983,320.10699999999997,32728.969499999999,0.30701188132428059,0.30974800249849888,0.28872181306393346,0.3372451022617885,1m
MixedDirectionRuns,1000000,ALL,50,frozen-deferred,10770.326999999999,10426.2605,11239.973249999999,813.71274999999878,386.42699999999968,32728.969499999999,0.32907626376687477,0.34100336225009137,0.31841805541770463,0.35932783248183076,1m
MixedDirectionRuns,1000000,ALL,50,frozen-live,10669.576499999999,10368.69425,11149.733499999998,781.03924999999799,386.94500000000062,32728.969499999999,0.32599793586535009,0.33861068867547894,0.31667826079337735,0.3594039909220676,1m
MixedDirectionRuns,1000000,ALL,50,avx2,6835.4670000000006,6575.08925,7180.4965000000002,605.4072500000002,296.16800000000012,32728.969499999999,0.20885066362996857,0.21597284392993593,0.19917821373375813,0.23039754796600026,1m
MixedDirectionRuns,1000000,ALL,50,linked,6948.6835000000001,6784.8642500000005,7319.4622500000005,534.59799999999996,230.11850000000004,32728.969499999999,0.21230987733970666,0.22161451735435694,0.20712173732172981,0.22981475723991757,1m
MixedDirectionRuns,1000000,ALL,50,indexed,8918.3705000000009,8568.6409999999996,9530.4955000000009,961.85450000000128,414.05499999999938,32728.969499999999,0.27249163772174378,0.28485552628907473,0.26151453036460803,0.29722517984381502,1m
MixedDirectionRuns,1000000,ALL,50,noalloc,32281.014499999997,31602.215749999999,32961.369749999998,1359.1539999999986,687.61699999999837,32728.969499999999,0.98631319571488485,0.9978542977876691,0.93880682712300312,1.0821204630386307,1m
MixedDirectionRuns,1000000,ALL,50,noalloc-low-run,18998.770499999999,18332.698499999999,19530.08625,1197.3877500000017,626.51850000000013,32728.969499999999,0.58048789162151893,0.57823335042845203,0.55047477537754408,0.63795680658195419,1m
MixedDirectionRuns,1000000,ALL,50,physical-direct,10556.182499999999,3525.2627499999999,11089.394750000001,7564.1320000000014,1342.3375000000015,32728.969499999999,0.32253329882567794,0.31163177637714701,0.10967043894235066,0.35887499431438502,1m
MixedDirectionRuns,1000000,ALL,50,simulated-direct,6412.076,3525.181,6761.9682499999999,3236.7872499999999,938.35199999999986,32728.969499999999,0.19591438709978326,0.18395499953978647,0.1068453158559385,0.21823794659268231,1m
MixedDirectionRuns,1000000,ALL,50,simulated-inplace-direct,34821.174499999994,3517.4669999999996,37472.820500000002,33955.353500000005,5741.6085000000094,32728.969499999999,1.0639251718573051,1.0567950689710703,0.11545965975279354,1.18880646118448,1m
MixedDirectionRuns,1000000,ALL,50,frozen-single-direct,9491.4140000000007,3468.3157499999998,10017.955750000001,6549.6400000000012,992.11599999999999,32728.969499999999,0.29000039246576342,0.28347576223736692,0.10627422173275772,0.31975297080652471,1m
MixedDirectionRuns,1000000,ALL,50,frozen-deferred-direct,10528.35,3497.8797500000001,10990.44375,7492.5640000000003,2305.3364999999994,32728.969499999999,0.32168290541503303,0.31879415753522233,0.1096725737863259,0.35060512368173008,1m
MixedDirectionRuns,1000000,ALL,50,frozen-live-direct,10424.2575,3550.3284999999996,10812.422999999999,7262.0944999999992,1001.8090000000002,32728.969499999999,0.31850246614089089,0.30333703412850882,0.1133085967913029,0.34531185828861505,1m
MixedDirectionRuns,1000000,ALL,50,avx2-direct,6480.2980000000007,3470.7559999999999,6840.8594999999996,3370.1034999999997,1019.9409999999993,32728.969499999999,0.19799884014068944,0.19418797695074561,0.10770486006886069,0.21992822932625677,1m
MixedDirectionRuns,1000000,ALL,50,linked-direct,6854.2595000000001,3562.1385,7248.1622500000003,3686.0237500000003,820.86850000000004,32728.969499999999,0.20942484913862017,0.21572896056109392,0.1088866832543755,0.23093111230288854,1m
MixedDirectionRuns,1000000,ALL,50,indexed-direct,8623.4655000000002,3436.7987499999999,8993.5335000000014,5556.7347500000014,684.07600000000002,32728.969499999999,0.2634811187684965,0.26278816726093746,0.10614652445002926,0.28352564589984969,1m
MixedDirectionRuns,1000000,ALL,50,std::sort,32728.969499999999,30244.059000000001,33478.370750000002,3234.3117500000008,1722.973,32728.969499999999,1,1,1,1,1m
BlockSorted,1000000,ALL,50,physical,11995.266500000002,11312.011500000001,12876.348750000001,1564.3372500000005,688.62300000000141,34200.683999999994,0.35073177191426941,0.35883958968729679,0.3255037219479181,0.37813989399219927,1m
BlockSorted,1000000,ALL,50,simulated,6704.9054999999998,6358.5219999999999,7016.165,657.64300000000003,344.2814999999996,34200.683999999994,0.19604594750210261,0.19362315743822922,0.18051639239282558,0.21409017537441943,1m
BlockSorted,1000000,ALL,50,simulated-inplace,38027.082000000002,36678.078000000001,40473.447749999999,3795.369749999998,1691.7715000000026,34200.683999999994,1.1118807448412438,1.1047688054671794,1.0228964051022138,1.2018406091616649,1m
BlockSorted,1000000,ALL,50,frozen-single,9862.4439999999995,9601.2077499999996,10341.922500000001,740.714750000001,347.31999999999971,34200.683999999994,0.28836978815979242,0.29296757480359925,0.26958324547383383,0.30835145815033205,1m
BlockSorted,1000000,ALL,50,frozen-deferred,10234.334500000001,10010.703000000001,10617.74525,607.0422499999986,332.20200000000114,34200.683999999994,0.29924356191238755,0.30078713848464789,0.28722001430209404,0.31251359424299885,1m
BlockSorted,1000000,ALL,50,frozen-live,10226.529500000001,10025.110250000002,10697.2945,672.18424999999843,306.94850000000042,34200.683999999994,0.29901535010235475,0.30485215725688508,0.28364011086503371,0.31814266740603869,1m
BlockSorted,1000000,ALL,50,avx2,5817.0499999999993,5625.6232500000006,6033.5060000000003,407.88274999999976,202.02300000000014,34200.683999999994,0.1700857795709583,0.17142435308908618,0.16069654215943291,0.17881060037367202,1m
BlockSorted,1000000,ALL,50,linked,6765.3899999999994,6598.89725,7302.7904999999992,703.89324999999917,278.06849999999986,34200.683999999994,0.19781446476333633,0.20164745023381425,0.18895722775042539,0.21589024621304431,1m
BlockSorted,1000000,ALL,50,indexed,8559.1124999999993,8301.759,8974.4027500000011,672.64375000000109,275.86200000000008,34200.683999999994,0.25026144213957829,0.25201829374727452,0.23221784714535332,0.26889510062748778,1m
BlockSorted,1000000,ALL,50,noalloc,34262.209499999997,33554.642250000004,35234.840249999994,1680.1979999999894,921.43800000000192,34200.683999999994,1.0017989552489652,1.0176322270756732,0.93881585172376658,1.0619520849658348,1m
BlockSorted,1000000,ALL,50,noalloc-low-run,16873.1325,16138.7775,18080.985000000001,1942.2075000000004,768.44700000000012,34200.683999999994,0.49335658023681639,0.50169028312955266,0.46923507816063748,0.54314272634374172,1m
BlockSorted,1000000,ALL,50,physical-direct,3072.8585000000003,2926.6642500000003,3338.1157499999999,411.45149999999967,193.73650000000043,34200.683999999994,0.089847866785354377,0.091293828854863507,0.084405251237867754,0.097079180626117853,1m
BlockSorted,1000000,ALL,50,simulated-direct,3059.1819999999998,2969.7427499999999,3181.7697499999999,212.02700000000004,100.11300000000006,34200.683999999994,0.089447977122328909,0.089783327810128863,0.08374984315690176,0.096720193665381038,1m
BlockSorted,1000000,ALL,50,simulated-inplace-direct,3076.2035000000001,2927.3822500000001,3284.4267499999996,357.04449999999952,173.54250000000002,34200.683999999994,0.089945671846796998,0.089900346637355258,0.081481863763192511,0.098269821880853522,1m
BlockSorted,1000000,ALL,50,frozen-single-direct,3065.9560000000001,2948.6057500000002,3232.0329999999999,283.42724999999973,139.80750000000012,34200.683999999994,0.089646043336443229,0.092324360521609361,0.083808961970439425,0.09735373849497464,1m
BlockSorted,1000000,ALL,50,frozen-deferred-direct,3109.623,2979.9364999999998,3262.2945,282.35800000000017,142.54649999999992,34200.683999999994,0.090922830666193707,0.090176414807699917,0.084906442153189654,0.09636382109558872,1m
BlockSorted,1000000,ALL,50,frozen-live-direct,3039.0794999999998,2940.8699999999999,3183.558,242.6880000000001,124.41300000000001,34200.683999999994,0.088860196480280929,0.089954717633147108,0.084274815453401042,0.094877012445958628,1m
BlockSorted,1000000,ALL,50,avx2-direct,3080.4135000000001,2932.6482499999997,3298.0432500000002,365.39500000000044,173.41600000000017,34200.683999999994,0.090068768800062621,0.090427206080339412,0.08403683494006027,0.09846135555852073,1m
BlockSorted,1000000,ALL,50,linked-direct,3081.3724999999999,2983.03125,3334.5877499999997,351.55649999999969,124.6065000000001,34200.683999999994,0.090096809174927628,0.091907890158542754,0.08384075195032549,0.09793692796953829,1m
BlockSorted,1000000,ALL,50,indexed-direct,3093.7255,2917.9875000000002,3250.8494999999998,332.86199999999963,169.69749999999999,34200.683999999994,0.090458000781504858,0.091719634008927881,0.083309093812929585,0.097019180106389782,1m
BlockSorted,1000000,ALL,50,std::sort,34200.683999999994,32603.229500000001,36467.950499999999,3864.7209999999977,1929.4124999999949,34200.683999999994,1,1,1,1,1m
OrganPipe,1000000,ALL,50,physical,5814.0844999999999,5535.4135000000006,6615.5569999999998,1080.1434999999992,366.74850000000015,71739.540999999997,0.081044350423150877,0.081463955461532123,0.075195344347369714,0.091433104187974165,1m
OrganPipe,1000000,ALL,50,simulated,4848.4274999999998,4687.7807499999999,5293.0529999999999,605.27224999999999,283.20600000000013,71739.540999999997,0.067583754125218054,0.066679548130918864,0.063410305533780242,0.069472970107150714,1m
OrganPipe,1000000,ALL,50,simulated-inplace,5640.8094999999994,5299.2104999999992,6099.4037500000004,800.19325000000117,394.50449999999955,71739.540999999997,0.078629015761335852,0.075834363737177973,0.070512626403441886,0.081810459708319766,1m
OrganPipe,1000000,ALL,50,frozen-single,5630.1705000000002,5388.2952500000001,5998.8277500000004,610.53250000000025,268.4704999999999,71739.540999999997,0.07848071539794213,0.076176210204836503,0.072915737367984901,0.081661067118205824,1m
OrganPipe,1000000,ALL,50,frozen-deferred,6249.0699999999997,5967.4962500000001,6666.9722500000007,699.47600000000057,322.60300000000007,71739.540999999997,0.087107749964555808,0.085660435386758355,0.081936975160495029,0.090481024251466993,1m
OrganPipe,1000000,ALL,50,frozen-live,5675.2484999999997,5434.1872499999999,6000.5212499999998,566.33399999999983,257.2795000000001,71739.540999999997,0.079109071801839376,0.076266339645716372,0.073563697052093896,0.080721070017040722,1m
OrganPipe,1000000,ALL,50,avx2,4749.5174999999999,4634.2664999999997,4981.2404999999999,346.97400000000016,189.36000000000013,71739.540999999997,0.066205016561229457,0.065620769428980347,0.062602285039989908,0.067574856518324511,1m
OrganPipe,1000000,ALL,50,linked,3972.3535000000002,3848.5662499999999,4353.8032499999999,505.23700000000008,150.72800000000029,71739.540999999997,0.055371883408063628,0.054530133604016748,0.05139755546040254,0.057129496781232574,1m
OrganPipe,1000000,ALL,50,indexed,4957.0604999999996,4660.5777500000004,5269.4880000000003,608.91024999999991,313.62750000000005,71739.540999999997,0.069098023640825915,0.066926206019310597,0.061958031792739864,0.072342105164677803,1m
OrganPipe,1000000,ALL,50,noalloc,28620.268499999998,27923.137750000002,31485.3115,3562.1737499999981,1027.8889999999992,71739.540999999997,0.39894691408744865,0.39526348456030663,0.36997048785957221,0.41196581692111289,1m
OrganPipe,1000000,ALL,50,noalloc-low-run,7214.8739999999998,6987.8114999999998,7738.9454999999998,751.13400000000001,329.18599999999969,71739.540999999997,0.10057039534167078,0.099916411666282512,0.094567077193328408,0.10512871587735553,1m
OrganPipe,1000000,ALL,50,physical-direct,2693.212,2588.3355000000001,3091.1682500000002,502.83275000000003,148.31500000000005,71739.540999999997,0.037541528178999639,0.037604123372510762,0.035778375625744159,0.040587951210379961,1m
OrganPipe,1000000,ALL,50,simulated-direct,2776.5920000000001,2650.6602499999999,2956.7182499999999,306.05799999999999,178.77949999999987,71739.540999999997,0.038703788194017021,0.038293068583557195,0.035805300306024503,0.041134001952387228,1m
OrganPipe,1000000,ALL,50,simulated-inplace-direct,2733.4369999999999,2605.1235000000001,3004.4854999999998,399.36199999999963,182.57549999999992,71739.540999999997,0.038102237091257665,0.037908777201735772,0.035411044159944755,0.040805376594622411,1m
OrganPipe,1000000,ALL,50,frozen-single-direct,2753.2915000000003,2648.4560000000001,2952.17625,303.72024999999985,140.13150000000019,71739.540999999997,0.0383789952043323,0.037727765896871462,0.035403387240762738,0.040035776089642809,1m
OrganPipe,1000000,ALL,50,frozen-deferred-direct,2746.9160000000002,2633.51125,2919.0975000000003,285.58625000000029,120.77400000000011,71739.540999999997,0.038290125106877952,0.037555336594024595,0.034792824920629579,0.039680797379530112,1m
OrganPipe,1000000,ALL,50,frozen-live-direct,2722.9120000000003,2617.55825,2889.77475,272.2165,120.87700000000041,71739.540999999997,0.037955525809678661,0.037223777022239835,0.034519010175780046,0.039650385111095178,1m
OrganPipe,1000000,ALL,50,avx2-direct,2760.931,2678.6979999999999,3021.6025,342.9045000000001,128.22700000000009,71739.540999999997,0.03848548459489029,0.037905940313811261,0.036419146607483258,0.040230168075094892,1m
OrganPipe,1000000,ALL,50,linked-direct,2746.4065000000001,2606.6525000000001,2894.45325,287.80074999999988,144.89650000000006,71739.540999999997,0.038283023026311251,0.037374942228438762,0.03525582604268411,0.03918115699379688,1m
OrganPipe,1000000,ALL,50,indexed-direct,2739.5309999999999,2661.40825,2874.7184999999995,213.31024999999954,106.09249999999997,71739.540999999997,0.038187183271774769,0.037845933569543994,0.035679219863866317,0.039073744889345431,1m
OrganPipe,1000000,ALL,50,std::sort,71739.540999999997,70366.609750000003,79087.659749999992,8721.0499999999884,1945.315499999997,71739.540999999997,1,1,1,1,1m
Rotated,1000000,ALL,50,physical,4094.9065000000001,3820.9467500000001,5026.5387499999997,1205.5919999999996,378.45249999999987,26916.919000000002,0.1521313230537269,0.16691256343427346,0.096092166297499337,0.27695571005394032,1m
Rotated,1000000,ALL,50,simulated,3417.7440000000001,2703.0315000000001,3764.5169999999998,1061.4854999999998,571.95499999999993,26916.919000000002,0.12697381895751145,0.12500742955731498,0.072843118368339149,0.24536124548080659,1m
Rotated,1000000,ALL,50,simulated-inplace,3623.0900000000001,3390.078,3871.83025,481.75225,235.92300000000023,26916.919000000002,0.13460270100006616,0.1435767687355585,0.087615824322402905,0.24962179586118244,1m
Rotated,1000000,ALL,50,frozen-single,4724.8220000000001,3942.5702499999998,5270.2577499999998,1327.6875,768.42200000000003,26916.919000000002,0.17553353710355929,0.18075889019180874,0.10419177800194956,0.27353707968969071,1m
Rotated,1000000,ALL,50,frozen-deferred,5404.7744999999995,4890.8240000000005,7446.3497500000003,2555.5257499999998,1007.2039999999993,26916.919000000002,0.20079469347884871,0.25346896320455731,0.11481072633979601,0.41838898217979448,1m
Rotated,1000000,ALL,50,frozen-live,4876.8950000000004,4483.9049999999997,6839.9210000000003,2356.0160000000005,637.56800000000021,26916.919000000002,0.1811832550374729,0.2051750975624036,0.10362406439654123,0.3939515992047341,1m
Rotated,1000000,ALL,50,avx2,3576.7049999999999,3444.20975,3837.8477499999999,393.63799999999992,166.9409999999998,26916.919000000002,0.13287943542126793,0.13066451535336229,0.079753872864460548,0.25251365696292122,1m
Rotated,1000000,ALL,50,linked,3705.2669999999998,3539.8544999999999,4054.3477499999999,514.49324999999999,234.27050000000008,26916.919000000002,0.13765568785937199,0.14850324756152022,0.085152429050752862,0.24924928460330606,1m
Rotated,1000000,ALL,50,indexed,3471.7204999999999,2640.1445000000003,3792.8339999999998,1152.6894999999995,426.95000000000005,26916.919000000002,0.12897911904404807,0.11361017543234396,0.07612677191653075,0.22983421220944608,1m
Rotated,1000000,ALL,50,noalloc,4142.1205,2582.71875,6239.5439999999999,3656.8252499999999,1822.0820000000003,26916.919000000002,0.15388538710541128,0.21331626908477624,0.059874739145743996,0.37799359778856662,1m
Rotated,1000000,ALL,50,noalloc-low-run,4042.1104999999998,2562.3722499999999,6134.1700000000001,3571.7977500000002,1622.7209999999998,26916.919000000002,0.15016988014118554,0.18393379345947225,0.055308308434974154,0.36057489054394043,1m
Rotated,1000000,ALL,50,physical-direct,1584.9569999999999,819.69475,1661.0632499999999,841.36849999999993,242.08950000000004,26916.919000000002,0.058883299385044767,0.038553252925608544,0.026734264263023697,0.096637042190044986,1m
Rotated,1000000,ALL,50,simulated-direct,700.48250000000007,675.40075000000002,798.88499999999999,123.48424999999997,39.924000000000035,26916.919000000002,0.026023873683314203,0.02733146430209437,0.015790937014689574,0.04643294817434928,1m
Rotated,1000000,ALL,50,simulated-inplace-direct,708.50150000000008,684.07125000000008,803.56275000000005,119.49149999999997,48.14650000000006,26916.919000000002,0.026321790395104284,0.029923957105099742,0.015932298475069342,0.047488409440355824,1m
Rotated,1000000,ALL,50,frozen-single-direct,701.05499999999995,662.38750000000005,829.01800000000003,166.63049999999998,42.348500000000001,26916.919000000002,0.026045142833769346,0.026564681346031987,0.017604717227879044,0.049732076433355414,1m
Rotated,1000000,ALL,50,frozen-deferred-direct,691.14049999999997,663.33100000000002,735.35924999999997,72.028249999999957,29.510999999999967,26916.919000000002,0.025676805729511611,0.026707977606964074,0.015639848065834721,0.046270112363161309,1m
Rotated,1000000,ALL,50,frozen-live-direct,696.68450000000007,663.08150000000001,765.94374999999991,102.8622499999999,35.833000000000027,26916.919000000002,0.025882772838897349,0.02917907616795036,0.014955899160494838,0.047615966465760724,1m
Rotated,1000000,ALL,50,avx2-direct,696.91300000000001,660.35025000000007,784.09975000000009,123.74950000000001,37.443499999999972,26916.919000000002,0.025891261923402152,0.032007586126836803,0.015572269574464025,0.05219212701137009,1m
Rotated,1000000,ALL,50,linked-direct,730.90650000000005,662.55849999999998,845.86374999999998,183.30525,69.332500000000039,26916.919000000002,0.027154166492829288,0.032089509252819691,0.018830294643165491,0.052809111117368274,1m
Rotated,1000000,ALL,50,indexed-direct,852.20699999999999,697.09974999999997,1645.2065,948.10675000000003,189.46250000000003,26916.919000000002,0.031660644370182185,0.04614612516819503,0.023571213336224667,0.066082752061108752,1m
Rotated,1000000,ALL,50,std::sort,26916.919000000002,15713.313749999999,45106.194499999998,29392.880749999997,13824.923000000003,26916.919000000002,1,1,1,1,1m
MixedPhase3,1000000,ALL,50,physical,47215.062000000005,45406.324249999998,51773.029000000002,6366.7047500000044,2988.0730000000003,45477.805,1.0382001066234399,1.0308997306596703,0.86696663781732786,1.1009832097593126,1m
MixedPhase3,1000000,ALL,50,simulated,29939.718000000001,29157.4935,31196.547999999999,2039.0544999999984,1020.6494999999995,45477.805,0.65833691841547759,0.64885514487160201,0.49770821308796565,0.68721759229383172,1m
MixedPhase3,1000000,ALL,50,simulated-inplace,63105.781499999997,61133.114750000001,66622.676999999996,5489.5622499999954,2712.3015000000014,45477.805,1.3876171354356261,1.3631089904875109,1.0901646031351606,1.4561617873507779,1m
MixedPhase3,1000000,ALL,50,frozen-single,35892.353499999997,34468.288,38111.573750000003,3643.2857500000027,1710.7135000000017,45477.805,0.78922792118045271,0.77333632820561449,0.57757930294060311,0.82626623044714609,1m
MixedPhase3,1000000,ALL,50,frozen-deferred,31671.951500000003,30510.058249999998,34828.748249999997,4318.6899999999987,2375.3704999999973,45477.805,0.69642656456264773,0.69468400827623611,0.52438990167643706,0.75052332070171435,1m
MixedPhase3,1000000,ALL,50,frozen-live,34784.530500000001,32859.603749999995,37967.469749999997,5107.8660000000018,2111.1100000000006,45477.805,0.76486828025231213,0.75062742306202623,0.55588406165471094,0.8109126726837711,1m
MixedPhase3,1000000,ALL,50,avx2,29081.9715,28051.655250000003,31934.62875,3882.9734999999964,1938.9714999999997,45477.805,0.63947614666099206,0.62447250574101809,0.50382506523687764,0.68974219859777686,1m
MixedPhase3,1000000,ALL,50,linked,32313.8995,30971.54725,38852.415499999996,7880.8682499999959,4583.7625000000007,45477.805,0.71054219745214175,0.71918187933685018,0.62072346329289529,0.82816743190483977,1m
MixedPhase3,1000000,ALL,50,indexed,33709.980500000005,32751.713,35919.423749999994,3167.7107499999947,1651.3329999999951,45477.805,0.7412402709409569,0.7477764399366007,0.58614173224269295,0.78266360528648249,1m
MixedPhase3,1000000,ALL,50,noalloc,18032.377,17702.000250000001,19252.073750000003,1550.0735000000022,470.28700000000208,45477.805,0.39650939617688236,0.40498533284052735,0.38308528842831013,0.41808954086555666,1m
MixedPhase3,1000000,ALL,50,noalloc-low-run,18182.496500000001,17751.60325,18832.59275,1080.9894999999997,582.37400000000162,45477.805,0.39981033605293836,0.40185161681895476,0.36979699591704662,0.41914479852440018,1m
MixedPhase3,1000000,ALL,50,physical-direct,47149.846999999994,45301.936999999998,50761.826749999993,5459.8897499999948,2774.3500000000058,45477.805,1.0367661104136401,1.0293696563827157,0.85401743385583495,1.1000187244323867,1m
MixedPhase3,1000000,ALL,50,simulated-direct,29943.309499999999,28942.47625,32022.519999999997,3080.0437499999971,1513.3799999999992,45477.805,0.65841589100441411,0.6540651898002845,0.52565901409873361,0.69903608992280919,1m
MixedPhase3,1000000,ALL,50,simulated-inplace-direct,63990.817999999999,61615.406750000002,66420.080749999994,4804.6739999999918,2504.7439999999988,45477.805,1.4070779801267892,1.3873594989662177,1.0752701369882298,1.4561609695287228,1m
MixedPhase3,1000000,ALL,50,frozen-single-direct,35613.000500000002,34264.712749999999,37687.468000000001,3422.755250000002,1947.2129999999961,45477.805,0.78308529842194452,0.79524436997440362,0.60597099105780927,0.82549656901958357,1m
MixedPhase3,1000000,ALL,50,frozen-deferred-direct,31793.943500000001,30781.101500000001,36548.976500000004,5767.8750000000036,3710.8580000000002,45477.805,0.69910901592546082,0.70738444161992531,0.55576511684348451,0.7896011379436525,1m
MixedPhase3,1000000,ALL,50,frozen-live-direct,34534.019500000002,33473.010249999999,36362.448750000003,2889.4385000000038,1691.8159999999953,45477.805,0.75935985696759112,0.77130450329316136,0.59726179687811343,0.81474350527767403,1m
MixedPhase3,1000000,ALL,50,avx2-direct,28036.737499999999,26825.021500000003,29805.811750000001,2980.7902499999982,1412.2169999999987,45477.805,0.61649275949004134,0.61639342915326045,0.54004883475439502,0.64869712111974365,1m
MixedPhase3,1000000,ALL,50,linked-direct,32340.066999999999,30486.305999999997,36259.616250000006,5773.3102500000095,2614.3994999999995,45477.805,0.7111175880190348,0.71122579023357146,0.55819072774014411,0.78952638933418307,1m
MixedPhase3,1000000,ALL,50,indexed-direct,34158.400999999998,32860.443250000004,36476.230750000002,3615.7874999999985,1813.2509999999966,45477.805,0.75110047637523403,0.75465106686031691,0.61351091937185576,0.80817278207659204,1m
MixedPhase3,1000000,ALL,50,std::sort,45477.805,44073.466500000002,48526.214500000002,4452.7479999999996,1811.6974999999984,45477.805,1,1,1,1,1m
MixedPhase12,1000000,ALL,50,physical,17326.2935,16704.038250000001,22009.54175,5305.5034999999989,1008.0659999999998,35131.607000000004,0.49318249233517836,0.49010805331291291,0.4649331336407696,0.53776455710726934,1m
MixedPhase12,1000000,ALL,50,simulated,17243.271500000003,16306.682250000002,20440.508000000002,4133.82575,1109.184000000002,35131.607000000004,0.49081932118846716,0.48349596708294029,0.46170640784736094,0.53799097828496512,1m
MixedPhase12,1000000,ALL,50,simulated-inplace,16971.893499999998,16360.52475,20837.3115,4476.7867499999993,737.78999999999814,35131.607000000004,0.483094710128119,0.48230470595914199,0.45987144801225732,0.52058548825372952,1m
MixedPhase12,1000000,ALL,50,frozen-single,17064.880000000001,16295.47025,20731.616750000001,4436.1465000000007,1047.4969999999994,35131.607000000004,0.48574151475621369,0.48613940861838251,0.45671051620649061,0.53241615954059474,1m
MixedPhase12,1000000,ALL,50,frozen-deferred,17695.481500000002,16534.648249999998,23057.613499999999,6522.9652500000011,1445.7655000000013,35131.607000000004,0.50369120604132911,0.4946144217434702,0.46706544700946695,0.6034380437474387,1m
MixedPhase12,1000000,ALL,50,frozen-live,17299.3125,16350.847249999999,22990.655999999999,6639.8087500000001,1245.4340000000002,35131.607000000004,0.49241449444655344,0.48153002377213139,0.4609032852580498,0.56015671523777832,1m
MixedPhase12,1000000,ALL,50,avx2,17618.5105,16679.928499999998,20949.925499999998,4269.9969999999994,1497.3539999999994,35131.607000000004,0.50150027295933253,0.50365778785123561,0.46641603583517693,0.5712988744441071,1m
MixedPhase12,1000000,ALL,50,linked,17439.8495,16509.321250000001,22661.002,6151.6807499999995,1233.799,35131.607000000004,0.49641479537215588,0.49221855787506946,0.46681264567982533,0.595355401089386,1m
MixedPhase12,1000000,ALL,50,indexed,17787.441999999999,16347.522000000001,22261.312999999998,5913.7909999999974,1687.8794999999991,35131.607000000004,0.50630880619836138,0.50127127331212684,0.45804602934199046,0.60833931868689983,1m
MixedPhase12,1000000,ALL,50,noalloc,17102.046000000002,16451.629249999998,19307.949000000001,2856.3197500000024,1068.7815000000028,35131.607000000004,0.48679942252570457,0.48469120363355367,0.45997561406953991,0.53885340957558148,1m
MixedPhase12,1000000,ALL,50,noalloc-low-run,17144.7955,16662.532999999999,18967.721750000001,2305.1887500000012,915.50000000000091,35131.607000000004,0.48801626125443104,0.48971259839697789,0.46406964975693843,0.54514460193729375,1m
MixedPhase12,1000000,ALL,50,physical-direct,17432.139499999997,16411.769500000002,20336.331250000003,3924.5617500000008,1339.8984999999975,35131.607000000004,0.49619533487323808,0.4834720498814819,0.46507031065236792,0.57793673860470962,1m
MixedPhase12,1000000,ALL,50,simulated-direct,17223.654500000001,16539.880749999997,19092.19975,2552.3190000000031,1199.5079999999998,35131.607000000004,0.49026093511748547,0.48362413606587901,0.45730211357971046,0.53262452060254595,1m
MixedPhase12,1000000,ALL,50,simulated-inplace-direct,16858.084500000001,16263.362499999999,19317.9185,3054.5560000000005,787.81800000000112,35131.607000000004,0.47985520559876466,0.4878670345926952,0.46403607222784116,0.51595744522151643,1m
MixedPhase12,1000000,ALL,50,frozen-single-direct,17306.857499999998,16497.266749999999,20405.589500000002,3908.322750000003,1109.2369999999983,35131.607000000004,0.49262925832000787,0.48958530666313305,0.46106452173593576,0.56746773132475781,1m
MixedPhase12,1000000,ALL,50,frozen-deferred-direct,17231.487999999998,16365.776,19075.964500000002,2710.188500000002,1060.2064999999975,35131.607000000004,0.4904839109694013,0.48998595015417895,0.45935991502127865,0.53775802816034401,1m
MixedPhase12,1000000,ALL,50,frozen-live-direct,17543.271499999999,16377.37075,20601.38925,4224.0185000000001,1471.7234999999991,35131.607000000004,0.49935864021250143,0.48268249326119905,0.46610168049538764,0.57059531520199847,1m
MixedPhase12,1000000,ALL,50,avx2-direct,16921.664499999999,16320.616,19302.35975,2981.7437499999996,1048.0019999999995,35131.607000000004,0.48166497194392494,0.47585292191681228,0.45173334277190036,0.54298966086555878,1m
MixedPhase12,1000000,ALL,50,linked-direct,17422.4365,16411.496500000001,20809.442749999998,4397.9462499999972,1220.4619999999995,35131.607000000004,0.49591914483160415,0.49229550738706163,0.46550192501301413,0.53699964067121575,1m
MixedPhase12,1000000,ALL,50,indexed-direct,17394.949000000001,16530.385750000001,20301.217250000002,3770.8315000000002,1142.3229999999994,35131.607000000004,0.49513672972602701,0.49221242670410575,0.4697334289435221,0.54309395803558358,1m
MixedPhase12,1000000,ALL,50,std::sort,35131.607000000004,33910.745750000002,37692.013249999996,3781.2674999999945,1534.5745000000024,35131.607000000004,1,1,1,1,1m
