input,n,seed_scope,trials,algorithm,median_us,p25_us,p75_us,iqr_us,mad_us,std_median_us,ratio_of_medians,median_paired_ratio,p25_paired_ratio,p75_paired_ratio
Random,1000,ALL,500,V1,65.031499999999994,60.491249999999994,68.197249999999997,7.7060000000000031,3.9499999999999993,34.538499999999999,1.8828698409021816,1.8806276150784549,1.6656916893804989,2.0218899585216641
Random,1000,ALL,500,V2,41.021500000000003,38.666000000000004,43.729500000000002,5.0634999999999977,2.4575000000000031,34.538499999999999,1.1877035771675089,1.1848367954638075,1.0855841480551138,1.2858234525324179
Random,1000,ALL,500,V3,52.580500000000001,41.34375,55.589750000000002,14.246000000000002,7.8870000000000005,34.538499999999999,1.5223735831029142,1.4516890770027779,1.1955954286559116,1.6301155271021925
Random,1000,ALL,500,V4,52.009500000000003,41.996749999999999,54.317999999999998,12.321249999999999,7.3755000000000024,34.538499999999999,1.5058413075263837,1.4443738082801298,1.1797651364961117,1.606707981349786
Random,1000,ALL,500,V5,48.087000000000003,46.027250000000002,50.658249999999995,4.6309999999999931,2.1969999999999992,34.538499999999999,1.3922723916788513,1.4017065752558493,1.3119398205367645,1.5063373260667259
Random,1000,ALL,500,V6,53.212000000000003,44.27024999999999,56.094999999999999,11.824750000000009,6.8675000000000033,34.538499999999999,1.540657527107431,1.4681809554049807,1.2626791755904216,1.6545354216590702
Random,1000,ALL,500,V7,52.027500000000003,50.883499999999998,53.703249999999997,2.8197499999999991,1.3534999999999968,34.538499999999999,1.5063624650752061,1.5059132518442255,1.4465575172414105,1.603545517049227
Random,1000,ALL,500,std::sort,34.538499999999999,33.509,35.708749999999995,2.1997499999999945,1.0689999999999991,34.538499999999999,1,1,1,1
Sorted,1000,ALL,500,V1,0.36299999999999999,0.35899999999999999,0.36924999999999997,0.010249999999999981,0.0060000000000000053,4.2859999999999996,0.084694353709752687,0.084876917260566342,0.083489793214080107,0.086404572462784851
Sorted,1000,ALL,500,V2,0.35499999999999998,0.34300000000000003,0.36524999999999996,0.022249999999999936,0.01100000000000001,4.2859999999999996,0.082827811479234723,0.082680015641218407,0.080109298572378668,0.08531929949648126
Sorted,1000,ALL,500,V3,0.34699999999999998,0.34399999999999997,0.36099999999999999,0.017000000000000015,0.0094999999999999807,4.2859999999999996,0.080961269248716758,0.081413136880360351,0.079901370787216014,0.084383677083720965
Sorted,1000,ALL,500,V4,0.41899999999999998,0.40600000000000003,0.46300000000000002,0.056999999999999995,0.032999999999999974,4.2859999999999996,0.097760149323378454,0.097856590695896875,0.094471658502449277,0.10779139396633475
Sorted,1000,ALL,500,V5,0.41199999999999998,0.40300000000000002,0.41999999999999998,0.01699999999999996,0.0089999999999999525,4.2859999999999996,0.096126924871675221,0.096038029590500118,0.093951546341700262,0.098002459334473296
Sorted,1000,ALL,500,V6,0.41399999999999998,0.40400000000000003,0.45500000000000002,0.05099999999999999,0.030999999999999972,4.2859999999999996,0.096593560429304712,0.096886226665447397,0.093887730482823464,0.10672241201432686
Sorted,1000,ALL,500,V7,0.42399999999999999,0.40275000000000005,0.434,0.031249999999999944,0.014000000000000012,4.2859999999999996,0.098926738217452181,0.098670391645698519,0.094114178690344066,0.10120619749662123
Sorted,1000,ALL,500,std::sort,4.2859999999999996,4.2619999999999996,4.3112500000000002,0.049250000000000682,0.024999999999999467,4.2859999999999996,1,1,1,1
Reverse,1000,ALL,500,V1,0.39800000000000002,0.38300000000000001,0.40600000000000003,0.02300000000000002,0.010499999999999982,2.8639999999999999,0.13896648044692739,0.136479800094713,0.13195008883717996,0.14147895303550295
Reverse,1000,ALL,500,V2,0.39000000000000001,0.38500000000000001,0.40999999999999998,0.024999999999999967,0.009000000000000008,2.8639999999999999,0.13617318435754192,0.13610818023986315,0.1332937415759031,0.14274580632391509
Reverse,1000,ALL,500,V3,0.39000000000000001,0.38300000000000001,0.40600000000000003,0.02300000000000002,0.013000000000000012,2.8639999999999999,0.13617318435754192,0.13582399050379346,0.13165703502312548,0.14103349398239143
Reverse,1000,ALL,500,V4,0.45900000000000002,0.44500000000000001,0.48999999999999999,0.044999999999999984,0.017000000000000015,2.8639999999999999,0.16026536312849163,0.15937563765382035,0.15459292501177319,0.16913705610379498
Reverse,1000,ALL,500,V5,0.46600000000000003,0.45900000000000002,0.47499999999999998,0.015999999999999959,0.0079999999999999793,2.8639999999999999,0.16270949720670391,0.16208408620209197,0.15811017232610025,0.16585114160572947
Reverse,1000,ALL,500,V6,0.46300000000000002,0.45000000000000001,0.497,0.046999999999999986,0.01699999999999996,2.8639999999999999,0.16166201117318438,0.1608626648947234,0.15641878177495119,0.17116874348967967
Reverse,1000,ALL,500,V7,0.45600000000000002,0.443,0.46700000000000003,0.024000000000000021,0.012000000000000011,2.8639999999999999,0.15921787709497207,0.15827251959725908,0.15348385800118475,0.16233480181569318
Reverse,1000,ALL,500,std::sort,2.8639999999999999,2.8420000000000001,2.9112499999999999,0.069249999999999812,0.028999999999999915,2.8639999999999999,1,1,1,1
Sorted+Noise(5%),1000,ALL,500,V1,17.02,15.745750000000001,19.416,3.6702499999999993,1.5729999999999995,13.976500000000001,1.2177583801380887,1.2271274308836986,1.0670882919378195,1.447674262587654
Sorted+Noise(5%),1000,ALL,500,V2,10.920999999999999,9.4529999999999994,12.444500000000001,2.991500000000002,1.4824999999999999,13.976500000000001,0.78138303581010971,0.76005861339111602,0.64170200075763395,0.92081484838594707
Sorted+Noise(5%),1000,ALL,500,V3,14.372,12.434000000000001,15.655000000000001,3.2210000000000001,1.6770000000000014,13.976500000000001,1.0282974993739491,1.0049744567967753,0.86399543245704746,1.1563589202832396
Sorted+Noise(5%),1000,ALL,500,V4,13.43,10.87025,15.18525,4.3149999999999995,2.1715,13.976500000000001,0.96089865130755181,0.93667650675759806,0.7480431269575476,1.1371241436742017
Sorted+Noise(5%),1000,ALL,500,V5,12.8795,11.734999999999999,14.457749999999999,2.7227499999999996,1.2685000000000004,13.976500000000001,0.92151110793117008,0.92134172103443834,0.79767440011352164,1.0818752149846786
Sorted+Noise(5%),1000,ALL,500,V6,14.856999999999999,13.118500000000001,16.61375,3.4952499999999986,1.7424999999999997,13.976500000000001,1.0629986048009157,1.0432829860199639,0.85175314279683056,1.220238663687897
Sorted+Noise(5%),1000,ALL,500,V7,12.804,12.024749999999999,13.753500000000001,1.7287500000000016,0.82050000000000001,13.976500000000001,0.9161091832719207,0.91195153952815655,0.8104786296298494,1.0288513596087525
Sorted+Noise(5%),1000,ALL,500,std::sort,13.976500000000001,12.856249999999999,15.42775,2.5715000000000003,1.2505000000000006,13.976500000000001,1,1,1,1
Sorted+Noise(10%),1000,ALL,500,V1,24.6815,22.9055,30.05425,7.1487499999999997,2.3295000000000012,16.8735,1.4627374285121639,1.4582887748346094,1.3342440518212682,1.8037576333810139
Sorted+Noise(10%),1000,ALL,500,V2,15.9575,13.358499999999999,18.527999999999999,5.1694999999999993,2.5934999999999988,16.8735,0.94571369306901354,0.91214079100903367,0.7537915799542213,1.102294787554789
Sorted+Noise(10%),1000,ALL,500,V3,19.419,15.344749999999999,21.5825,6.2377500000000001,3.3999999999999986,16.8735,1.1508578540314696,1.1079898722704749,0.90228076524808387,1.2946051114128707
Sorted+Noise(10%),1000,ALL,500,V4,18.454499999999999,13.571249999999999,21.040750000000003,7.4695000000000036,3.931,16.8735,1.0936972175304471,1.0455933230293528,0.77720772580181352,1.2753121594518055
Sorted+Noise(10%),1000,ALL,500,V5,17.366,15.672750000000001,19.6065,3.9337499999999999,1.9359999999999991,16.8735,1.0291877796544877,1.035805763134249,0.90462970100545836,1.1933567868396775
Sorted+Noise(10%),1000,ALL,500,V6,19.776499999999999,17.420500000000001,22.160999999999998,4.7404999999999973,2.3604999999999983,16.8735,1.1720449225116305,1.1702299405728991,1.0053390403023792,1.3205080098446162
Sorted+Noise(10%),1000,ALL,500,V7,18.336500000000001,17.417999999999999,19.6615,2.2435000000000009,1.1054999999999993,16.8735,1.0867040033188136,1.0960581816767396,1.0030628728655246,1.1887342212432865
Sorted+Noise(10%),1000,ALL,500,std::sort,16.8735,15.8475,18.097749999999998,2.2502499999999976,1.0770000000000008,16.8735,1,1,1,1
Random%25,1000,ALL,500,V1,41.471000000000004,36.808,54.192250000000001,17.384250000000002,5.2420000000000009,22.282499999999999,1.8611466397397063,1.8754550992554928,1.6241422933010794,2.4789953436308543
Random%25,1000,ALL,500,V2,23.766999999999999,20.945250000000001,26.356749999999998,5.4114999999999966,2.7690000000000001,22.282499999999999,1.0666217883989679,1.0832743463361456,0.92996363224159329,1.3308245551039863
Random%25,1000,ALL,500,V3,32.486499999999999,24.653999999999996,36.664250000000003,12.010250000000006,6.7680000000000007,22.282499999999999,1.4579378435992372,1.4557572219307546,1.1573294667527181,1.7022391344400618
Random%25,1000,ALL,500,V4,32.170000000000002,22.361000000000001,35.427999999999997,13.066999999999997,7.6315000000000008,22.282499999999999,1.4437338718725459,1.4356219857465473,1.0872633828384208,1.7132677831156586
Random%25,1000,ALL,500,V5,27.216000000000001,26.057750000000002,29.280750000000001,3.222999999999999,1.4035000000000011,22.282499999999999,1.2214069336923596,1.2405316358127949,1.1523141793750886,1.6222059138213936
Random%25,1000,ALL,500,V6,33.518000000000001,24.765750000000001,37.207250000000002,12.441500000000001,7.5550000000000015,22.282499999999999,1.5042297767306183,1.4882839018139151,1.1126457150132563,1.9607410421922382
Random%25,1000,ALL,500,V7,32.256500000000003,30.923999999999999,33.672749999999994,2.748749999999994,1.3979999999999997,22.282499999999999,1.4476158420284979,1.4411972925798371,1.3397777789565826,1.7261027309859143
Random%25,1000,ALL,500,std::sort,22.282499999999999,20.207000000000001,23.444749999999999,3.2377499999999984,1.3840000000000021,22.282499999999999,1,1,1,1
Alternating,1000,ALL,500,V1,5.6029999999999998,5.5460000000000003,5.6779999999999999,0.13199999999999967,0.06449999999999978,4.6764999999999999,1.1981182508286112,1.191984922361339,1.1705196000341611,1.2115291142406537
Alternating,1000,ALL,500,V2,3.5265,3.4027500000000002,3.6280000000000001,0.22524999999999995,0.11249999999999982,4.6764999999999999,0.75408959692077404,0.74816518023039769,0.71148196909948402,0.77457977506903652
Alternating,1000,ALL,500,V3,6.0404999999999998,5.8557499999999996,6.3614999999999995,0.50574999999999992,0.24099999999999966,4.6764999999999999,1.2916711215652732,1.2812033081504239,1.2393044243144853,1.3506392671192011
Alternating,1000,ALL,500,V4,5.5220000000000002,5.4474999999999998,5.6112500000000001,0.16375000000000028,0.082500000000000018,4.6764999999999999,1.1807976050465092,1.1780460083693616,1.1527991361088559,1.2001072329070972
Alternating,1000,ALL,500,V5,5.577,5.5359999999999996,5.7145000000000001,0.17850000000000055,0.05400000000000027,4.6764999999999999,1.1925585373676895,1.191911482568202,1.1730494583388194,1.2141727002641258
Alternating,1000,ALL,500,V6,6.1444999999999999,6.0410000000000004,6.2352500000000006,0.19425000000000026,0.099499999999999922,4.6764999999999999,1.3139099754089596,1.3060054439974809,1.2808561825124261,1.3317513198454174
Alternating,1000,ALL,500,V7,3.6995,3.621,3.802,0.18100000000000005,0.086500000000000021,4.6764999999999999,0.79108307494921415,0.78592027454099522,0.76634478995502509,0.80878024121642333
Alternating,1000,ALL,500,std::sort,4.6764999999999999,4.6447500000000002,4.7409999999999997,0.096249999999999503,0.043000000000000149,4.6764999999999999,1,1,1,1
Sawtooth,1000,ALL,500,V1,12.827500000000001,12.665750000000001,13.113,0.44724999999999859,0.21200000000000063,5.4124999999999996,2.3699769053117787,2.3584349743358164,2.2934627316651319,2.4145512655782007
Sawtooth,1000,ALL,500,V2,7.6955,7.5547500000000003,7.8654999999999999,0.31074999999999964,0.15500000000000025,5.4124999999999996,1.4218013856812934,1.4135929786420749,1.3603310474324433,1.4514298073325851
Sawtooth,1000,ALL,500,V3,12.156499999999999,11.85575,12.5915,0.73574999999999946,0.35500000000000043,5.4124999999999996,2.2460046189376444,2.2304393098041881,2.1573463380548894,2.3119510186836694
Sawtooth,1000,ALL,500,V4,10.969999999999999,10.774750000000001,11.371499999999999,0.59674999999999834,0.24599999999999955,5.4124999999999996,2.0267898383371823,2.0119764376863363,1.9599824188906163,2.0609152225329819
Sawtooth,1000,ALL,500,V5,13.449999999999999,13.209250000000001,13.7605,0.55124999999999957,0.26249999999999929,5.4124999999999996,2.4849884526558892,2.4709121836395633,2.40755217961541,2.5444994051132159
Sawtooth,1000,ALL,500,V6,10.734999999999999,10.5755,10.937249999999999,0.36174999999999891,0.17749999999999932,5.4124999999999996,1.9833718244803695,1.9770394196184149,1.9177401079750238,2.0223086036431597
Sawtooth,1000,ALL,500,V7,7.9119999999999999,7.8280000000000003,8.0582499999999992,0.23024999999999896,0.10549999999999971,5.4124999999999996,1.4618013856812935,1.4576521355234848,1.4211331233897857,1.4849705466555778
Sawtooth,1000,ALL,500,std::sort,5.4124999999999996,5.3369999999999997,5.5764999999999993,0.2394999999999996,0.097999999999999421,5.4124999999999996,1,1,1,1
MixedDirectionRuns,1000,ALL,500,V1,9.5015000000000001,8.0917500000000011,10.605,2.5132499999999993,1.2190000000000003,13.231,0.71812410248658454,0.70226937034636894,0.53089985081416624,0.86198012102812716
MixedDirectionRuns,1000,ALL,500,V2,4.9805000000000001,4.4427500000000002,5.5794999999999995,1.1367499999999993,0.56999999999999984,13.231,0.37642657395510543,0.38106309409312633,0.30762242929884392,0.4469088585212373
MixedDirectionRuns,1000,ALL,500,V3,9.2530000000000001,8.260250000000001,10.308,2.0477499999999988,1.0300000000000002,13.231,0.69934245332930245,0.68633715236687154,0.56155333722369638,0.81603213971864863
MixedDirectionRuns,1000,ALL,500,V4,8.2545000000000002,7.29575,9.9727499999999996,2.6769999999999996,1.2320000000000002,13.231,0.62387574635326126,0.63431197743693857,0.50031668222844683,0.77208808825131625
MixedDirectionRuns,1000,ALL,500,V5,8.3140000000000001,7.5670000000000002,9.8719999999999999,2.3049999999999997,0.99349999999999961,13.231,0.62837276094021621,0.63816115232448634,0.52210216845640134,0.79946066132032145
MixedDirectionRuns,1000,ALL,500,V6,8.1305000000000014,7.4610000000000003,9.2727500000000003,1.81175,0.93649999999999878,13.231,0.61450381679389321,0.63290085817069675,0.50917719670578321,0.75146812050930167
MixedDirectionRuns,1000,ALL,500,V7,6.5939999999999994,6.0465,7.3795000000000002,1.3330000000000002,0.67249999999999988,13.231,0.49837502834252889,0.50817743992837194,0.42104703137831634,0.58590060896778628
MixedDirectionRuns,1000,ALL,500,std::sort,13.231,11.708749999999998,15.148,3.4392500000000013,1.6269999999999998,13.231,1,1,1,1
BlockSorted,1000,ALL,500,V1,8.9469999999999992,7.9169999999999998,9.7324999999999999,1.8155000000000001,0.8830000000000009,12.515000000000001,0.71490211745904908,0.6928726395755358,0.55934368366279541,0.84769911330964065
BlockSorted,1000,ALL,500,V2,4.2010000000000005,3.774,4.5525000000000002,0.77850000000000019,0.40250000000000008,12.515000000000001,0.33567718737514984,0.33314224792712166,0.26768752151306435,0.40665050601346103
BlockSorted,1000,ALL,500,V3,7.8004999999999995,7.0970000000000004,8.6795000000000009,1.5825000000000005,0.80899999999999972,12.515000000000001,0.62329204954055129,0.6210050905158413,0.51044721647648195,0.75376073823955458
BlockSorted,1000,ALL,500,V4,7.1704999999999997,6.3632499999999999,8.5657499999999995,2.2024999999999997,1.1239999999999997,12.515000000000001,0.57295245705153808,0.59979556933097933,0.4628204226981682,0.73662978425276893
BlockSorted,1000,ALL,500,V5,7.1950000000000003,6.266,8.2464999999999993,1.9804999999999993,0.9839999999999991,12.515000000000001,0.5749101078705553,0.58757100337675094,0.45830663284224438,0.72064865335618633
BlockSorted,1000,ALL,500,V6,7.4885000000000002,6.6310000000000002,8.1922500000000014,1.5612500000000011,0.77099999999999991,12.515000000000001,0.59836196564123045,0.58548787521897372,0.47470939380933996,0.71287404987407488
BlockSorted,1000,ALL,500,V7,5.8715000000000002,5.2910000000000004,7.3600000000000003,2.069,0.84300000000000042,12.515000000000001,0.46915701158609668,0.49099780974218343,0.38285989979303831,0.6071980788715392
BlockSorted,1000,ALL,500,std::sort,12.515000000000001,10.6845,14.81175,4.1272500000000001,2.0545000000000009,12.515000000000001,1,1,1,1
OrganPipe,1000,ALL,500,V1,3.8109999999999999,3.3125,4.0529999999999999,0.74049999999999994,0.31349999999999989,11.298500000000001,0.33730141169181749,0.31557140391698846,0.27674823852497415,0.36478127925985426
OrganPipe,1000,ALL,500,V2,2.4710000000000001,2.3767499999999999,2.6280000000000001,0.2512500000000002,0.11899999999999977,11.298500000000001,0.21870159755719784,0.22015633404120349,0.18845721733702936,0.23700081301093318
OrganPipe,1000,ALL,500,V3,4.7484999999999999,4.3657500000000002,5.2315000000000005,0.86575000000000024,0.42799999999999994,11.298500000000001,0.42027702792406069,0.40982469222497531,0.35167736147176903,0.46476724921201029
OrganPipe,1000,ALL,500,V4,3.8694999999999999,3.4555000000000002,4.2275,0.7719999999999998,0.39300000000000002,11.298500000000001,0.34247909014470945,0.32611588307518369,0.27491590524719078,0.3775675208063457
OrganPipe,1000,ALL,500,V5,4.0214999999999996,3.9312499999999999,4.2859999999999996,0.35474999999999968,0.14299999999999979,11.298500000000001,0.35593220338983045,0.3615855271973355,0.29983041754383433,0.39408986519041844
OrganPipe,1000,ALL,500,V6,4.3815,4.1507500000000004,4.7112499999999997,0.56049999999999933,0.27400000000000002,11.298500000000001,0.3877948400230119,0.38464915516815501,0.31884927899685628,0.42522854786094788
OrganPipe,1000,ALL,500,V7,2.9204999999999997,2.8399999999999999,3.12825,0.28825000000000012,0.11349999999999971,11.298500000000001,0.25848563968668403,0.2612529052871963,0.22350135351867628,0.27784527329424641
OrganPipe,1000,ALL,500,std::sort,11.298500000000001,10.345499999999999,13.4375,3.0920000000000005,1.093,11.298500000000001,1,1,1,1
Rotated,1000,ALL,500,V1,2.4350000000000001,2.1145,2.7457500000000001,0.63125000000000009,0.3194999999999999,10.4575,0.23284723882381067,0.26683837813199168,0.16625983681387546,0.40729220334488292
Rotated,1000,ALL,500,V2,1.2709999999999999,1.2070000000000001,1.4124999999999999,0.20549999999999979,0.081999999999999851,10.4575,0.12153956490557016,0.1402207937956616,0.092063352091762585,0.21473538567969561
Rotated,1000,ALL,500,V3,2.6180000000000003,2.4427500000000002,3.1025,0.65974999999999984,0.25550000000000028,10.4575,0.25034664116662686,0.27184229234393348,0.17976441295955042,0.45922493736435144
Rotated,1000,ALL,500,V4,2.4670000000000001,2.0524999999999998,3.0237500000000002,0.97125000000000039,0.43900000000000006,10.4575,0.23590724360506815,0.25768976728097648,0.15601776844289361,0.42204256402745205
Rotated,1000,ALL,500,V5,4.6094999999999997,2.6507499999999999,5.056,2.4052500000000001,1.7334999999999998,10.4575,0.44078412622519719,0.39871591788018768,0.20523263036515271,0.72952857419276196
Rotated,1000,ALL,500,V6,5.0440000000000005,3.0714999999999999,5.5942500000000006,2.5227500000000007,1.8425000000000005,10.4575,0.48233325364570889,0.46628789481530297,0.23437165294966122,0.84450573619099278
Rotated,1000,ALL,500,V7,1.617,1.5369999999999999,1.80925,0.2722500000000001,0.10550000000000004,10.4575,0.15462586660291658,0.17524679325955733,0.11870010379356963,0.27797242519367626
Rotated,1000,ALL,500,std::sort,10.4575,6.3997500000000009,15.30175,8.9019999999999992,4.2144999999999992,10.4575,1,1,1,1
Random,10000,ALL,500,V1,133.42449999999999,128.90774999999999,136.99275,8.085000000000008,4.1614999999999895,453.529,0.29419177163974081,0.29314289749219247,0.28170156059141283,0.3102457218157586
Random,10000,ALL,500,V2,127.03649999999999,111.753,132.00774999999999,20.254749999999987,11.321000000000005,453.529,0.28010667454561888,0.27738558730131585,0.24181124894272776,0.29622264669782683
Random,10000,ALL,500,V3,119.8305,113.86624999999999,131.4785,17.612250000000003,9.8025000000000091,453.529,0.26421794416674566,0.26302244137352027,0.24370050986822317,0.28966783402815904
Random,10000,ALL,500,V4,116.60249999999999,110.97450000000001,131.16674999999998,20.192249999999973,6.9414999999999907,453.529,0.25710042797704225,0.25709489867089552,0.24363089984122904,0.28912420343100692
Random,10000,ALL,500,V5,117.672,110.78250000000001,130.79024999999999,20.007749999999973,8.5529999999999973,453.529,0.25945860132428133,0.25741517266058689,0.24118011285562568,0.28969417465676689
Random,10000,ALL,500,V6,121.04949999999999,111.75224999999999,130.6865,18.934250000000006,9.5705000000000098,453.529,0.26690575464854505,0.26588844987998017,0.24233827652713524,0.29014394071394556
Random,10000,ALL,500,V7,127.96899999999999,112.3335,132.40825000000001,20.074750000000009,10.832499999999989,453.529,0.28216277239162213,0.27799587413565729,0.24302062538087466,0.29619113279675752
Random,10000,ALL,500,std::sort,453.529,445.67399999999998,464.89324999999997,19.219249999999988,8.7940000000000111,453.529,1,1,1,1
Sorted,10000,ALL,500,V1,2.8994999999999997,2.8900000000000001,2.9100000000000001,0.020000000000000018,0.0095000000000000639,60.427999999999997,0.047982723240881708,0.047926108778618637,0.046808656757802887,0.048214885799788214
Sorted,10000,ALL,500,V2,2.8969999999999998,2.8879999999999999,2.9079999999999999,0.020000000000000018,0.0090000000000003411,60.427999999999997,0.047941351691268945,0.047892655701230559,0.046723586072050585,0.04817958507702965
Sorted,10000,ALL,500,V3,2.9009999999999998,2.8900000000000001,2.919,0.028999999999999915,0.013000000000000345,60.427999999999997,0.048007546170649368,0.047955206560801086,0.046766822788508744,0.048313185812695683
Sorted,10000,ALL,500,V4,3.4255,3.3940000000000001,3.4489999999999998,0.054999999999999716,0.026499999999999968,60.427999999999997,0.056687297279406898,0.056322457402651814,0.055011743783390049,0.057073598416584131
Sorted,10000,ALL,500,V5,3.4129999999999998,3.4039999999999999,3.4242499999999998,0.020249999999999879,0.0099999999999997868,60.427999999999997,0.056480439531343088,0.056425920101234206,0.055020476543647015,0.05672632177514704
Sorted,10000,ALL,500,V6,3.4239999999999999,3.39975,3.45425,0.054499999999999993,0.028000000000000025,60.427999999999997,0.056662474349639239,0.056438266728502037,0.055097910325608207,0.057114099231539719
Sorted,10000,ALL,500,V7,3.391,3.379,3.4020000000000001,0.023000000000000131,0.011000000000000121,60.427999999999997,0.05611636989475078,0.056070052234745704,0.054605611200716803,0.056392036569498719
Sorted,10000,ALL,500,std::sort,60.427999999999997,60.202500000000001,62.010750000000002,1.808250000000001,0.33249999999999957,60.427999999999997,1,1,1,1
Reverse,10000,ALL,500,V1,3.2839999999999998,3.2759999999999998,3.2930000000000001,0.017000000000000348,0.0080000000000000071,42.911999999999999,0.076528709917971657,0.076536452950072345,0.059686743837696496,0.078661909466318472
Reverse,10000,ALL,500,V2,3.2810000000000001,3.27,3.2930000000000001,0.023000000000000131,0.012000000000000011,42.911999999999999,0.076458799403430283,0.076386938944746782,0.059718556421649242,0.078498230903113697
Reverse,10000,ALL,500,V3,3.2829999999999999,3.2709999999999999,3.2959999999999998,0.024999999999999911,0.012000000000000011,42.911999999999999,0.076505406413124533,0.076445921729806382,0.059717002293272661,0.078386912666882691
Reverse,10000,ALL,500,V4,3.8090000000000002,3.7757499999999999,3.8300000000000001,0.054250000000000131,0.025000000000000355,42.911999999999999,0.088763049962714405,0.088490084363815141,0.068980285745543005,0.09101378171847152
Reverse,10000,ALL,500,V5,3.7919999999999998,3.7797499999999999,3.8090000000000002,0.02925000000000022,0.014000000000000012,42.911999999999999,0.088366890380313201,0.088394761215278866,0.068958436661832129,0.090801748445957786
Reverse,10000,ALL,500,V6,3.8239999999999998,3.7909999999999999,3.8399999999999999,0.048999999999999932,0.024000000000000021,42.911999999999999,0.089112602535421331,0.088867768283876519,0.06942095559137279,0.090825552232469964
Reverse,10000,ALL,500,V7,3.7519999999999998,3.7400000000000002,3.766,0.025999999999999801,0.011999999999999567,42.911999999999999,0.087434750186428031,0.08738713502440669,0.068213615804690847,0.089906343369843378
Reverse,10000,ALL,500,std::sort,42.911999999999999,42.466249999999995,54.954999999999998,12.488750000000003,1.4284999999999997,42.911999999999999,1,1,1,1
Sorted+Noise(5%),10000,ALL,500,V1,152.89049999999997,141.0575,171.0385,29.980999999999995,13.883500000000026,182.18349999999998,0.839211564164702,0.82735836634885174,0.74204187407099298,0.9244828638949294
Sorted+Noise(5%),10000,ALL,500,V2,104.211,100.53425,112.42274999999999,11.888499999999993,4.5975000000000037,182.18349999999998,0.57201118652347771,0.57193055397853387,0.53725016126468739,0.61238610407733918
Sorted+Noise(5%),10000,ALL,500,V3,141.11099999999999,132.40700000000001,147.57649999999998,15.169499999999971,7.6814999999999998,182.18349999999998,0.77455422691956188,0.75667611475369556,0.6931988938182716,0.81275423906851629
Sorted+Noise(5%),10000,ALL,500,V4,131.23099999999999,118.59150000000001,139.64275000000001,21.051249999999996,11.333999999999996,182.18349999999998,0.72032319062922823,0.70621460235852884,0.631092921399527,0.77258760016875894
Sorted+Noise(5%),10000,ALL,500,V5,127.9025,122.398,135.26149999999998,12.863499999999988,6.1755000000000067,182.18349999999998,0.70205314970894739,0.69515175818990349,0.64389969280695325,0.74564134575518359
Sorted+Noise(5%),10000,ALL,500,V6,134.92150000000001,128.29075,141.53149999999999,13.240749999999991,6.6189999999999998,182.18349999999998,0.74058023915447901,0.72931287567740388,0.6691218798621752,0.78349673248037477
Sorted+Noise(5%),10000,ALL,500,V7,107.574,102.78025000000001,118.07075,15.290499999999994,6.2355000000000018,182.18349999999998,0.59047059695307214,0.58827909394322853,0.54947133771282386,0.63152726339699283
Sorted+Noise(5%),10000,ALL,500,std::sort,182.18349999999998,176.51625000000001,193.12275,16.606499999999983,7.4125000000000227,182.18349999999998,1,1,1,1
Sorted+Noise(10%),10000,ALL,500,V1,213.38999999999999,152.42400000000001,230.21975,77.795749999999998,18.492500000000007,216.441,0.98590377978294308,0.97875422294812675,0.67217075062088638,1.0589445922414327
Sorted+Noise(10%),10000,ALL,500,V2,154.20650000000001,136.61000000000001,161.53925000000001,24.929249999999996,11.364499999999992,216.441,0.7124643667327355,0.70407708155214377,0.60453078683333206,0.74790639632825695
Sorted+Noise(10%),10000,ALL,500,V3,185.23599999999999,165.73325,194.42975000000001,28.696500000000015,11.390499999999989,216.441,0.85582676110348777,0.84255461601306836,0.66328359151376592,0.90498803663923666
Sorted+Noise(10%),10000,ALL,500,V4,172.196,151.89249999999998,182.14774999999997,30.25524999999999,13.043999999999997,216.441,0.79557939577067194,0.76878281071001209,0.62624336223887567,0.84338620621207894
Sorted+Noise(10%),10000,ALL,500,V5,169.70999999999998,143.95275000000001,179.43200000000002,35.479250000000008,9.8080000000000211,216.441,0.7840935867049218,0.78015849749162225,0.59598648833385592,0.82714022014343958
Sorted+Noise(10%),10000,ALL,500,V6,177.87,154.87524999999999,188.91525000000001,34.04000000000002,12.344499999999996,216.441,0.82179439200521154,0.81426763233855937,0.636868725870403,0.87499557910062031
Sorted+Noise(10%),10000,ALL,500,V7,162.94550000000001,136.19575,171.09800000000001,34.902250000000009,13.593000000000004,216.441,0.75284026593852371,0.73493185612839995,0.60913010812577917,0.80130702511197582
Sorted+Noise(10%),10000,ALL,500,std::sort,216.441,210.52450000000002,224.20275000000001,13.678249999999991,6.4329999999999927,216.441,1,1,1,1
Random%25,10000,ALL,500,V1,11.582000000000001,11.21025,12.211,1.00075,0.43499999999999961,218.14949999999999,0.053092030923747251,0.053077430655507241,0.050848027848235666,0.056149062484891918
Random%25,10000,ALL,500,V2,10.630500000000001,10.406000000000001,10.954000000000001,0.54800000000000004,0.25000000000000089,218.14949999999999,0.048730343182083857,0.048908150156880777,0.047239830747083204,0.050852288610999906
Random%25,10000,ALL,500,V3,10.381,10.188750000000001,10.92625,0.73749999999999893,0.24699999999999989,218.14949999999999,0.047586632103213622,0.047811442128054701,0.046230533090475305,0.050546186307466309
Random%25,10000,ALL,500,V4,10.272500000000001,10.166,10.88275,0.71674999999999933,0.16650000000000098,218.14949999999999,0.047089266764306137,0.047575482532863408,0.046040748443661704,0.049872548193415238
Random%25,10000,ALL,500,V5,10.273999999999999,10.167,10.871500000000001,0.70450000000000124,0.16400000000000059,218.14949999999999,0.047096142782816368,0.047499734573048902,0.046125752858533098,0.049877802930899565
Random%25,10000,ALL,500,V6,10.542,10.2685,10.926,0.65750000000000064,0.31599999999999984,218.14949999999999,0.048324658089979579,0.048414409857947024,0.046559421522005907,0.050467580894235579
Random%25,10000,ALL,500,V7,10.538499999999999,10.210000000000001,10.977499999999999,0.76749999999999829,0.35949999999999882,218.14949999999999,0.04830861404678901,0.048232694929551241,0.046380156629282895,0.050551604227498499
Random%25,10000,ALL,500,std::sort,218.14949999999999,213.48950000000002,223.69425000000001,10.20474999999999,4.9579999999999984,218.14949999999999,1,1,1,1
Alternating,10000,ALL,500,V1,63.564499999999995,63.233249999999998,63.936,0.70275000000000176,0.34600000000000364,163.56549999999999,0.38861801541278573,0.38912610249801394,0.37451836965491625,0.40314881538094627
Alternating,10000,ALL,500,V2,30.4785,30.20975,30.706250000000001,0.49650000000000105,0.24799999999999933,163.56549999999999,0.18633819479046623,0.18638380465422144,0.17919733466419396,0.19349232751888751
Alternating,10000,ALL,500,V3,71.858000000000004,70.246000000000009,73.741250000000008,3.4952499999999986,1.7565000000000026,163.56549999999999,0.43932247325994789,0.44213004583876037,0.42061360661925018,0.46084502868325428
Alternating,10000,ALL,500,V4,52.098500000000001,51.148250000000004,53.647500000000001,2.4992499999999964,1.1285000000000025,163.56549999999999,0.31851765806358923,0.32095236666227001,0.30703080056254828,0.33368374858067729
Alternating,10000,ALL,500,V5,52.631500000000003,52.431249999999999,52.952500000000001,0.52125000000000199,0.24549999999999983,163.56549999999999,0.32177629145510517,0.32333869905704482,0.31094190033347241,0.33609814206687805
Alternating,10000,ALL,500,V6,58.265999999999998,57.813749999999999,58.594499999999996,0.78074999999999761,0.3904999999999994,163.56549999999999,0.35622426489693731,0.35619315359373072,0.34310974560055368,0.36994104485896523
Alternating,10000,ALL,500,V7,31.311999999999998,30.989750000000001,31.622,0.63224999999999909,0.31300000000000239,163.56549999999999,0.19143401267382179,0.19149308535272727,0.18479783230342184,0.19879261335140647
Alternating,10000,ALL,500,std::sort,163.56549999999999,158.00274999999999,169.68224999999998,11.67949999999999,5.825499999999991,163.56549999999999,1,1,1,1
Sawtooth,10000,ALL,500,V1,130.42849999999999,128.95374999999999,132.48925,3.5355000000000132,1.7475000000000023,214.43450000000001,0.60824400924291555,0.60953863842201261,0.59133948384893908,0.6289338637214783
Sawtooth,10000,ALL,500,V2,82.089500000000001,81.187750000000008,83.721000000000004,2.5332499999999953,1.1400000000000006,214.43450000000001,0.38281852966756746,0.38524348080582582,0.37160839688277159,0.39658907847698022
Sawtooth,10000,ALL,500,V3,130.07049999999998,128.387,132.14924999999999,3.7622499999999945,1.8829999999999814,214.43450000000001,0.60657450177093697,0.60752956533185398,0.58840742109571775,0.62758398834375684
Sawtooth,10000,ALL,500,V4,168.50200000000001,165.94024999999999,171.70749999999998,5.76724999999999,2.7480000000000189,214.43450000000001,0.78579706157358076,0.78585921697261751,0.75560115095317204,0.82023275926287453
Sawtooth,10000,ALL,500,V5,142.815,141.57325,144.70850000000002,3.1352500000000134,1.4274999999999949,214.43450000000001,0.66600756874476819,0.66903247189989745,0.64679782009496456,0.69648771719306746
Sawtooth,10000,ALL,500,V6,113.17150000000001,111.995,114.56925,2.5742499999999922,1.2990000000000066,214.43450000000001,0.5277672202933763,0.52803710651557834,0.51215344963412024,0.54659377265191378
Sawtooth,10000,ALL,500,V7,84.182500000000005,83.53125,85.158000000000001,1.6267500000000013,0.77300000000000324,214.43450000000001,0.39257908592134194,0.3937886999684399,0.38438473127236572,0.40344129776284837
Sawtooth,10000,ALL,500,std::sort,214.43450000000001,210.21549999999999,219.93574999999998,9.720249999999993,5.0229999999999819,214.43450000000001,1,1,1,1
MixedDirectionRuns,10000,ALL,500,V1,69.772500000000008,67.395250000000004,72.131500000000003,4.7362499999999983,2.3795000000000002,193.1335,0.36126565303274683,0.36055576606136025,0.32399776665451741,0.39750349504488025
MixedDirectionRuns,10000,ALL,500,V2,33.520499999999998,32.213999999999999,34.728749999999998,2.5147499999999994,1.2714999999999996,193.1335,0.17356129309519064,0.17312216495662136,0.15358627295337743,0.19087983546260023
MixedDirectionRuns,10000,ALL,500,V3,74.312999999999988,70.416499999999999,78.533249999999995,8.1167499999999961,4.0189999999999841,193.1335,0.38477529791569037,0.38283576585846357,0.34516661401692444,0.42685299156450329
MixedDirectionRuns,10000,ALL,500,V4,73.168000000000006,67.5505,100.21475000000001,32.66425000000001,9.3979999999999997,193.1335,0.3788467562592715,0.40272300375392378,0.34107967344551648,0.51101619539964283
MixedDirectionRuns,10000,ALL,500,V5,79.801999999999992,70.451499999999996,91.027500000000003,20.576000000000008,9.6424999999999912,193.1335,0.41319605350703009,0.40992143715430679,0.36204436374296234,0.4678589578907591
MixedDirectionRuns,10000,ALL,500,V6,71.826999999999998,68.872,75.247500000000002,6.3755000000000024,3.1244999999999976,193.1335,0.37190337253764882,0.37367464301999442,0.33007320579015698,0.42502845838253084
MixedDirectionRuns,10000,ALL,500,V7,37.891500000000001,36.6755,39.3795,2.7040000000000006,1.2510000000000012,193.1335,0.19619330670235874,0.19831092304828118,0.17478731856797061,0.21804131229926949
MixedDirectionRuns,10000,ALL,500,std::sort,193.1335,177.60775000000001,213.87125,36.263499999999993,17.352499999999992,193.1335,1,1,1,1
BlockSorted,10000,ALL,500,V1,67.886499999999998,65.394999999999996,70.974499999999992,5.5794999999999959,2.7119999999999962,203.13150000000002,0.33419976714591282,0.33551236237397031,0.28979929061724463,0.38773540426848058
BlockSorted,10000,ALL,500,V2,27.804499999999997,26.891750000000002,28.850999999999999,1.9592499999999973,0.96499999999999986,203.13150000000002,0.13687931216970287,0.13611598244886913,0.11976512438004655,0.15641448366202071
BlockSorted,10000,ALL,500,V3,67.686999999999998,64.450500000000005,71.635750000000002,7.1852499999999964,3.5604999999999976,203.13150000000002,0.33321764472767634,0.33301886494937744,0.29176828064443788,0.3829583149576079
BlockSorted,10000,ALL,500,V4,65.069999999999993,61.283499999999997,86.898499999999999,25.615000000000002,6.4299999999999962,203.13150000000002,0.32033436468494542,0.3418061322519938,0.28309210026095877,0.42988911435057403
BlockSorted,10000,ALL,500,V5,70.359999999999999,65.169499999999999,79.593999999999994,14.424499999999995,6.4415000000000013,203.13150000000002,0.34637660825622807,0.34911571311020878,0.29939647851613022,0.40879237969100279
BlockSorted,10000,ALL,500,V6,66.394499999999994,63.3855,68.373249999999999,4.9877499999999984,2.285499999999999,203.13150000000002,0.3268547714165454,0.3208327432460949,0.27683169200573876,0.3636550743669395
BlockSorted,10000,ALL,500,V7,32.073499999999996,31.312000000000001,33.261749999999999,1.9497499999999981,0.89799999999999969,203.13150000000002,0.15789525504414625,0.16153736582854467,0.13976353524839877,0.19091900998438202
BlockSorted,10000,ALL,500,std::sort,203.13150000000002,181.89974999999998,232.32249999999999,50.422750000000008,24.305000000000007,203.13150000000002,1,1,1,1
OrganPipe,10000,ALL,500,V1,26.835999999999999,26.577999999999999,27.07375,0.49575000000000102,0.25150000000000006,428.34399999999999,0.062650579907737702,0.062456512993473171,0.061187930404088021,0.063408823372285317
OrganPipe,10000,ALL,500,V2,20.100999999999999,20.027749999999997,20.212,0.18425000000000225,0.086500000000000909,428.34399999999999,0.046927236053265597,0.046953340142793079,0.045981612384679169,0.047505077798376941
OrganPipe,10000,ALL,500,V3,39.004000000000005,37.093499999999992,42.869749999999996,5.7762500000000045,2.7500000000000036,428.34399999999999,0.091057654595371962,0.090618568628325624,0.085668882774831256,0.099556300049123927
OrganPipe,10000,ALL,500,V4,31.475999999999999,28.754999999999999,34.060249999999996,5.3052499999999974,2.6750000000000025,428.34399999999999,0.073482994976000596,0.072396565119346099,0.066367475227180922,0.079239248144620938
OrganPipe,10000,ALL,500,V5,37.064999999999998,36.719999999999999,37.85425,1.1342500000000015,0.52350000000000207,428.34399999999999,0.086530919074388798,0.086391129609706713,0.083225807275766076,0.08825411261272853
OrganPipe,10000,ALL,500,V6,39.093000000000004,36.592500000000001,39.447250000000004,2.8547500000000028,0.57549999999999812,428.34399999999999,0.091265431522327856,0.089431631516616206,0.084855100349387633,0.092191559885797164
OrganPipe,10000,ALL,500,V7,23.125,23.02975,23.267499999999998,0.23774999999999835,0.1144999999999996,428.34399999999999,0.053986982425340384,0.053929649104051944,0.052213276375965741,0.054615238738633949
OrganPipe,10000,ALL,500,std::sort,428.34399999999999,423.78750000000002,438.31975,14.532249999999976,5.6329999999999814,428.34399999999999,1,1,1,1
Rotated,10000,ALL,500,V1,15.431000000000001,15.057499999999999,17.805250000000001,2.7477500000000017,0.48749999999999982,145.78100000000001,0.10585055665690317,0.11957704530653065,0.061190835739074585,0.21515050535061353
Rotated,10000,ALL,500,V2,9.5904999999999987,9.2949999999999999,9.9410000000000007,0.6460000000000008,0.31749999999999901,145.78100000000001,0.065787036719462746,0.069499056494206207,0.034705619374252664,0.1277297826440543
Rotated,10000,ALL,500,V3,20.224499999999999,19.718,20.88775,1.1697500000000005,0.5389999999999997,145.78100000000001,0.13873207070880292,0.1430989439065401,0.073934945979040975,0.265551838801528
Rotated,10000,ALL,500,V4,22.362500000000001,13.843499999999999,24.926750000000002,11.083250000000003,6.3034999999999997,145.78100000000001,0.15339790507679327,0.13663607683159948,0.071124822963007622,0.2774077133785674
Rotated,10000,ALL,500,V5,44.554000000000002,24.530999999999999,47.344500000000004,22.813500000000005,17.534500000000001,145.78100000000001,0.30562281778832634,0.27979317541305604,0.094522968699988608,0.53185731530499214
Rotated,10000,ALL,500,V6,45.555,27.990500000000001,50.679000000000002,22.688500000000001,17.1325,145.78100000000001,0.31248928186800745,0.29881754566529628,0.10542002524656501,0.56805289332878361
Rotated,10000,ALL,500,V7,12.494,12.241,12.786249999999999,0.54524999999999935,0.26649999999999974,145.78100000000001,0.085703898313223253,0.087476440296129651,0.045454374383595092,0.16124511635810246
Rotated,10000,ALL,500,std::sort,145.78100000000001,88.275000000000006,279.10599999999999,190.83099999999999,72.754999999999995,145.78100000000001,1,1,1,1
Random,100000,ALL,500,V1,1484.4295000000002,1471.2910000000002,1552.7365,81.445499999999811,21.991500000000201,5578.5500000000002,0.26609593890885624,0.2676664785853744,0.26212243250060741,0.27633085652760359
Random,100000,ALL,500,V2,1462.2505000000001,1445.6780000000001,1535.4119999999998,89.733999999999696,22.020500000000084,5578.5500000000002,0.2621201745973416,0.26365459343372588,0.25754864682295797,0.27307084402387927
Random,100000,ALL,500,V3,1455.634,1444.1422499999999,1523.21325,79.07100000000014,20.866999999999962,5578.5500000000002,0.26093411370338171,0.26253976643793542,0.25635327911012024,0.27151685453574187
Random,100000,ALL,500,V4,1453.067,1442.3219999999999,1523.258,80.936000000000149,18.54099999999994,5578.5500000000002,0.26047395828665154,0.26209968065505151,0.25661456424189349,0.27168520561134962
Random,100000,ALL,500,V5,1456.404,1444.1172499999998,1544.519,100.40175000000022,21.788499999999999,5578.5500000000002,0.26107214240259563,0.26301296391191525,0.25659603587090302,0.27470364863016072
Random,100000,ALL,500,V6,1457.4369999999999,1445.0229999999999,1529.886,84.863000000000056,22.982499999999959,5578.5500000000002,0.26125731596920343,0.26326320177901386,0.25672076938374183,0.27408960527231857
Random,100000,ALL,500,V7,1468.5720000000001,1451.3727500000002,1534.09575,82.722999999999729,21.461000000000013,5578.5500000000002,0.263253354366278,0.26411750708862058,0.25827926884593455,0.27441026254078088
Random,100000,ALL,500,std::sort,5578.5500000000002,5505.6972500000002,5689.491,183.79374999999982,87.946500000000015,5578.5500000000002,1,1,1,1
Sorted,100000,ALL,500,V1,28.087,28.017749999999999,28.2575,0.2397500000000008,0.088499999999999801,717.49950000000001,0.039145671878516988,0.03929491734197077,0.03849121265203985,0.039631568438695121
Sorted,100000,ALL,500,V2,28.1585,28.110749999999999,28.231000000000002,0.12025000000000219,0.057999999999999829,717.49950000000001,0.039245323515904887,0.039299323536271927,0.038532261030326309,0.039640563663696844
Sorted,100000,ALL,500,V3,28.184999999999999,28.139250000000001,28.262250000000002,0.12300000000000111,0.066000000000002501,717.49950000000001,0.039282257339552151,0.039289726045344295,0.038557195182334102,0.039692045143495294
Sorted,100000,ALL,500,V4,32.864999999999995,32.759999999999998,33.018500000000003,0.25850000000000506,0.12399999999999523,717.49950000000001,0.045804909968578368,0.045814749881769874,0.044995633762825976,0.046311738325663071
Sorted,100000,ALL,500,V5,32.780999999999999,32.747,32.857999999999997,0.1109999999999971,0.048999999999999488,717.49950000000001,0.045687836716262517,0.045816145426829311,0.044937893506431598,0.046228695292421185
Sorted,100000,ALL,500,V6,32.835999999999999,32.725999999999999,33.012500000000003,0.28650000000000375,0.11899999999999977,717.49950000000001,0.045764491821945516,0.045792241314586063,0.044971010044247674,0.046279519080169876
Sorted,100000,ALL,500,V7,32.777500000000003,32.71875,32.9345,0.21574999999999989,0.077500000000000568,717.49950000000001,0.045682958664082694,0.045745251739483156,0.04488873677583069,0.046179178284147596
Sorted,100000,ALL,500,std::sort,717.49950000000001,710.32825000000003,731.03224999999998,20.703999999999951,8.9900000000000091,717.49950000000001,1,1,1,1
Reverse,100000,ALL,500,V1,34.872500000000002,34.822000000000003,34.994500000000002,0.17249999999999943,0.066500000000004889,510.22699999999998,0.068347029851419078,0.068784200268949255,0.067277928487495656,0.06991557145253019
Reverse,100000,ALL,500,V2,34.8125,34.748750000000001,34.883499999999998,0.13474999999999682,0.067500000000002558,510.22699999999998,0.068229435133773789,0.068709441589373726,0.06723501287029901,0.069816821089168313
Reverse,100000,ALL,500,V3,34.834000000000003,34.749250000000004,34.902999999999999,0.15374999999999517,0.075999999999996959,510.22699999999998,0.068271573240930028,0.068871186551996616,0.067189176605165782,0.069830514941419092
Reverse,100000,ALL,500,V4,39.482999999999997,39.39875,39.652749999999997,0.25399999999999778,0.096000000000000085,510.22699999999998,0.077383203946478726,0.077783671136334331,0.076186678510770656,0.079132812119283538
Reverse,100000,ALL,500,V5,39.427,39.387,39.484999999999999,0.097999999999998977,0.046499999999998209,510.22699999999998,0.077273448876676462,0.077490009642338861,0.075940764423234691,0.079053000978171445
Reverse,100000,ALL,500,V6,39.493499999999997,39.418749999999996,39.697250000000004,0.27850000000000819,0.098499999999994259,510.22699999999998,0.077403783022066644,0.07809141637114303,0.076245639318800074,0.079200326976264737
Reverse,100000,ALL,500,V7,39.429000000000002,39.359999999999999,39.556750000000001,0.19675000000000153,0.082000000000000739,510.22699999999998,0.077277368700597981,0.077606435503794535,0.076073053495279555,0.07909262003368793
Reverse,100000,ALL,500,std::sort,510.22699999999998,498.65649999999999,519.15199999999993,20.495499999999936,11.282999999999987,510.22699999999998,1,1,1,1
Sorted+Noise(5%),100000,ALL,500,V1,1638.298,1582.7497500000002,1733.366,150.61624999999981,65.641500000000065,2110.011,0.77644050196894709,0.78052010082167445,0.74290973663481796,0.82535724153051693
Sorted+Noise(5%),100000,ALL,500,V2,1110.0185000000001,1049.8165000000001,1196.114,146.2974999999999,72.795500000000061,2110.011,0.52607237592600231,0.52925988482704489,0.49485324953499565,0.57166336372467497
Sorted+Noise(5%),100000,ALL,500,V3,1734.8555000000001,1703.9765000000002,1793.8235,89.846999999999753,43.553499999999872,2110.011,0.82220211174254554,0.82861604581786963,0.78217733653975441,0.86066482215846685
Sorted+Noise(5%),100000,ALL,500,V4,1442.423,1331.0640000000001,1497.876,166.8119999999999,88.3125,2110.011,0.68360923236893079,0.67657552903823781,0.6352395364490836,0.7141098852328962
Sorted+Noise(5%),100000,ALL,500,V5,1389.2555,1270.9090000000001,1458.73975,187.83074999999985,106.399,2110.011,0.65841149643295693,0.64779629639438485,0.60732203013946406,0.69025906576381468
Sorted+Noise(5%),100000,ALL,500,V6,1425.4569999999999,1295.16625,1479.1444999999999,183.97824999999989,104.25749999999994,2110.011,0.67556851599351853,0.66435403224994216,0.61818474078596075,0.70356138672442514
Sorted+Noise(5%),100000,ALL,500,V7,1183.4400000000001,1071.0137500000001,1330.8000000000002,259.78625000000011,127.85149999999987,2110.011,0.56086911395248651,0.55190362424427852,0.50652282600536014,0.62297426965719893
Sorted+Noise(5%),100000,ALL,500,std::sort,2110.011,2053.0289999999995,2178.1387500000001,125.10975000000053,61.266499999999951,2110.011,1,1,1,1
Sorted+Noise(10%),100000,ALL,500,V1,2291.0070000000001,1546.4807500000002,2385.8604999999998,839.3797499999996,122.33500000000004,2534.1075000000001,0.90406859219666091,0.89945115675226894,0.61649999505599917,0.94521844003464484
Sorted+Noise(10%),100000,ALL,500,V2,1646.0954999999999,1469.0637500000003,1740.2637500000001,271.19999999999982,131.99349999999993,2534.1075000000001,0.64957603416587495,0.6401619998251552,0.58347471970120246,0.686127594090014
Sorted+Noise(10%),100000,ALL,500,V3,2183.8959999999997,1505.9859999999999,2272.13825,766.15225000000009,108.26100000000019,2534.1075000000001,0.86180085098994408,0.85324157319207838,0.60257241746616796,0.90021776364573358
Sorted+Noise(10%),100000,ALL,500,V4,1923.6934999999999,1540.6560000000002,2040.8332500000001,500.17724999999996,169.41199999999992,2534.1075000000001,0.75912071607064802,0.74655952216491217,0.60297575217732602,0.80235134244830797
Sorted+Noise(10%),100000,ALL,500,V5,1850.7635,1504.46875,1935.7139999999999,431.24524999999994,174.77250000000004,2534.1075000000001,0.73034135292208402,0.7173252103069262,0.59189838026274511,0.76708830796901473
Sorted+Noise(10%),100000,ALL,500,V6,1895.807,1584.9717500000002,2011.6590000000001,426.68724999999995,179.13200000000006,2534.1075000000001,0.74811625000123316,0.7400483712972985,0.60820716078056536,0.78567271268297612
Sorted+Noise(10%),100000,ALL,500,V7,1821.3285000000001,1530.2624999999998,1915.7745,385.51200000000017,158.56999999999994,2534.1075000000001,0.71872582358877835,0.70128601367491261,0.59410724507527202,0.75277984254662
Sorted+Noise(10%),100000,ALL,500,std::sort,2534.1075000000001,2481.8522499999999,2605.4672500000001,123.61500000000024,57.394000000000005,2534.1075000000001,1,1,1,1
Random%25,100000,ALL,500,V1,106.37649999999999,105.26000000000001,107.99575,2.7357499999999959,1.2929999999999993,2234.6350000000002,0.047603523617951025,0.047915543295542137,0.046424496081740492,0.049582609567859079
Random%25,100000,ALL,500,V2,108.87299999999999,107.03574999999999,111.55875,4.5230000000000103,2.1460000000000008,2234.6350000000002,0.048720708303593194,0.048885897748730735,0.047485907314200528,0.051013609676142019
Random%25,100000,ALL,500,V3,108.9075,106.82975,112.0395,5.2097499999999997,2.3719999999999999,2234.6350000000002,0.048736147066523162,0.049021743834803969,0.047407761739009215,0.05139058046944385
Random%25,100000,ALL,500,V4,108.13,106.61099999999999,110.32774999999999,3.7167500000000047,1.8540000000000063,2234.6350000000002,0.048388215525130493,0.048685792280765451,0.047076806459486947,0.050649398518765605
Random%25,100000,ALL,500,V5,108.79900000000001,106.91499999999999,111.12475000000001,4.2097500000000139,2.1654999999999944,2234.6350000000002,0.048687593275859364,0.04904132395601872,0.047305549217639901,0.050851031769810137
Random%25,100000,ALL,500,V6,108.3875,106.47725,110.72450000000001,4.2472500000000082,1.9684999999999988,2234.6350000000002,0.048503446871636755,0.048705436903521915,0.047269421729936235,0.050524469460760661
Random%25,100000,ALL,500,V7,108.444,106.76900000000001,110.86525,4.0962499999999977,1.9185000000000016,2234.6350000000002,0.048528730642811907,0.048726340196841224,0.047178325693953228,0.050723756820197391
Random%25,100000,ALL,500,std::sort,2234.6350000000002,2182.4832500000002,2293.2727500000001,110.78949999999986,54.820500000000038,2234.6350000000002,1,1,1,1
Alternating,100000,ALL,500,V1,803.79349999999999,790.83649999999989,826.40575000000001,35.569250000000125,15.747500000000002,2035.1134999999999,0.39496249226394498,0.39373806039716652,0.38470192441617262,0.40884278475969404
Alternating,100000,ALL,500,V2,484.80349999999999,481.88924999999995,509.92975000000001,28.040500000000065,4.5544999999999902,2035.1134999999999,0.23821939169486125,0.24000973617096066,0.2358310596573899,0.24829647504366831
Alternating,100000,ALL,500,V3,1063.2939999999999,1040.317,1092.0215000000001,51.704500000000053,24.369499999999903,2035.1134999999999,0.52247405365843225,0.52161117265021728,0.50589522988965374,0.53745588945467748
Alternating,100000,ALL,500,V4,714.01250000000005,696.75774999999987,738.78300000000002,42.025250000000142,23.576999999999998,2035.1134999999999,0.3508465252675097,0.35102364167288008,0.33910736733840718,0.3613337041832293
Alternating,100000,ALL,500,V5,698.08550000000002,689.28774999999996,722.98700000000008,33.69925000000012,12.115000000000009,2035.1134999999999,0.34302042613348105,0.34467968541880034,0.33614314959143404,0.35647656996939431
Alternating,100000,ALL,500,V6,775.38850000000002,759.71924999999999,801.99299999999994,42.27374999999995,18.39100000000002,2035.1134999999999,0.38100503976805228,0.38062353823572326,0.36828413958762807,0.39442376178993083
Alternating,100000,ALL,500,V7,498.35199999999998,474.38749999999999,514.16949999999997,39.781999999999982,20.829499999999967,2035.1134999999999,0.24487675994483846,0.24299838798780765,0.23053755808998527,0.25134478748316308
Alternating,100000,ALL,500,std::sort,2035.1134999999999,2006.1689999999999,2080.8287500000001,74.659750000000258,34.782999999999902,2035.1134999999999,1,1,1,1
Sawtooth,100000,ALL,500,V1,1722.1945000000001,1691.9212500000001,1763.4192499999999,71.49799999999982,33.403500000000008,2261.835,0.76141473626502376,0.76103355359833946,0.74210797900550862,0.78380885510374121
Sawtooth,100000,ALL,500,V2,1055.0785000000001,1031.9427499999999,1090.8129999999999,58.870249999999942,24.581500000000005,2261.835,0.46647014481604543,0.46771381982154925,0.45666207058566327,0.481543018375795
Sawtooth,100000,ALL,500,V3,1541.5684999999999,1509.5762499999998,1576.8499999999999,67.273750000000064,33.250999999999976,2261.835,0.68155656800783426,0.68187288674952717,0.66497933558175304,0.69891612479870058
Sawtooth,100000,ALL,500,V4,1561.931,1529.89075,1606.3900000000001,76.499250000000075,36.60349999999994,2261.835,0.69055921408944509,0.68768522946254751,0.67085454615091822,0.71313905825441304
Sawtooth,100000,ALL,500,V5,1581.2885000000001,1553.0805,1625.4665,72.385999999999967,34.992000000000075,2261.835,0.69911753067752513,0.70006884764613875,0.68456804158014861,0.71824729263556397
Sawtooth,100000,ALL,500,V6,1396.9070000000002,1373.3720000000001,1434.5855000000001,61.213500000000067,26.951500000000124,2261.835,0.61759898489500786,0.6190743983153455,0.60419412138760675,0.63536075253774893
Sawtooth,100000,ALL,500,V7,1050.9189999999999,1034.3252499999999,1080.10375,45.778500000000122,19.62600000000009,2261.835,0.46463115125550708,0.46444449549205336,0.45487234033584956,0.48183842726170745
Sawtooth,100000,ALL,500,std::sort,2261.835,2229.8827500000002,2293.6579999999999,63.775249999999687,31.989499999999907,2261.835,1,1,1,1
MixedDirectionRuns,100000,ALL,500,V1,725.15249999999992,668.64974999999993,790.625,121.97525000000007,59.751999999999896,2516.6374999999998,0.28814340563549579,0.28941268342420251,0.26182818138447678,0.32278216270240079
MixedDirectionRuns,100000,ALL,500,V2,328.4205,316.55599999999998,399.45999999999998,82.903999999999996,17.353500000000025,2516.6374999999998,0.13049972433455356,0.13570586596312459,0.12277431330836702,0.16345912652536948
MixedDirectionRuns,100000,ALL,500,V3,1045.2649999999999,1001.2950000000001,1100.6915000000001,99.39650000000006,48.835499999999854,2516.6374999999998,0.41534189965777746,0.4155584716753683,0.38292184061741175,0.45539046315546317
MixedDirectionRuns,100000,ALL,500,V4,671.57850000000008,650.41250000000002,708.63925000000006,58.226750000000038,27.21750000000003,2516.6374999999998,0.26685547680188354,0.26997129575066381,0.24816029622411581,0.29606057279240666
MixedDirectionRuns,100000,ALL,500,V5,715.58899999999994,691.07600000000002,756.63699999999994,65.560999999999922,30.261499999999955,2516.6374999999998,0.28434329536931718,0.2885414946670608,0.26669919919972562,0.31407117476482727
MixedDirectionRuns,100000,ALL,500,V6,724.61599999999999,704.53324999999995,776.46699999999998,71.933750000000032,27.220500000000015,2516.6374999999998,0.2879302243569048,0.29408088513663111,0.27064896393132665,0.3203470944811988
MixedDirectionRuns,100000,ALL,500,V7,369.13850000000002,355.86925000000002,423.50850000000003,67.639250000000004,18.16900000000004,2516.6374999999998,0.14667924959395226,0.15104307676675899,0.1382191128483819,0.17439122559655842
MixedDirectionRuns,100000,ALL,500,std::sort,2516.6374999999998,2362.817,2695.2707500000001,332.45375000000013,166.49049999999988,2516.6374999999998,1,1,1,1
BlockSorted,100000,ALL,500,V1,678.04399999999998,658.90375000000006,704.8125,45.908749999999941,22.704000000000008,2718.1185,0.24945343626482802,0.25192359451369295,0.23463136268499407,0.27583745396310522
BlockSorted,100000,ALL,500,V2,273.94549999999998,268.12175000000002,284.62200000000001,16.500249999999994,6.9134999999999991,2718.1185,0.10078497313490931,0.10251144526192615,0.094251662689340321,0.11172978064711628
BlockSorted,100000,ALL,500,V3,976.26649999999995,947.9224999999999,1023.8335000000001,75.911000000000172,35.90300000000002,2718.1185,0.35916995524661632,0.36391864373376809,0.33719322321819456,0.39687650259554941
BlockSorted,100000,ALL,500,V4,619.99149999999997,597.23625000000004,653.774,56.53774999999996,28.579000000000008,2718.1185,0.2280958317306622,0.23147390691734598,0.21306796766229413,0.25256141401233895
BlockSorted,100000,ALL,500,V5,658.21450000000004,641.65975000000003,687.13850000000002,45.478749999999991,22.034999999999911,2718.1185,0.24215813254646551,0.24650071679596319,0.22763740162495863,0.26627460472167758
BlockSorted,100000,ALL,500,V6,695.29150000000004,678.59325000000001,726.52475000000004,47.931500000000028,20.283000000000015,2718.1185,0.25579881818986183,0.26085091544859806,0.2410200130021162,0.28277195966813667
BlockSorted,100000,ALL,500,V7,303.87400000000002,299.21300000000002,309.81925000000001,10.606249999999989,5.2824999999999704,2718.1185,0.11179571457241472,0.11403160080483868,0.10550470062698553,0.12346457255407298
BlockSorted,100000,ALL,500,std::sort,2718.1185,2531.27225,2894.3455000000004,363.07325000000037,182.59300000000007,2718.1185,1,1,1,1
OrganPipe,100000,ALL,500,V1,474.21050000000002,272.63374999999996,494.97224999999997,222.33850000000001,66.920500000000004,6001.1764999999996,0.079019588908941452,0.077689292593048853,0.045626799854840028,0.082028591832743372
OrganPipe,100000,ALL,500,V2,400.55250000000001,213.80775,404.64224999999999,190.83449999999999,52.201999999999998,6001.1764999999996,0.066745662288053023,0.064861195624721812,0.035726990570562146,0.067884846224508272
OrganPipe,100000,ALL,500,V3,460.78550000000001,434.15049999999997,515.90625,81.755750000000035,37.400499999999994,6001.1764999999996,0.076782527559387734,0.076422172441573386,0.071525109590308569,0.085602486309152542
OrganPipe,100000,ALL,500,V4,445.70299999999997,304.78149999999999,500.29599999999999,195.5145,92.024500000000046,6001.1764999999996,0.07426927036723549,0.073669323256379607,0.050720634369709791,0.083103743815711298
OrganPipe,100000,ALL,500,V5,499.2955,376.64049999999997,543.70399999999995,167.06349999999998,86.418500000000023,6001.1764999999996,0.083199602611254656,0.082319100661319478,0.061980478340179959,0.090653257360422887
OrganPipe,100000,ALL,500,V6,470.69299999999998,354.06975,517.31650000000002,163.24675000000002,83.99150000000003,6001.1764999999996,0.078433453840259487,0.077192555618917871,0.058388424127870875,0.086309253236992012
OrganPipe,100000,ALL,500,V7,393.221,246.64749999999998,443.04050000000001,196.39300000000003,80.952499999999986,6001.1764999999996,0.065523985171907551,0.064696041497604079,0.040909389003443139,0.073739219445118576
OrganPipe,100000,ALL,500,std::sort,6001.1764999999996,5932.7092499999999,6101.4607500000002,168.75150000000031,80.945999999999913,6001.1764999999996,1,1,1,1
Rotated,100000,ALL,500,V1,393.67949999999996,382.49474999999995,416.07474999999999,33.580000000000041,12.384999999999962,1699.2094999999999,0.23168390948850037,0.23934375587645501,0.12631393975005462,0.39246031888620775
Rotated,100000,ALL,500,V2,282.072,200.11199999999999,300.61374999999998,100.50174999999999,39.009500000000003,1699.2094999999999,0.16600189676434837,0.14962196895244184,0.079010963065485745,0.24689406207782666
Rotated,100000,ALL,500,V3,299.65049999999997,296.73649999999998,324.52799999999996,27.791499999999985,4.032499999999942,1699.2094999999999,0.17634700135563036,0.17437965543491329,0.09319075281352561,0.28514799140379166
Rotated,100000,ALL,500,V4,331.63599999999997,261.15099999999995,367.04750000000001,105.89650000000006,57.378499999999974,1699.2094999999999,0.19517075440079637,0.18624351827614366,0.099341689233443137,0.31409618774224879
Rotated,100000,ALL,500,V5,543.84749999999997,423.23574999999994,648.58124999999995,225.34550000000002,116.24699999999996,1699.2094999999999,0.32005912160919531,0.32960991680019686,0.13542743325751982,0.55191360907493592
Rotated,100000,ALL,500,V6,583.79099999999994,400.67500000000001,666.25999999999999,265.58499999999998,145.48299999999995,1699.2094999999999,0.34356622888466665,0.33146773805854418,0.13041168423641841,0.58379809007244188
Rotated,100000,ALL,500,V7,321.05099999999999,311.62774999999999,336.02325000000002,24.395500000000027,9.9625000000000057,1699.2094999999999,0.18894138715679262,0.19004260791014355,0.097322892271549749,0.31398176712696035
Rotated,100000,ALL,500,std::sort,1699.2094999999999,1088.38375,3401.5014999999999,2313.1177499999999,797.17149999999992,1699.2094999999999,1,1,1,1
Random,1000000,ALL,50,V1,16776.679,16609.628250000002,17394.286,784.65774999999849,181.60399999999936,65083.748,0.25777063422960828,0.25758227204794976,0.25403893862314458,0.26992406925096174
Random,1000000,ALL,50,V2,16693.309999999998,16606.743750000001,17021.944499999998,415.20074999999633,115.92699999999786,65083.748,0.25648968464446759,0.25565838578728245,0.2531156877761549,0.2626988661315352
Random,1000000,ALL,50,V3,16681.817999999999,16567.4395,17028.806249999998,461.36674999999741,131.65849999999955,65083.748,0.25631311214590774,0.25683897089462648,0.25307275295123216,0.2600192672955417
Random,1000000,ALL,50,V4,16756.916499999999,16623.825250000002,17199.13175,575.30649999999878,168.16200000000026,65083.748,0.25746698699650794,0.25753500631241671,0.25358173767711106,0.26481605565712207
Random,1000000,ALL,50,V5,16701.474000000002,16603.067999999999,17083.150750000001,480.0827500000014,128.12500000000182,65083.748,0.25661512302579748,0.25740590624094206,0.25369184647725584,0.26162440855802449
Random,1000000,ALL,50,V6,16706.307500000003,16600.19225,16843.127249999998,242.93499999999767,110.21649999999863,65083.748,0.25668938887785014,0.25692137349454908,0.25380903392796533,0.26011967173383976
Random,1000000,ALL,50,V7,16716.040500000003,16584.78325,17205.997500000001,621.2142500000009,163.36199999999917,65083.748,0.25683893466000152,0.25636229601192828,0.2533014347308109,0.26391387673910693
Random,1000000,ALL,50,std::sort,65083.748,64642.572249999997,65929.501749999996,1286.9294999999984,688.01399999999921,65083.748,1,1,1,1
Sorted,1000000,ALL,50,V1,283.00700000000001,281.40199999999999,287.07249999999999,5.6705000000000041,1.7425000000000068,8568.9180000000015,0.033027156987614999,0.033058758960714009,0.032483843406651773,0.033772211904249033
Sorted,1000000,ALL,50,V2,282.99699999999996,281.45999999999998,283.84075000000001,2.3807500000000346,1.1924999999999955,8568.9180000000015,0.033025989979131545,0.033007711889117872,0.032705709385874672,0.033381995857819105
Sorted,1000000,ALL,50,V3,283.18650000000002,281.31999999999999,290.73350000000005,9.4135000000000559,2.2695000000000221,8568.9180000000015,0.033048104789892958,0.033130951167746794,0.0326231247086285,0.033997665902439966
Sorted,1000000,ALL,50,V4,328.47249999999997,328.16024999999996,329.18774999999999,1.0275000000000318,0.49650000000002592,8568.9180000000015,0.038333019408051276,0.038357346653151374,0.037836042393543552,0.038749321220337536
Sorted,1000000,ALL,50,V5,329.072,327.3605,348.65974999999992,21.299249999999915,2.1605000000000132,8568.9180000000015,0.038402981566634194,0.038605586783853542,0.038027207333064209,0.039505467098056329
Sorted,1000000,ALL,50,V6,328.67449999999997,327.91550000000001,334.82374999999996,6.9082499999999527,0.83499999999997954,8568.9180000000015,0.038356592979416994,0.038503269620613539,0.038062397068266973,0.038807946145329862
Sorted,1000000,ALL,50,V7,328.56200000000001,328.00975,330.79675000000003,2.7870000000000346,0.73499999999998522,8568.9180000000015,0.03834346413397817,0.038486213637129355,0.038089784213394116,0.038801173187733656
Sorted,1000000,ALL,50,std::sort,8568.9180000000015,8498.2222499999989,8702.4415000000008,204.21925000000192,84.892499999999927,8568.9180000000015,1,1,1,1
Reverse,1000000,ALL,50,V1,391.93700000000001,389.95549999999997,400.32474999999999,10.369250000000022,2.3085000000000093,5779.7829999999994,0.067811715422534044,0.068079191964598607,0.067007836006469423,0.069606564009813229
Reverse,1000000,ALL,50,V2,394.15800000000002,390.87574999999998,421.47675000000004,30.601000000000056,4.5960000000000036,5779.7829999999994,0.068195985904661138,0.068370649751797158,0.06722661938782018,0.072478004921409891
Reverse,1000000,ALL,50,V3,390.22649999999999,389.35599999999999,392.47524999999996,3.1192499999999654,1.0974999999999966,5779.7829999999994,0.067515770055727009,0.0677715338122378,0.066666755950761505,0.068499467517055435
Reverse,1000000,ALL,50,V4,437.66449999999998,436.88400000000001,440.95474999999999,4.0707499999999754,1.1544999999999561,5779.7829999999994,0.075723344630758638,0.076159081640933199,0.075254327496885348,0.07661786819242819
Reverse,1000000,ALL,50,V5,436.87149999999997,435.96850000000001,456.47125,20.502749999999992,1.0515000000000043,5779.7829999999994,0.075586142247901,0.076027891874484305,0.074819322021789314,0.07847170198563061
Reverse,1000000,ALL,50,V6,437.25099999999998,436.56725,438.25275000000005,1.6855000000000473,0.88249999999999318,5779.7829999999994,0.07565180215243375,0.075911968390674628,0.074757889418003168,0.076526739658991386
Reverse,1000000,ALL,50,V7,436.899,436.43975,454.95375000000001,18.51400000000001,0.57400000000001228,5779.7829999999994,0.075590900211997589,0.076062759676968822,0.074944546947404017,0.07882899913980812
Reverse,1000000,ALL,50,std::sort,5779.7829999999994,5735.6985000000004,5846.11625,110.41774999999961,54.854999999999563,5779.7829999999994,1,1,1,1
Sorted+Noise(5%),1000000,ALL,50,V1,19634.82,19391.225750000001,19923.197500000002,531.97175000000061,287.15800000000127,23756.499499999998,0.82650307971509018,0.82255774474757815,0.77162157755614658,0.84954209199252728
Sorted+Noise(5%),1000000,ALL,50,V2,13617.222,13467.615750000001,13909.29025,441.67449999999917,187.4419999999991,23756.499499999998,0.57319985210784108,0.57346631235560752,0.55813701948617123,0.60737646805647882
Sorted+Noise(5%),1000000,ALL,50,V3,42863.2595,42527.411,43366.995999999999,839.58499999999913,468.62549999999828,23756.499499999998,1.8042750574427013,1.8040888765828376,1.6331525119175649,1.8418994663805583
Sorted+Noise(5%),1000000,ALL,50,V4,15848.936,15547.8325,16640.655999999999,1092.8234999999986,423.45949999999993,23756.499499999998,0.66714104912636651,0.6707179813414984,0.6499119423516827,0.70941971181561381
Sorted+Noise(5%),1000000,ALL,50,V5,16703.799999999999,16563.504000000001,17459.772000000001,896.26800000000003,203.10599999999977,23756.499499999998,0.703125475198903,0.70968725523244214,0.6983012796509287,0.7364544422595064
Sorted+Noise(5%),1000000,ALL,50,V6,15885.781999999999,15585.834999999999,16667.201000000001,1081.3660000000018,428.65149999999903,23756.499499999998,0.66869203520493414,0.67023306884930389,0.6524666790873701,0.70680239769974951
Sorted+Noise(5%),1000000,ALL,50,V7,12644.646499999999,12465.412,15814.714749999999,3349.3027499999989,626.76249999999982,23756.499499999998,0.53226050832952054,0.54580083855141637,0.5188605545224495,0.67725519519331956
Sorted+Noise(5%),1000000,ALL,50,std::sort,23756.499499999998,23309.648499999999,24206.65425,897.00575000000026,479.19599999999991,23756.499499999998,1,1,1,1
Sorted+Noise(10%),1000000,ALL,50,V1,26777.410499999998,26505.106500000002,27290.60125,785.49474999999802,427.90800000000127,28728.271999999997,0.93209262638560375,0.93047010562040655,0.88326031314692544,0.96867408472757444
Sorted+Noise(10%),1000000,ALL,50,V2,18084.4925,17591.544249999999,18634.022000000001,1042.4777500000018,535.96450000000004,28728.271999999997,0.62950157600847001,0.63289713168798012,0.59992680749979588,0.65235901167941945
Sorted+Noise(10%),1000000,ALL,50,V3,46920.224999999999,46425.739249999999,47731.847000000009,1306.1077500000101,782.54400000000169,28728.271999999997,1.6332421595005784,1.6399750552178269,1.5063877255929086,1.6928465632254388
Sorted+Noise(10%),1000000,ALL,50,V4,20276.495000000003,19283.792750000001,20530.357250000001,1246.5645000000004,908.22800000000279,28728.271999999997,0.70580280637833015,0.69883270751455973,0.67167282472412482,0.72554576306133978
Sorted+Noise(10%),1000000,ALL,50,V5,20643.807500000003,20446.050999999999,21340.162499999999,894.11149999999907,422.84900000000016,28728.271999999997,0.71858855624870177,0.7168127389077491,0.69511024370647179,0.7485289645403429
Sorted+Noise(10%),1000000,ALL,50,V6,20092.555,19818.598750000001,20761.508249999999,942.90949999999793,426.16400000000067,28728.271999999997,0.69940005441329722,0.70372232026094905,0.68093587920321241,0.72278452209939137
Sorted+Noise(10%),1000000,ALL,50,V7,21587.402000000002,16997.741750000001,21880.395750000003,4882.6540000000023,611.5774999999976,28728.271999999997,0.75143405771151162,0.74210250246404375,0.59259183404462623,0.7710767687720097
Sorted+Noise(10%),1000000,ALL,50,std::sort,28728.271999999997,28165.243999999999,29148.948,983.70400000000154,517.22450000000026,28728.271999999997,1,1,1,1
Random%25,1000000,ALL,50,V1,1105.4259999999999,1094.0415,1155.7452499999999,61.7037499999999,17.875,23047.390500000001,0.047963173965399675,0.04907567875031961,0.047099856829693969,0.05166770966322453
Random%25,1000000,ALL,50,V2,1118.2955000000002,1094.2914999999998,1141.7179999999998,47.426500000000033,24.242500000000177,23047.390500000001,0.048521566899298214,0.048996786125470676,0.047412458842406066,0.051147380362828135
Random%25,1000000,ALL,50,V3,1114.7460000000001,1091.59825,1212.54925,120.95100000000002,27.105000000000018,23047.390500000001,0.048367558140692761,0.049865219577250111,0.048159777543743086,0.052888375466635593
Random%25,1000000,ALL,50,V4,1117.2685000000001,1093.884,1150.4657499999998,56.581749999999829,24.71650000000011,23047.390500000001,0.048477006540067959,0.049072731553669396,0.04751947094996934,0.051112074417491438
Random%25,1000000,ALL,50,V5,1120.223,1090.923,1171.1837499999999,80.260749999999916,33.711500000000001,23047.390500000001,0.048605198926967456,0.049371410885867655,0.047607469802171183,0.051029784636517125
Random%25,1000000,ALL,50,V6,1112.9290000000001,1088.9367500000001,1192.6235000000001,103.68675000000007,27.629500000000007,23047.390500000001,0.048288720582054613,0.04970038143149412,0.047167696025049985,0.051689626458441718
Random%25,1000000,ALL,50,V7,1131.4794999999999,1099.5540000000001,1239.559,140.00499999999988,41.0474999999999,23047.390500000001,0.04909360562966987,0.049973086499084794,0.048040656830469645,0.05440578494408755
Random%25,1000000,ALL,50,std::sort,23047.390500000001,22311.515749999999,23469.852749999998,1158.3369999999995,527.54299999999967,23047.390500000001,1,1,1,1
Alternating,1000000,ALL,50,V1,8349.976999999999,8229.8140000000003,8473.3454999999994,243.53149999999914,122.70000000000073,25418.889999999999,0.32849495001551993,0.32827098524798026,0.32231651902255543,0.33441730121337615
Alternating,1000000,ALL,50,V2,5107.9065000000001,4237.0022499999995,5254.8244999999997,1017.8222500000002,253.94100000000026,25418.889999999999,0.20094923499806641,0.20059062175025924,0.16682469523186888,0.20678454464342177
Alternating,1000000,ALL,50,V3,36021.061999999998,35560.230750000002,36416.664250000002,856.43349999999919,453.0254999999961,25418.889999999999,1.4170981502339401,1.4176496595759938,1.3927407362123121,1.4341518431728051
Alternating,1000000,ALL,50,V4,7508.2829999999994,6832.1334999999999,7587.7462500000001,755.61275000000023,470.69949999999972,25418.889999999999,0.29538201707470307,0.29203963374356345,0.26831550912533758,0.29878439592467265
Alternating,1000000,ALL,50,V5,7737.1255000000001,7639.0680000000002,7828.5794999999998,189.51149999999961,97.380000000000109,25418.889999999999,0.30438486889081312,0.30374388878880043,0.29960670489754659,0.30771472668216165
Alternating,1000000,ALL,50,V6,8280.0319999999992,8141.1257500000002,8391.259,250.13324999999986,128.30600000000049,25418.889999999999,0.32574325629482637,0.32396088214461671,0.31925075792241642,0.32933986694656975
Alternating,1000000,ALL,50,V7,5230.3335000000006,5152.2922500000004,5321.1837500000001,168.89149999999972,83.283500000000004,25418.889999999999,0.20576561368336702,0.20655019756885135,0.20155513814968901,0.20890031440468546
Alternating,1000000,ALL,50,std::sort,25418.889999999999,25308.960999999999,25644.567999999999,335.60699999999997,174.8744999999999,25418.889999999999,1,1,1,1
Sawtooth,1000000,ALL,50,V1,18318.890500000001,18047.3285,18592.911,545.58250000000044,278.34000000000015,23690.790000000001,0.77324945685644086,0.77479624205139053,0.75932885165621089,0.79030673686200181
Sawtooth,1000000,ALL,50,V2,11292.439999999999,10688.814249999999,11483.909000000001,795.09475000000202,294.83250000000135,23690.790000000001,0.4766594951033713,0.47265162707180375,0.45282292362753884,0.48772007377210946
Sawtooth,1000000,ALL,50,V3,34741.0095,34408.053749999999,35149.571499999998,741.51774999999907,382.78250000000116,23690.790000000001,1.4664352476215441,1.4702369529803261,1.4525404361017045,1.4905206781325422
Sawtooth,1000000,ALL,50,V4,16669.461500000001,16168.283750000001,17070.611250000002,902.32750000000124,455.0595000000003,23690.790000000001,0.70362624040819244,0.70263324760253143,0.68559931754656378,0.72483617320443539
Sawtooth,1000000,ALL,50,V5,16459.048000000003,16273.57725,16660.281500000001,386.70425000000068,199.93999999999869,23690.790000000001,0.6947445821772934,0.69535725153652739,0.68647323316308728,0.70411985040435676
Sawtooth,1000000,ALL,50,V6,14814.432499999999,14665.146999999999,15020.65475,355.50775000000067,204.48200000000088,23690.790000000001,0.62532454595224551,0.62630989035852025,0.61789911911655426,0.63336691303394754
Sawtooth,1000000,ALL,50,V7,11441.416999999999,11274.641750000001,11624.8485,350.20674999999937,183.03600000000097,23690.790000000001,0.48294788818777251,0.48395854949297001,0.4763029355241889,0.49069501378052355
Sawtooth,1000000,ALL,50,std::sort,23690.790000000001,23500.280749999998,23786.811000000002,286.53025000000343,157.16250000000036,23690.790000000001,1,1,1,1
Random,1000,ALL,500,V1,65.031499999999994,60.491249999999994,68.197249999999997,7.7060000000000031,3.9499999999999993,34.538499999999999,1.8828698409021816,1.8806276150784549,1.6656916893804989,2.0218899585216641
Random,1000,ALL,500,V2,41.021500000000003,38.666000000000004,43.729500000000002,5.0634999999999977,2.4575000000000031,34.538499999999999,1.1877035771675089,1.1848367954638075,1.0855841480551138,1.2858234525324179
Random,1000,ALL,500,V3,52.580500000000001,41.34375,55.589750000000002,14.246000000000002,7.8870000000000005,34.538499999999999,1.5223735831029142,1.4516890770027779,1.1955954286559116,1.6301155271021925
Random,1000,ALL,500,V4,52.009500000000003,41.996749999999999,54.317999999999998,12.321249999999999,7.3755000000000024,34.538499999999999,1.5058413075263837,1.4443738082801298,1.1797651364961117,1.606707981349786
Random,1000,ALL,500,V5,48.087000000000003,46.027250000000002,50.658249999999995,4.6309999999999931,2.1969999999999992,34.538499999999999,1.3922723916788513,1.4017065752558493,1.3119398205367645,1.5063373260667259
Random,1000,ALL,500,V6,53.212000000000003,44.27024999999999,56.094999999999999,11.824750000000009,6.8675000000000033,34.538499999999999,1.540657527107431,1.4681809554049807,1.2626791755904216,1.6545354216590702
Random,1000,ALL,500,V7,52.027500000000003,50.883499999999998,53.703249999999997,2.8197499999999991,1.3534999999999968,34.538499999999999,1.5063624650752061,1.5059132518442255,1.4465575172414105,1.603545517049227
Random,1000,ALL,500,std::sort,34.538499999999999,33.509,35.708749999999995,2.1997499999999945,1.0689999999999991,34.538499999999999,1,1,1,1
Sorted,1000,ALL,500,V1,0.36299999999999999,0.35899999999999999,0.36924999999999997,0.010249999999999981,0.0060000000000000053,4.2859999999999996,0.084694353709752687,0.084876917260566342,0.083489793214080107,0.086404572462784851
Sorted,1000,ALL,500,V2,0.35499999999999998,0.34300000000000003,0.36524999999999996,0.022249999999999936,0.01100000000000001,4.2859999999999996,0.082827811479234723,0.082680015641218407,0.080109298572378668,0.08531929949648126
Sorted,1000,ALL,500,V3,0.34699999999999998,0.34399999999999997,0.36099999999999999,0.017000000000000015,0.0094999999999999807,4.2859999999999996,0.080961269248716758,0.081413136880360351,0.079901370787216014,0.084383677083720965
Sorted,1000,ALL,500,V4,0.41899999999999998,0.40600000000000003,0.46300000000000002,0.056999999999999995,0.032999999999999974,4.2859999999999996,0.097760149323378454,0.097856590695896875,0.094471658502449277,0.10779139396633475
Sorted,1000,ALL,500,V5,0.41199999999999998,0.40300000000000002,0.41999999999999998,0.01699999999999996,0.0089999999999999525,4.2859999999999996,0.096126924871675221,0.096038029590500118,0.093951546341700262,0.098002459334473296
Sorted,1000,ALL,500,V6,0.41399999999999998,0.40400000000000003,0.45500000000000002,0.05099999999999999,0.030999999999999972,4.2859999999999996,0.096593560429304712,0.096886226665447397,0.093887730482823464,0.10672241201432686
Sorted,1000,ALL,500,V7,0.42399999999999999,0.40275000000000005,0.434,0.031249999999999944,0.014000000000000012,4.2859999999999996,0.098926738217452181,0.098670391645698519,0.094114178690344066,0.10120619749662123
Sorted,1000,ALL,500,std::sort,4.2859999999999996,4.2619999999999996,4.3112500000000002,0.049250000000000682,0.024999999999999467,4.2859999999999996,1,1,1,1
Reverse,1000,ALL,500,V1,0.39800000000000002,0.38300000000000001,0.40600000000000003,0.02300000000000002,0.010499999999999982,2.8639999999999999,0.13896648044692739,0.136479800094713,0.13195008883717996,0.14147895303550295
Reverse,1000,ALL,500,V2,0.39000000000000001,0.38500000000000001,0.40999999999999998,0.024999999999999967,0.009000000000000008,2.8639999999999999,0.13617318435754192,0.13610818023986315,0.1332937415759031,0.14274580632391509
Reverse,1000,ALL,500,V3,0.39000000000000001,0.38300000000000001,0.40600000000000003,0.02300000000000002,0.013000000000000012,2.8639999999999999,0.13617318435754192,0.13582399050379346,0.13165703502312548,0.14103349398239143
Reverse,1000,ALL,500,V4,0.45900000000000002,0.44500000000000001,0.48999999999999999,0.044999999999999984,0.017000000000000015,2.8639999999999999,0.16026536312849163,0.15937563765382035,0.15459292501177319,0.16913705610379498
Reverse,1000,ALL,500,V5,0.46600000000000003,0.45900000000000002,0.47499999999999998,0.015999999999999959,0.0079999999999999793,2.8639999999999999,0.16270949720670391,0.16208408620209197,0.15811017232610025,0.16585114160572947
Reverse,1000,ALL,500,V6,0.46300000000000002,0.45000000000000001,0.497,0.046999999999999986,0.01699999999999996,2.8639999999999999,0.16166201117318438,0.1608626648947234,0.15641878177495119,0.17116874348967967
Reverse,1000,ALL,500,V7,0.45600000000000002,0.443,0.46700000000000003,0.024000000000000021,0.012000000000000011,2.8639999999999999,0.15921787709497207,0.15827251959725908,0.15348385800118475,0.16233480181569318
Reverse,1000,ALL,500,std::sort,2.8639999999999999,2.8420000000000001,2.9112499999999999,0.069249999999999812,0.028999999999999915,2.8639999999999999,1,1,1,1
Sorted+Noise(5%),1000,ALL,500,V1,17.02,15.745750000000001,19.416,3.6702499999999993,1.5729999999999995,13.976500000000001,1.2177583801380887,1.2271274308836986,1.0670882919378195,1.447674262587654
Sorted+Noise(5%),1000,ALL,500,V2,10.920999999999999,9.4529999999999994,12.444500000000001,2.991500000000002,1.4824999999999999,13.976500000000001,0.78138303581010971,0.76005861339111602,0.64170200075763395,0.92081484838594707
Sorted+Noise(5%),1000,ALL,500,V3,14.372,12.434000000000001,15.655000000000001,3.2210000000000001,1.6770000000000014,13.976500000000001,1.0282974993739491,1.0049744567967753,0.86399543245704746,1.1563589202832396
Sorted+Noise(5%),1000,ALL,500,V4,13.43,10.87025,15.18525,4.3149999999999995,2.1715,13.976500000000001,0.96089865130755181,0.93667650675759806,0.7480431269575476,1.1371241436742017
Sorted+Noise(5%),1000,ALL,500,V5,12.8795,11.734999999999999,14.457749999999999,2.7227499999999996,1.2685000000000004,13.976500000000001,0.92151110793117008,0.92134172103443834,0.79767440011352164,1.0818752149846786
Sorted+Noise(5%),1000,ALL,500,V6,14.856999999999999,13.118500000000001,16.61375,3.4952499999999986,1.7424999999999997,13.976500000000001,1.0629986048009157,1.0432829860199639,0.85175314279683056,1.220238663687897
Sorted+Noise(5%),1000,ALL,500,V7,12.804,12.024749999999999,13.753500000000001,1.7287500000000016,0.82050000000000001,13.976500000000001,0.9161091832719207,0.91195153952815655,0.8104786296298494,1.0288513596087525
Sorted+Noise(5%),1000,ALL,500,std::sort,13.976500000000001,12.856249999999999,15.42775,2.5715000000000003,1.2505000000000006,13.976500000000001,1,1,1,1
Sorted+Noise(10%),1000,ALL,500,V1,24.6815,22.9055,30.05425,7.1487499999999997,2.3295000000000012,16.8735,1.4627374285121639,1.4582887748346094,1.3342440518212682,1.8037576333810139
Sorted+Noise(10%),1000,ALL,500,V2,15.9575,13.358499999999999,18.527999999999999,5.1694999999999993,2.5934999999999988,16.8735,0.94571369306901354,0.91214079100903367,0.7537915799542213,1.102294787554789
Sorted+Noise(10%),1000,ALL,500,V3,19.419,15.344749999999999,21.5825,6.2377500000000001,3.3999999999999986,16.8735,1.1508578540314696,1.1079898722704749,0.90228076524808387,1.2946051114128707
Sorted+Noise(10%),1000,ALL,500,V4,18.454499999999999,13.571249999999999,21.040750000000003,7.4695000000000036,3.931,16.8735,1.0936972175304471,1.0455933230293528,0.77720772580181352,1.2753121594518055
Sorted+Noise(10%),1000,ALL,500,V5,17.366,15.672750000000001,19.6065,3.9337499999999999,1.9359999999999991,16.8735,1.0291877796544877,1.035805763134249,0.90462970100545836,1.1933567868396775
Sorted+Noise(10%),1000,ALL,500,V6,19.776499999999999,17.420500000000001,22.160999999999998,4.7404999999999973,2.3604999999999983,16.8735,1.1720449225116305,1.1702299405728991,1.0053390403023792,1.3205080098446162
Sorted+Noise(10%),1000,ALL,500,V7,18.336500000000001,17.417999999999999,19.6615,2.2435000000000009,1.1054999999999993,16.8735,1.0867040033188136,1.0960581816767396,1.0030628728655246,1.1887342212432865
Sorted+Noise(10%),1000,ALL,500,std::sort,16.8735,15.8475,18.097749999999998,2.2502499999999976,1.0770000000000008,16.8735,1,1,1,1
Random%25,1000,ALL,500,V1,41.471000000000004,36.808,54.192250000000001,17.384250000000002,5.2420000000000009,22.282499999999999,1.8611466397397063,1.8754550992554928,1.6241422933010794,2.4789953436308543
Random%25,1000,ALL,500,V2,23.766999999999999,20.945250000000001,26.356749999999998,5.4114999999999966,2.7690000000000001,22.282499999999999,1.0666217883989679,1.0832743463361456,0.92996363224159329,1.3308245551039863
Random%25,1000,ALL,500,V3,32.486499999999999,24.653999999999996,36.664250000000003,12.010250000000006,6.7680000000000007,22.282499999999999,1.4579378435992372,1.4557572219307546,1.1573294667527181,1.7022391344400618
Random%25,1000,ALL,500,V4,32.170000000000002,22.361000000000001,35.427999999999997,13.066999999999997,7.6315000000000008,22.282499999999999,1.4437338718725459,1.4356219857465473,1.0872633828384208,1.7132677831156586
Random%25,1000,ALL,500,V5,27.216000000000001,26.057750000000002,29.280750000000001,3.222999999999999,1.4035000000000011,22.282499999999999,1.2214069336923596,1.2405316358127949,1.1523141793750886,1.6222059138213936
Random%25,1000,ALL,500,V6,33.518000000000001,24.765750000000001,37.207250000000002,12.441500000000001,7.5550000000000015,22.282499999999999,1.5042297767306183,1.4882839018139151,1.1126457150132563,1.9607410421922382
Random%25,1000,ALL,500,V7,32.256500000000003,30.923999999999999,33.672749999999994,2.748749999999994,1.3979999999999997,22.282499999999999,1.4476158420284979,1.4411972925798371,1.3397777789565826,1.7261027309859143
Random%25,1000,ALL,500,std::sort,22.282499999999999,20.207000000000001,23.444749999999999,3.2377499999999984,1.3840000000000021,22.282499999999999,1,1,1,1
Alternating,1000,ALL,500,V1,5.6029999999999998,5.5460000000000003,5.6779999999999999,0.13199999999999967,0.06449999999999978,4.6764999999999999,1.1981182508286112,1.191984922361339,1.1705196000341611,1.2115291142406537
Alternating,1000,ALL,500,V2,3.5265,3.4027500000000002,3.6280000000000001,0.22524999999999995,0.11249999999999982,4.6764999999999999,0.75408959692077404,0.74816518023039769,0.71148196909948402,0.77457977506903652
Alternating,1000,ALL,500,V3,6.0404999999999998,5.8557499999999996,6.3614999999999995,0.50574999999999992,0.24099999999999966,4.6764999999999999,1.2916711215652732,1.2812033081504239,1.2393044243144853,1.3506392671192011
Alternating,1000,ALL,500,V4,5.5220000000000002,5.4474999999999998,5.6112500000000001,0.16375000000000028,0.082500000000000018,4.6764999999999999,1.1807976050465092,1.1780460083693616,1.1527991361088559,1.2001072329070972
Alternating,1000,ALL,500,V5,5.577,5.5359999999999996,5.7145000000000001,0.17850000000000055,0.05400000000000027,4.6764999999999999,1.1925585373676895,1.191911482568202,1.1730494583388194,1.2141727002641258
Alternating,1000,ALL,500,V6,6.1444999999999999,6.0410000000000004,6.2352500000000006,0.19425000000000026,0.099499999999999922,4.6764999999999999,1.3139099754089596,1.3060054439974809,1.2808561825124261,1.3317513198454174
Alternating,1000,ALL,500,V7,3.6995,3.621,3.802,0.18100000000000005,0.086500000000000021,4.6764999999999999,0.79108307494921415,0.78592027454099522,0.76634478995502509,0.80878024121642333
Alternating,1000,ALL,500,std::sort,4.6764999999999999,4.6447500000000002,4.7409999999999997,0.096249999999999503,0.043000000000000149,4.6764999999999999,1,1,1,1
Sawtooth,1000,ALL,500,V1,12.827500000000001,12.665750000000001,13.113,0.44724999999999859,0.21200000000000063,5.4124999999999996,2.3699769053117787,2.3584349743358164,2.2934627316651319,2.4145512655782007
Sawtooth,1000,ALL,500,V2,7.6955,7.5547500000000003,7.8654999999999999,0.31074999999999964,0.15500000000000025,5.4124999999999996,1.4218013856812934,1.4135929786420749,1.3603310474324433,1.4514298073325851
Sawtooth,1000,ALL,500,V3,12.156499999999999,11.85575,12.5915,0.73574999999999946,0.35500000000000043,5.4124999999999996,2.2460046189376444,2.2304393098041881,2.1573463380548894,2.3119510186836694
Sawtooth,1000,ALL,500,V4,10.969999999999999,10.774750000000001,11.371499999999999,0.59674999999999834,0.24599999999999955,5.4124999999999996,2.0267898383371823,2.0119764376863363,1.9599824188906163,2.0609152225329819
Sawtooth,1000,ALL,500,V5,13.449999999999999,13.209250000000001,13.7605,0.55124999999999957,0.26249999999999929,5.4124999999999996,2.4849884526558892,2.4709121836395633,2.40755217961541,2.5444994051132159
Sawtooth,1000,ALL,500,V6,10.734999999999999,10.5755,10.937249999999999,0.36174999999999891,0.17749999999999932,5.4124999999999996,1.9833718244803695,1.9770394196184149,1.9177401079750238,2.0223086036431597
Sawtooth,1000,ALL,500,V7,7.9119999999999999,7.8280000000000003,8.0582499999999992,0.23024999999999896,0.10549999999999971,5.4124999999999996,1.4618013856812935,1.4576521355234848,1.4211331233897857,1.4849705466555778
Sawtooth,1000,ALL,500,std::sort,5.4124999999999996,5.3369999999999997,5.5764999999999993,0.2394999999999996,0.097999999999999421,5.4124999999999996,1,1,1,1
MixedDirectionRuns,1000,ALL,500,V1,9.5015000000000001,8.0917500000000011,10.605,2.5132499999999993,1.2190000000000003,13.231,0.71812410248658454,0.70226937034636894,0.53089985081416624,0.86198012102812716
MixedDirectionRuns,1000,ALL,500,V2,4.9805000000000001,4.4427500000000002,5.5794999999999995,1.1367499999999993,0.56999999999999984,13.231,0.37642657395510543,0.38106309409312633,0.30762242929884392,0.4469088585212373
MixedDirectionRuns,1000,ALL,500,V3,9.2530000000000001,8.260250000000001,10.308,2.0477499999999988,1.0300000000000002,13.231,0.69934245332930245,0.68633715236687154,0.56155333722369638,0.81603213971864863
MixedDirectionRuns,1000,ALL,500,V4,8.2545000000000002,7.29575,9.9727499999999996,2.6769999999999996,1.2320000000000002,13.231,0.62387574635326126,0.63431197743693857,0.50031668222844683,0.77208808825131625
MixedDirectionRuns,1000,ALL,500,V5,8.3140000000000001,7.5670000000000002,9.8719999999999999,2.3049999999999997,0.99349999999999961,13.231,0.62837276094021621,0.63816115232448634,0.52210216845640134,0.79946066132032145
MixedDirectionRuns,1000,ALL,500,V6,8.1305000000000014,7.4610000000000003,9.2727500000000003,1.81175,0.93649999999999878,13.231,0.61450381679389321,0.63290085817069675,0.50917719670578321,0.75146812050930167
MixedDirectionRuns,1000,ALL,500,V7,6.5939999999999994,6.0465,7.3795000000000002,1.3330000000000002,0.67249999999999988,13.231,0.49837502834252889,0.50817743992837194,0.42104703137831634,0.58590060896778628
MixedDirectionRuns,1000,ALL,500,std::sort,13.231,11.708749999999998,15.148,3.4392500000000013,1.6269999999999998,13.231,1,1,1,1
BlockSorted,1000,ALL,500,V1,8.9469999999999992,7.9169999999999998,9.7324999999999999,1.8155000000000001,0.8830000000000009,12.515000000000001,0.71490211745904908,0.6928726395755358,0.55934368366279541,0.84769911330964065
BlockSorted,1000,ALL,500,V2,4.2010000000000005,3.774,4.5525000000000002,0.77850000000000019,0.40250000000000008,12.515000000000001,0.33567718737514984,0.33314224792712166,0.26768752151306435,0.40665050601346103
BlockSorted,1000,ALL,500,V3,7.8004999999999995,7.0970000000000004,8.6795000000000009,1.5825000000000005,0.80899999999999972,12.515000000000001,0.62329204954055129,0.6210050905158413,0.51044721647648195,0.75376073823955458
BlockSorted,1000,ALL,500,V4,7.1704999999999997,6.3632499999999999,8.5657499999999995,2.2024999999999997,1.1239999999999997,12.515000000000001,0.57295245705153808,0.59979556933097933,0.4628204226981682,0.73662978425276893
BlockSorted,1000,ALL,500,V5,7.1950000000000003,6.266,8.2464999999999993,1.9804999999999993,0.9839999999999991,12.515000000000001,0.5749101078705553,0.58757100337675094,0.45830663284224438,0.72064865335618633
BlockSorted,1000,ALL,500,V6,7.4885000000000002,6.6310000000000002,8.1922500000000014,1.5612500000000011,0.77099999999999991,12.515000000000001,0.59836196564123045,0.58548787521897372,0.47470939380933996,0.71287404987407488
BlockSorted,1000,ALL,500,V7,5.8715000000000002,5.2910000000000004,7.3600000000000003,2.069,0.84300000000000042,12.515000000000001,0.46915701158609668,0.49099780974218343,0.38285989979303831,0.6071980788715392
BlockSorted,1000,ALL,500,std::sort,12.515000000000001,10.6845,14.81175,4.1272500000000001,2.0545000000000009,12.515000000000001,1,1,1,1
OrganPipe,1000,ALL,500,V1,3.8109999999999999,3.3125,4.0529999999999999,0.74049999999999994,0.31349999999999989,11.298500000000001,0.33730141169181749,0.31557140391698846,0.27674823852497415,0.36478127925985426
OrganPipe,1000,ALL,500,V2,2.4710000000000001,2.3767499999999999,2.6280000000000001,0.2512500000000002,0.11899999999999977,11.298500000000001,0.21870159755719784,0.22015633404120349,0.18845721733702936,0.23700081301093318
OrganPipe,1000,ALL,500,V3,4.7484999999999999,4.3657500000000002,5.2315000000000005,0.86575000000000024,0.42799999999999994,11.298500000000001,0.42027702792406069,0.40982469222497531,0.35167736147176903,0.46476724921201029
OrganPipe,1000,ALL,500,V4,3.8694999999999999,3.4555000000000002,4.2275,0.7719999999999998,0.39300000000000002,11.298500000000001,0.34247909014470945,0.32611588307518369,0.27491590524719078,0.3775675208063457
OrganPipe,1000,ALL,500,V5,4.0214999999999996,3.9312499999999999,4.2859999999999996,0.35474999999999968,0.14299999999999979,11.298500000000001,0.35593220338983045,0.3615855271973355,0.29983041754383433,0.39408986519041844
OrganPipe,1000,ALL,500,V6,4.3815,4.1507500000000004,4.7112499999999997,0.56049999999999933,0.27400000000000002,11.298500000000001,0.3877948400230119,0.38464915516815501,0.31884927899685628,0.42522854786094788
OrganPipe,1000,ALL,500,V7,2.9204999999999997,2.8399999999999999,3.12825,0.28825000000000012,0.11349999999999971,11.298500000000001,0.25848563968668403,0.2612529052871963,0.22350135351867628,0.27784527329424641
OrganPipe,1000,ALL,500,std::sort,11.298500000000001,10.345499999999999,13.4375,3.0920000000000005,1.093,11.298500000000001,1,1,1,1
Rotated,1000,ALL,500,V1,2.4350000000000001,2.1145,2.7457500000000001,0.63125000000000009,0.3194999999999999,10.4575,0.23284723882381067,0.26683837813199168,0.16625983681387546,0.40729220334488292
Rotated,1000,ALL,500,V2,1.2709999999999999,1.2070000000000001,1.4124999999999999,0.20549999999999979,0.081999999999999851,10.4575,0.12153956490557016,0.1402207937956616,0.092063352091762585,0.21473538567969561
Rotated,1000,ALL,500,V3,2.6180000000000003,2.4427500000000002,3.1025,0.65974999999999984,0.25550000000000028,10.4575,0.25034664116662686,0.27184229234393348,0.17976441295955042,0.45922493736435144
Rotated,1000,ALL,500,V4,2.4670000000000001,2.0524999999999998,3.0237500000000002,0.97125000000000039,0.43900000000000006,10.4575,0.23590724360506815,0.25768976728097648,0.15601776844289361,0.42204256402745205
Rotated,1000,ALL,500,V5,4.6094999999999997,2.6507499999999999,5.056,2.4052500000000001,1.7334999999999998,10.4575,0.44078412622519719,0.39871591788018768,0.20523263036515271,0.72952857419276196
Rotated,1000,ALL,500,V6,5.0440000000000005,3.0714999999999999,5.5942500000000006,2.5227500000000007,1.8425000000000005,10.4575,0.48233325364570889,0.46628789481530297,0.23437165294966122,0.84450573619099278
Rotated,1000,ALL,500,V7,1.617,1.5369999999999999,1.80925,0.2722500000000001,0.10550000000000004,10.4575,0.15462586660291658,0.17524679325955733,0.11870010379356963,0.27797242519367626
Rotated,1000,ALL,500,std::sort,10.4575,6.3997500000000009,15.30175,8.9019999999999992,4.2144999999999992,10.4575,1,1,1,1
Random,10000,ALL,500,V1,133.42449999999999,128.90774999999999,136.99275,8.085000000000008,4.1614999999999895,453.529,0.29419177163974081,0.29314289749219247,0.28170156059141283,0.3102457218157586
Random,10000,ALL,500,V2,127.03649999999999,111.753,132.00774999999999,20.254749999999987,11.321000000000005,453.529,0.28010667454561888,0.27738558730131585,0.24181124894272776,0.29622264669782683
Random,10000,ALL,500,V3,119.8305,113.86624999999999,131.4785,17.612250000000003,9.8025000000000091,453.529,0.26421794416674566,0.26302244137352027,0.24370050986822317,0.28966783402815904
Random,10000,ALL,500,V4,116.60249999999999,110.97450000000001,131.16674999999998,20.192249999999973,6.9414999999999907,453.529,0.25710042797704225,0.25709489867089552,0.24363089984122904,0.28912420343100692
Random,10000,ALL,500,V5,117.672,110.78250000000001,130.79024999999999,20.007749999999973,8.5529999999999973,453.529,0.25945860132428133,0.25741517266058689,0.24118011285562568,0.28969417465676689
Random,10000,ALL,500,V6,121.04949999999999,111.75224999999999,130.6865,18.934250000000006,9.5705000000000098,453.529,0.26690575464854505,0.26588844987998017,0.24233827652713524,0.29014394071394556
Random,10000,ALL,500,V7,127.96899999999999,112.3335,132.40825000000001,20.074750000000009,10.832499999999989,453.529,0.28216277239162213,0.27799587413565729,0.24302062538087466,0.29619113279675752
Random,10000,ALL,500,std::sort,453.529,445.67399999999998,464.89324999999997,19.219249999999988,8.7940000000000111,453.529,1,1,1,1
Sorted,10000,ALL,500,V1,2.8994999999999997,2.8900000000000001,2.9100000000000001,0.020000000000000018,0.0095000000000000639,60.427999999999997,0.047982723240881708,0.047926108778618637,0.046808656757802887,0.048214885799788214
Sorted,10000,ALL,500,V2,2.8969999999999998,2.8879999999999999,2.9079999999999999,0.020000000000000018,0.0090000000000003411,60.427999999999997,0.047941351691268945,0.047892655701230559,0.046723586072050585,0.04817958507702965
Sorted,10000,ALL,500,V3,2.9009999999999998,2.8900000000000001,2.919,0.028999999999999915,0.013000000000000345,60.427999999999997,0.048007546170649368,0.047955206560801086,0.046766822788508744,0.048313185812695683
Sorted,10000,ALL,500,V4,3.4255,3.3940000000000001,3.4489999999999998,0.054999999999999716,0.026499999999999968,60.427999999999997,0.056687297279406898,0.056322457402651814,0.055011743783390049,0.057073598416584131
Sorted,10000,ALL,500,V5,3.4129999999999998,3.4039999999999999,3.4242499999999998,0.020249999999999879,0.0099999999999997868,60.427999999999997,0.056480439531343088,0.056425920101234206,0.055020476543647015,0.05672632177514704
Sorted,10000,ALL,500,V6,3.4239999999999999,3.39975,3.45425,0.054499999999999993,0.028000000000000025,60.427999999999997,0.056662474349639239,0.056438266728502037,0.055097910325608207,0.057114099231539719
Sorted,10000,ALL,500,V7,3.391,3.379,3.4020000000000001,0.023000000000000131,0.011000000000000121,60.427999999999997,0.05611636989475078,0.056070052234745704,0.054605611200716803,0.056392036569498719
Sorted,10000,ALL,500,std::sort,60.427999999999997,60.202500000000001,62.010750000000002,1.808250000000001,0.33249999999999957,60.427999999999997,1,1,1,1
Reverse,10000,ALL,500,V1,3.2839999999999998,3.2759999999999998,3.2930000000000001,0.017000000000000348,0.0080000000000000071,42.911999999999999,0.076528709917971657,0.076536452950072345,0.059686743837696496,0.078661909466318472
Reverse,10000,ALL,500,V2,3.2810000000000001,3.27,3.2930000000000001,0.023000000000000131,0.012000000000000011,42.911999999999999,0.076458799403430283,0.076386938944746782,0.059718556421649242,0.078498230903113697
Reverse,10000,ALL,500,V3,3.2829999999999999,3.2709999999999999,3.2959999999999998,0.024999999999999911,0.012000000000000011,42.911999999999999,0.076505406413124533,0.076445921729806382,0.059717002293272661,0.078386912666882691
Reverse,10000,ALL,500,V4,3.8090000000000002,3.7757499999999999,3.8300000000000001,0.054250000000000131,0.025000000000000355,42.911999999999999,0.088763049962714405,0.088490084363815141,0.068980285745543005,0.09101378171847152
Reverse,10000,ALL,500,V5,3.7919999999999998,3.7797499999999999,3.8090000000000002,0.02925000000000022,0.014000000000000012,42.911999999999999,0.088366890380313201,0.088394761215278866,0.068958436661832129,0.090801748445957786
Reverse,10000,ALL,500,V6,3.8239999999999998,3.7909999999999999,3.8399999999999999,0.048999999999999932,0.024000000000000021,42.911999999999999,0.089112602535421331,0.088867768283876519,0.06942095559137279,0.090825552232469964
Reverse,10000,ALL,500,V7,3.7519999999999998,3.7400000000000002,3.766,0.025999999999999801,0.011999999999999567,42.911999999999999,0.087434750186428031,0.08738713502440669,0.068213615804690847,0.089906343369843378
Reverse,10000,ALL,500,std::sort,42.911999999999999,42.466249999999995,54.954999999999998,12.488750000000003,1.4284999999999997,42.911999999999999,1,1,1,1
Sorted+Noise(5%),10000,ALL,500,V1,152.89049999999997,141.0575,171.0385,29.980999999999995,13.883500000000026,182.18349999999998,0.839211564164702,0.82735836634885174,0.74204187407099298,0.9244828638949294
Sorted+Noise(5%),10000,ALL,500,V2,104.211,100.53425,112.42274999999999,11.888499999999993,4.5975000000000037,182.18349999999998,0.57201118652347771,0.57193055397853387,0.53725016126468739,0.61238610407733918
Sorted+Noise(5%),10000,ALL,500,V3,141.11099999999999,132.40700000000001,147.57649999999998,15.169499999999971,7.6814999999999998,182.18349999999998,0.77455422691956188,0.75667611475369556,0.6931988938182716,0.81275423906851629
Sorted+Noise(5%),10000,ALL,500,V4,131.23099999999999,118.59150000000001,139.64275000000001,21.051249999999996,11.333999999999996,182.18349999999998,0.72032319062922823,0.70621460235852884,0.631092921399527,0.77258760016875894
Sorted+Noise(5%),10000,ALL,500,V5,127.9025,122.398,135.26149999999998,12.863499999999988,6.1755000000000067,182.18349999999998,0.70205314970894739,0.69515175818990349,0.64389969280695325,0.74564134575518359
Sorted+Noise(5%),10000,ALL,500,V6,134.92150000000001,128.29075,141.53149999999999,13.240749999999991,6.6189999999999998,182.18349999999998,0.74058023915447901,0.72931287567740388,0.6691218798621752,0.78349673248037477
Sorted+Noise(5%),10000,ALL,500,V7,107.574,102.78025000000001,118.07075,15.290499999999994,6.2355000000000018,182.18349999999998,0.59047059695307214,0.58827909394322853,0.54947133771282386,0.63152726339699283
Sorted+Noise(5%),10000,ALL,500,std::sort,182.18349999999998,176.51625000000001,193.12275,16.606499999999983,7.4125000000000227,182.18349999999998,1,1,1,1
Sorted+Noise(10%),10000,ALL,500,V1,213.38999999999999,152.42400000000001,230.21975,77.795749999999998,18.492500000000007,216.441,0.98590377978294308,0.97875422294812675,0.67217075062088638,1.0589445922414327
Sorted+Noise(10%),10000,ALL,500,V2,154.20650000000001,136.61000000000001,161.53925000000001,24.929249999999996,11.364499999999992,216.441,0.7124643667327355,0.70407708155214377,0.60453078683333206,0.74790639632825695
Sorted+Noise(10%),10000,ALL,500,V3,185.23599999999999,165.73325,194.42975000000001,28.696500000000015,11.390499999999989,216.441,0.85582676110348777,0.84255461601306836,0.66328359151376592,0.90498803663923666
Sorted+Noise(10%),10000,ALL,500,V4,172.196,151.89249999999998,182.14774999999997,30.25524999999999,13.043999999999997,216.441,0.79557939577067194,0.76878281071001209,0.62624336223887567,0.84338620621207894
Sorted+Noise(10%),10000,ALL,500,V5,169.70999999999998,143.95275000000001,179.43200000000002,35.479250000000008,9.8080000000000211,216.441,0.7840935867049218,0.78015849749162225,0.59598648833385592,0.82714022014343958
Sorted+Noise(10%),10000,ALL,500,V6,177.87,154.87524999999999,188.91525000000001,34.04000000000002,12.344499999999996,216.441,0.82179439200521154,0.81426763233855937,0.636868725870403,0.87499557910062031
Sorted+Noise(10%),10000,ALL,500,V7,162.94550000000001,136.19575,171.09800000000001,34.902250000000009,13.593000000000004,216.441,0.75284026593852371,0.73493185612839995,0.60913010812577917,0.80130702511197582
Sorted+Noise(10%),10000,ALL,500,std::sort,216.441,210.52450000000002,224.20275000000001,13.678249999999991,6.4329999999999927,216.441,1,1,1,1
Random%25,10000,ALL,500,V1,11.582000000000001,11.21025,12.211,1.00075,0.43499999999999961,218.14949999999999,0.053092030923747251,0.053077430655507241,0.050848027848235666,0.056149062484891918
Random%25,10000,ALL,500,V2,10.630500000000001,10.406000000000001,10.954000000000001,0.54800000000000004,0.25000000000000089,218.14949999999999,0.048730343182083857,0.048908150156880777,0.047239830747083204,0.050852288610999906
Random%25,10000,ALL,500,V3,10.381,10.188750000000001,10.92625,0.73749999999999893,0.24699999999999989,218.14949999999999,0.047586632103213622,0.047811442128054701,0.046230533090475305,0.050546186307466309
Random%25,10000,ALL,500,V4,10.272500000000001,10.166,10.88275,0.71674999999999933,0.16650000000000098,218.14949999999999,0.047089266764306137,0.047575482532863408,0.046040748443661704,0.049872548193415238
Random%25,10000,ALL,500,V5,10.273999999999999,10.167,10.871500000000001,0.70450000000000124,0.16400000000000059,218.14949999999999,0.047096142782816368,0.047499734573048902,0.046125752858533098,0.049877802930899565
Random%25,10000,ALL,500,V6,10.542,10.2685,10.926,0.65750000000000064,0.31599999999999984,218.14949999999999,0.048324658089979579,0.048414409857947024,0.046559421522005907,0.050467580894235579
Random%25,10000,ALL,500,V7,10.538499999999999,10.210000000000001,10.977499999999999,0.76749999999999829,0.35949999999999882,218.14949999999999,0.04830861404678901,0.048232694929551241,0.046380156629282895,0.050551604227498499
Random%25,10000,ALL,500,std::sort,218.14949999999999,213.48950000000002,223.69425000000001,10.20474999999999,4.9579999999999984,218.14949999999999,1,1,1,1
Alternating,10000,ALL,500,V1,63.564499999999995,63.233249999999998,63.936,0.70275000000000176,0.34600000000000364,163.56549999999999,0.38861801541278573,0.38912610249801394,0.37451836965491625,0.40314881538094627
Alternating,10000,ALL,500,V2,30.4785,30.20975,30.706250000000001,0.49650000000000105,0.24799999999999933,163.56549999999999,0.18633819479046623,0.18638380465422144,0.17919733466419396,0.19349232751888751
Alternating,10000,ALL,500,V3,71.858000000000004,70.246000000000009,73.741250000000008,3.4952499999999986,1.7565000000000026,163.56549999999999,0.43932247325994789,0.44213004583876037,0.42061360661925018,0.46084502868325428
Alternating,10000,ALL,500,V4,52.098500000000001,51.148250000000004,53.647500000000001,2.4992499999999964,1.1285000000000025,163.56549999999999,0.31851765806358923,0.32095236666227001,0.30703080056254828,0.33368374858067729
Alternating,10000,ALL,500,V5,52.631500000000003,52.431249999999999,52.952500000000001,0.52125000000000199,0.24549999999999983,163.56549999999999,0.32177629145510517,0.32333869905704482,0.31094190033347241,0.33609814206687805
Alternating,10000,ALL,500,V6,58.265999999999998,57.813749999999999,58.594499999999996,0.78074999999999761,0.3904999999999994,163.56549999999999,0.35622426489693731,0.35619315359373072,0.34310974560055368,0.36994104485896523
Alternating,10000,ALL,500,V7,31.311999999999998,30.989750000000001,31.622,0.63224999999999909,0.31300000000000239,163.56549999999999,0.19143401267382179,0.19149308535272727,0.18479783230342184,0.19879261335140647
Alternating,10000,ALL,500,std::sort,163.56549999999999,158.00274999999999,169.68224999999998,11.67949999999999,5.825499999999991,163.56549999999999,1,1,1,1
Sawtooth,10000,ALL,500,V1,130.42849999999999,128.95374999999999,132.48925,3.5355000000000132,1.7475000000000023,214.43450000000001,0.60824400924291555,0.60953863842201261,0.59133948384893908,0.6289338637214783
Sawtooth,10000,ALL,500,V2,82.089500000000001,81.187750000000008,83.721000000000004,2.5332499999999953,1.1400000000000006,214.43450000000001,0.38281852966756746,0.38524348080582582,0.37160839688277159,0.39658907847698022
Sawtooth,10000,ALL,500,V3,130.07049999999998,128.387,132.14924999999999,3.7622499999999945,1.8829999999999814,214.43450000000001,0.60657450177093697,0.60752956533185398,0.58840742109571775,0.62758398834375684
Sawtooth,10000,ALL,500,V4,168.50200000000001,165.94024999999999,171.70749999999998,5.76724999999999,2.7480000000000189,214.43450000000001,0.78579706157358076,0.78585921697261751,0.75560115095317204,0.82023275926287453
Sawtooth,10000,ALL,500,V5,142.815,141.57325,144.70850000000002,3.1352500000000134,1.4274999999999949,214.43450000000001,0.66600756874476819,0.66903247189989745,0.64679782009496456,0.69648771719306746
Sawtooth,10000,ALL,500,V6,113.17150000000001,111.995,114.56925,2.5742499999999922,1.2990000000000066,214.43450000000001,0.5277672202933763,0.52803710651557834,0.51215344963412024,0.54659377265191378
Sawtooth,10000,ALL,500,V7,84.182500000000005,83.53125,85.158000000000001,1.6267500000000013,0.77300000000000324,214.43450000000001,0.39257908592134194,0.3937886999684399,0.38438473127236572,0.40344129776284837
Sawtooth,10000,ALL,500,std::sort,214.43450000000001,210.21549999999999,219.93574999999998,9.720249999999993,5.0229999999999819,214.43450000000001,1,1,1,1
MixedDirectionRuns,10000,ALL,500,V1,69.772500000000008,67.395250000000004,72.131500000000003,4.7362499999999983,2.3795000000000002,193.1335,0.36126565303274683,0.36055576606136025,0.32399776665451741,0.39750349504488025
MixedDirectionRuns,10000,ALL,500,V2,33.520499999999998,32.213999999999999,34.728749999999998,2.5147499999999994,1.2714999999999996,193.1335,0.17356129309519064,0.17312216495662136,0.15358627295337743,0.19087983546260023
MixedDirectionRuns,10000,ALL,500,V3,74.312999999999988,70.416499999999999,78.533249999999995,8.1167499999999961,4.0189999999999841,193.1335,0.38477529791569037,0.38283576585846357,0.34516661401692444,0.42685299156450329
MixedDirectionRuns,10000,ALL,500,V4,73.168000000000006,67.5505,100.21475000000001,32.66425000000001,9.3979999999999997,193.1335,0.3788467562592715,0.40272300375392378,0.34107967344551648,0.51101619539964283
MixedDirectionRuns,10000,ALL,500,V5,79.801999999999992,70.451499999999996,91.027500000000003,20.576000000000008,9.6424999999999912,193.1335,0.41319605350703009,0.40992143715430679,0.36204436374296234,0.4678589578907591
MixedDirectionRuns,10000,ALL,500,V6,71.826999999999998,68.872,75.247500000000002,6.3755000000000024,3.1244999999999976,193.1335,0.37190337253764882,0.37367464301999442,0.33007320579015698,0.42502845838253084
MixedDirectionRuns,10000,ALL,500,V7,37.891500000000001,36.6755,39.3795,2.7040000000000006,1.2510000000000012,193.1335,0.19619330670235874,0.19831092304828118,0.17478731856797061,0.21804131229926949
MixedDirectionRuns,10000,ALL,500,std::sort,193.1335,177.60775000000001,213.87125,36.263499999999993,17.352499999999992,193.1335,1,1,1,1
BlockSorted,10000,ALL,500,V1,67.886499999999998,65.394999999999996,70.974499999999992,5.5794999999999959,2.7119999999999962,203.13150000000002,0.33419976714591282,0.33551236237397031,0.28979929061724463,0.38773540426848058
BlockSorted,10000,ALL,500,V2,27.804499999999997,26.891750000000002,28.850999999999999,1.9592499999999973,0.96499999999999986,203.13150000000002,0.13687931216970287,0.13611598244886913,0.11976512438004655,0.15641448366202071
BlockSorted,10000,ALL,500,V3,67.686999999999998,64.450500000000005,71.635750000000002,7.1852499999999964,3.5604999999999976,203.13150000000002,0.33321764472767634,0.33301886494937744,0.29176828064443788,0.3829583149576079
BlockSorted,10000,ALL,500,V4,65.069999999999993,61.283499999999997,86.898499999999999,25.615000000000002,6.4299999999999962,203.13150000000002,0.32033436468494542,0.3418061322519938,0.28309210026095877,0.42988911435057403
BlockSorted,10000,ALL,500,V5,70.359999999999999,65.169499999999999,79.593999999999994,14.424499999999995,6.4415000000000013,203.13150000000002,0.34637660825622807,0.34911571311020878,0.29939647851613022,0.40879237969100279
BlockSorted,10000,ALL,500,V6,66.394499999999994,63.3855,68.373249999999999,4.9877499999999984,2.285499999999999,203.13150000000002,0.3268547714165454,0.3208327432460949,0.27683169200573876,0.3636550743669395
BlockSorted,10000,ALL,500,V7,32.073499999999996,31.312000000000001,33.261749999999999,1.9497499999999981,0.89799999999999969,203.13150000000002,0.15789525504414625,0.16153736582854467,0.13976353524839877,0.19091900998438202
BlockSorted,10000,ALL,500,std::sort,203.13150000000002,181.89974999999998,232.32249999999999,50.422750000000008,24.305000000000007,203.13150000000002,1,1,1,1
OrganPipe,10000,ALL,500,V1,26.835999999999999,26.577999999999999,27.07375,0.49575000000000102,0.25150000000000006,428.34399999999999,0.062650579907737702,0.062456512993473171,0.061187930404088021,0.063408823372285317
OrganPipe,10000,ALL,500,V2,20.100999999999999,20.027749999999997,20.212,0.18425000000000225,0.086500000000000909,428.34399999999999,0.046927236053265597,0.046953340142793079,0.045981612384679169,0.047505077798376941
OrganPipe,10000,ALL,500,V3,39.004000000000005,37.093499999999992,42.869749999999996,5.7762500000000045,2.7500000000000036,428.34399999999999,0.091057654595371962,0.090618568628325624,0.085668882774831256,0.099556300049123927
OrganPipe,10000,ALL,500,V4,31.475999999999999,28.754999999999999,34.060249999999996,5.3052499999999974,2.6750000000000025,428.34399999999999,0.073482994976000596,0.072396565119346099,0.066367475227180922,0.079239248144620938
OrganPipe,10000,ALL,500,V5,37.064999999999998,36.719999999999999,37.85425,1.1342500000000015,0.52350000000000207,428.34399999999999,0.086530919074388798,0.086391129609706713,0.083225807275766076,0.08825411261272853
OrganPipe,10000,ALL,500,V6,39.093000000000004,36.592500000000001,39.447250000000004,2.8547500000000028,0.57549999999999812,428.34399999999999,0.091265431522327856,0.089431631516616206,0.084855100349387633,0.092191559885797164
OrganPipe,10000,ALL,500,V7,23.125,23.02975,23.267499999999998,0.23774999999999835,0.1144999999999996,428.34399999999999,0.053986982425340384,0.053929649104051944,0.052213276375965741,0.054615238738633949
OrganPipe,10000,ALL,500,std::sort,428.34399999999999,423.78750000000002,438.31975,14.532249999999976,5.6329999999999814,428.34399999999999,1,1,1,1
Rotated,10000,ALL,500,V1,15.431000000000001,15.057499999999999,17.805250000000001,2.7477500000000017,0.48749999999999982,145.78100000000001,0.10585055665690317,0.11957704530653065,0.061190835739074585,0.21515050535061353
Rotated,10000,ALL,500,V2,9.5904999999999987,9.2949999999999999,9.9410000000000007,0.6460000000000008,0.31749999999999901,145.78100000000001,0.065787036719462746,0.069499056494206207,0.034705619374252664,0.1277297826440543
Rotated,10000,ALL,500,V3,20.224499999999999,19.718,20.88775,1.1697500000000005,0.5389999999999997,145.78100000000001,0.13873207070880292,0.1430989439065401,0.073934945979040975,0.265551838801528
Rotated,10000,ALL,500,V4,22.362500000000001,13.843499999999999,24.926750000000002,11.083250000000003,6.3034999999999997,145.78100000000001,0.15339790507679327,0.13663607683159948,0.071124822963007622,0.2774077133785674
Rotated,10000,ALL,500,V5,44.554000000000002,24.530999999999999,47.344500000000004,22.813500000000005,17.534500000000001,145.78100000000001,0.30562281778832634,0.27979317541305604,0.094522968699988608,0.53185731530499214
Rotated,10000,ALL,500,V6,45.555,27.990500000000001,50.679000000000002,22.688500000000001,17.1325,145.78100000000001,0.31248928186800745,0.29881754566529628,0.10542002524656501,0.56805289332878361
Rotated,10000,ALL,500,V7,12.494,12.241,12.786249999999999,0.54524999999999935,0.26649999999999974,145.78100000000001,0.085703898313223253,0.087476440296129651,0.045454374383595092,0.16124511635810246
Rotated,10000,ALL,500,std::sort,145.78100000000001,88.275000000000006,279.10599999999999,190.83099999999999,72.754999999999995,145.78100000000001,1,1,1,1
Random,100000,ALL,500,V1,1484.4295000000002,1471.2910000000002,1552.7365,81.445499999999811,21.991500000000201,5578.5500000000002,0.26609593890885624,0.2676664785853744,0.26212243250060741,0.27633085652760359
Random,100000,ALL,500,V2,1462.2505000000001,1445.6780000000001,1535.4119999999998,89.733999999999696,22.020500000000084,5578.5500000000002,0.2621201745973416,0.26365459343372588,0.25754864682295797,0.27307084402387927
Random,100000,ALL,500,V3,1455.634,1444.1422499999999,1523.21325,79.07100000000014,20.866999999999962,5578.5500000000002,0.26093411370338171,0.26253976643793542,0.25635327911012024,0.27151685453574187
Random,100000,ALL,500,V4,1453.067,1442.3219999999999,1523.258,80.936000000000149,18.54099999999994,5578.5500000000002,0.26047395828665154,0.26209968065505151,0.25661456424189349,0.27168520561134962
Random,100000,ALL,500,V5,1456.404,1444.1172499999998,1544.519,100.40175000000022,21.788499999999999,5578.5500000000002,0.26107214240259563,0.26301296391191525,0.25659603587090302,0.27470364863016072
Random,100000,ALL,500,V6,1457.4369999999999,1445.0229999999999,1529.886,84.863000000000056,22.982499999999959,5578.5500000000002,0.26125731596920343,0.26326320177901386,0.25672076938374183,0.27408960527231857
Random,100000,ALL,500,V7,1468.5720000000001,1451.3727500000002,1534.09575,82.722999999999729,21.461000000000013,5578.5500000000002,0.263253354366278,0.26411750708862058,0.25827926884593455,0.27441026254078088
Random,100000,ALL,500,std::sort,5578.5500000000002,5505.6972500000002,5689.491,183.79374999999982,87.946500000000015,5578.5500000000002,1,1,1,1
Sorted,100000,ALL,500,V1,28.087,28.017749999999999,28.2575,0.2397500000000008,0.088499999999999801,717.49950000000001,0.039145671878516988,0.03929491734197077,0.03849121265203985,0.039631568438695121
Sorted,100000,ALL,500,V2,28.1585,28.110749999999999,28.231000000000002,0.12025000000000219,0.057999999999999829,717.49950000000001,0.039245323515904887,0.039299323536271927,0.038532261030326309,0.039640563663696844
Sorted,100000,ALL,500,V3,28.184999999999999,28.139250000000001,28.262250000000002,0.12300000000000111,0.066000000000002501,717.49950000000001,0.039282257339552151,0.039289726045344295,0.038557195182334102,0.039692045143495294
Sorted,100000,ALL,500,V4,32.864999999999995,32.759999999999998,33.018500000000003,0.25850000000000506,0.12399999999999523,717.49950000000001,0.045804909968578368,0.045814749881769874,0.044995633762825976,0.046311738325663071
Sorted,100000,ALL,500,V5,32.780999999999999,32.747,32.857999999999997,0.1109999999999971,0.048999999999999488,717.49950000000001,0.045687836716262517,0.045816145426829311,0.044937893506431598,0.046228695292421185
Sorted,100000,ALL,500,V6,32.835999999999999,32.725999999999999,33.012500000000003,0.28650000000000375,0.11899999999999977,717.49950000000001,0.045764491821945516,0.045792241314586063,0.044971010044247674,0.046279519080169876
Sorted,100000,ALL,500,V7,32.777500000000003,32.71875,32.9345,0.21574999999999989,0.077500000000000568,717.49950000000001,0.045682958664082694,0.045745251739483156,0.04488873677583069,0.046179178284147596
Sorted,100000,ALL,500,std::sort,717.49950000000001,710.32825000000003,731.03224999999998,20.703999999999951,8.9900000000000091,717.49950000000001,1,1,1,1
Reverse,100000,ALL,500,V1,34.872500000000002,34.822000000000003,34.994500000000002,0.17249999999999943,0.066500000000004889,510.22699999999998,0.068347029851419078,0.068784200268949255,0.067277928487495656,0.06991557145253019
Reverse,100000,ALL,500,V2,34.8125,34.748750000000001,34.883499999999998,0.13474999999999682,0.067500000000002558,510.22699999999998,0.068229435133773789,0.068709441589373726,0.06723501287029901,0.069816821089168313
Reverse,100000,ALL,500,V3,34.834000000000003,34.749250000000004,34.902999999999999,0.15374999999999517,0.075999999999996959,510.22699999999998,0.068271573240930028,0.068871186551996616,0.067189176605165782,0.069830514941419092
Reverse,100000,ALL,500,V4,39.482999999999997,39.39875,39.652749999999997,0.25399999999999778,0.096000000000000085,510.22699999999998,0.077383203946478726,0.077783671136334331,0.076186678510770656,0.079132812119283538
Reverse,100000,ALL,500,V5,39.427,39.387,39.484999999999999,0.097999999999998977,0.046499999999998209,510.22699999999998,0.077273448876676462,0.077490009642338861,0.075940764423234691,0.079053000978171445
Reverse,100000,ALL,500,V6,39.493499999999997,39.418749999999996,39.697250000000004,0.27850000000000819,0.098499999999994259,510.22699999999998,0.077403783022066644,0.07809141637114303,0.076245639318800074,0.079200326976264737
Reverse,100000,ALL,500,V7,39.429000000000002,39.359999999999999,39.556750000000001,0.19675000000000153,0.082000000000000739,510.22699999999998,0.077277368700597981,0.077606435503794535,0.076073053495279555,0.07909262003368793
Reverse,100000,ALL,500,std::sort,510.22699999999998,498.65649999999999,519.15199999999993,20.495499999999936,11.282999999999987,510.22699999999998,1,1,1,1
Sorted+Noise(5%),100000,ALL,500,V1,1638.298,1582.7497500000002,1733.366,150.61624999999981,65.641500000000065,2110.011,0.77644050196894709,0.78052010082167445,0.74290973663481796,0.82535724153051693
Sorted+Noise(5%),100000,ALL,500,V2,1110.0185000000001,1049.8165000000001,1196.114,146.2974999999999,72.795500000000061,2110.011,0.52607237592600231,0.52925988482704489,0.49485324953499565,0.57166336372467497
Sorted+Noise(5%),100000,ALL,500,V3,1734.8555000000001,1703.9765000000002,1793.8235,89.846999999999753,43.553499999999872,2110.011,0.82220211174254554,0.82861604581786963,0.78217733653975441,0.86066482215846685
Sorted+Noise(5%),100000,ALL,500,V4,1442.423,1331.0640000000001,1497.876,166.8119999999999,88.3125,2110.011,0.68360923236893079,0.67657552903823781,0.6352395364490836,0.7141098852328962
Sorted+Noise(5%),100000,ALL,500,V5,1389.2555,1270.9090000000001,1458.73975,187.83074999999985,106.399,2110.011,0.65841149643295693,0.64779629639438485,0.60732203013946406,0.69025906576381468
Sorted+Noise(5%),100000,ALL,500,V6,1425.4569999999999,1295.16625,1479.1444999999999,183.97824999999989,104.25749999999994,2110.011,0.67556851599351853,0.66435403224994216,0.61818474078596075,0.70356138672442514
Sorted+Noise(5%),100000,ALL,500,V7,1183.4400000000001,1071.0137500000001,1330.8000000000002,259.78625000000011,127.85149999999987,2110.011,0.56086911395248651,0.55190362424427852,0.50652282600536014,0.62297426965719893
Sorted+Noise(5%),100000,ALL,500,std::sort,2110.011,2053.0289999999995,2178.1387500000001,125.10975000000053,61.266499999999951,2110.011,1,1,1,1
Sorted+Noise(10%),100000,ALL,500,V1,2291.0070000000001,1546.4807500000002,2385.8604999999998,839.3797499999996,122.33500000000004,2534.1075000000001,0.90406859219666091,0.89945115675226894,0.61649999505599917,0.94521844003464484
Sorted+Noise(10%),100000,ALL,500,V2,1646.0954999999999,1469.0637500000003,1740.2637500000001,271.19999999999982,131.99349999999993,2534.1075000000001,0.64957603416587495,0.6401619998251552,0.58347471970120246,0.686127594090014
Sorted+Noise(10%),100000,ALL,500,V3,2183.8959999999997,1505.9859999999999,2272.13825,766.15225000000009,108.26100000000019,2534.1075000000001,0.86180085098994408,0.85324157319207838,0.60257241746616796,0.90021776364573358
Sorted+Noise(10%),100000,ALL,500,V4,1923.6934999999999,1540.6560000000002,2040.8332500000001,500.17724999999996,169.41199999999992,2534.1075000000001,0.75912071607064802,0.74655952216491217,0.60297575217732602,0.80235134244830797
Sorted+Noise(10%),100000,ALL,500,V5,1850.7635,1504.46875,1935.7139999999999,431.24524999999994,174.77250000000004,2534.1075000000001,0.73034135292208402,0.7173252103069262,0.59189838026274511,0.76708830796901473
Sorted+Noise(10%),100000,ALL,500,V6,1895.807,1584.9717500000002,2011.6590000000001,426.68724999999995,179.13200000000006,2534.1075000000001,0.74811625000123316,0.7400483712972985,0.60820716078056536,0.78567271268297612
Sorted+Noise(10%),100000,ALL,500,V7,1821.3285000000001,1530.2624999999998,1915.7745,385.51200000000017,158.56999999999994,2534.1075000000001,0.71872582358877835,0.70128601367491261,0.59410724507527202,0.75277984254662
Sorted+Noise(10%),100000,ALL,500,std::sort,2534.1075000000001,2481.8522499999999,2605.4672500000001,123.61500000000024,57.394000000000005,2534.1075000000001,1,1,1,1
Random%25,100000,ALL,500,V1,106.37649999999999,105.26000000000001,107.99575,2.7357499999999959,1.2929999999999993,2234.6350000000002,0.047603523617951025,0.047915543295542137,0.046424496081740492,0.049582609567859079
Random%25,100000,ALL,500,V2,108.87299999999999,107.03574999999999,111.55875,4.5230000000000103,2.1460000000000008,2234.6350000000002,0.048720708303593194,0.048885897748730735,0.047485907314200528,0.051013609676142019
Random%25,100000,ALL,500,V3,108.9075,106.82975,112.0395,5.2097499999999997,2.3719999999999999,2234.6350000000002,0.048736147066523162,0.049021743834803969,0.047407761739009215,0.05139058046944385
Random%25,100000,ALL,500,V4,108.13,106.61099999999999,110.32774999999999,3.7167500000000047,1.8540000000000063,2234.6350000000002,0.048388215525130493,0.048685792280765451,0.047076806459486947,0.050649398518765605
Random%25,100000,ALL,500,V5,108.79900000000001,106.91499999999999,111.12475000000001,4.2097500000000139,2.1654999999999944,2234.6350000000002,0.048687593275859364,0.04904132395601872,0.047305549217639901,0.050851031769810137
Random%25,100000,ALL,500,V6,108.3875,106.47725,110.72450000000001,4.2472500000000082,1.9684999999999988,2234.6350000000002,0.048503446871636755,0.048705436903521915,0.047269421729936235,0.050524469460760661
Random%25,100000,ALL,500,V7,108.444,106.76900000000001,110.86525,4.0962499999999977,1.9185000000000016,2234.6350000000002,0.048528730642811907,0.048726340196841224,0.047178325693953228,0.050723756820197391
Random%25,100000,ALL,500,std::sort,2234.6350000000002,2182.4832500000002,2293.2727500000001,110.78949999999986,54.820500000000038,2234.6350000000002,1,1,1,1
Alternating,100000,ALL,500,V1,803.79349999999999,790.83649999999989,826.40575000000001,35.569250000000125,15.747500000000002,2035.1134999999999,0.39496249226394498,0.39373806039716652,0.38470192441617262,0.40884278475969404
Alternating,100000,ALL,500,V2,484.80349999999999,481.88924999999995,509.92975000000001,28.040500000000065,4.5544999999999902,2035.1134999999999,0.23821939169486125,0.24000973617096066,0.2358310596573899,0.24829647504366831
Alternating,100000,ALL,500,V3,1063.2939999999999,1040.317,1092.0215000000001,51.704500000000053,24.369499999999903,2035.1134999999999,0.52247405365843225,0.52161117265021728,0.50589522988965374,0.53745588945467748
Alternating,100000,ALL,500,V4,714.01250000000005,696.75774999999987,738.78300000000002,42.025250000000142,23.576999999999998,2035.1134999999999,0.3508465252675097,0.35102364167288008,0.33910736733840718,0.3613337041832293
Alternating,100000,ALL,500,V5,698.08550000000002,689.28774999999996,722.98700000000008,33.69925000000012,12.115000000000009,2035.1134999999999,0.34302042613348105,0.34467968541880034,0.33614314959143404,0.35647656996939431
Alternating,100000,ALL,500,V6,775.38850000000002,759.71924999999999,801.99299999999994,42.27374999999995,18.39100000000002,2035.1134999999999,0.38100503976805228,0.38062353823572326,0.36828413958762807,0.39442376178993083
Alternating,100000,ALL,500,V7,498.35199999999998,474.38749999999999,514.16949999999997,39.781999999999982,20.829499999999967,2035.1134999999999,0.24487675994483846,0.24299838798780765,0.23053755808998527,0.25134478748316308
Alternating,100000,ALL,500,std::sort,2035.1134999999999,2006.1689999999999,2080.8287500000001,74.659750000000258,34.782999999999902,2035.1134999999999,1,1,1,1
Sawtooth,100000,ALL,500,V1,1722.1945000000001,1691.9212500000001,1763.4192499999999,71.49799999999982,33.403500000000008,2261.835,0.76141473626502376,0.76103355359833946,0.74210797900550862,0.78380885510374121
Sawtooth,100000,ALL,500,V2,1055.0785000000001,1031.9427499999999,1090.8129999999999,58.870249999999942,24.581500000000005,2261.835,0.46647014481604543,0.46771381982154925,0.45666207058566327,0.481543018375795
Sawtooth,100000,ALL,500,V3,1541.5684999999999,1509.5762499999998,1576.8499999999999,67.273750000000064,33.250999999999976,2261.835,0.68155656800783426,0.68187288674952717,0.66497933558175304,0.69891612479870058
Sawtooth,100000,ALL,500,V4,1561.931,1529.89075,1606.3900000000001,76.499250000000075,36.60349999999994,2261.835,0.69055921408944509,0.68768522946254751,0.67085454615091822,0.71313905825441304
Sawtooth,100000,ALL,500,V5,1581.2885000000001,1553.0805,1625.4665,72.385999999999967,34.992000000000075,2261.835,0.69911753067752513,0.70006884764613875,0.68456804158014861,0.71824729263556397
Sawtooth,100000,ALL,500,V6,1396.9070000000002,1373.3720000000001,1434.5855000000001,61.213500000000067,26.951500000000124,2261.835,0.61759898489500786,0.6190743983153455,0.60419412138760675,0.63536075253774893
Sawtooth,100000,ALL,500,V7,1050.9189999999999,1034.3252499999999,1080.10375,45.778500000000122,19.62600000000009,2261.835,0.46463115125550708,0.46444449549205336,0.45487234033584956,0.48183842726170745
Sawtooth,100000,ALL,500,std::sort,2261.835,2229.8827500000002,2293.6579999999999,63.775249999999687,31.989499999999907,2261.835,1,1,1,1
MixedDirectionRuns,100000,ALL,500,V1,725.15249999999992,668.64974999999993,790.625,121.97525000000007,59.751999999999896,2516.6374999999998,0.28814340563549579,0.28941268342420251,0.26182818138447678,0.32278216270240079
MixedDirectionRuns,100000,ALL,500,V2,328.4205,316.55599999999998,399.45999999999998,82.903999999999996,17.353500000000025,2516.6374999999998,0.13049972433455356,0.13570586596312459,0.12277431330836702,0.16345912652536948
MixedDirectionRuns,100000,ALL,500,V3,1045.2649999999999,1001.2950000000001,1100.6915000000001,99.39650000000006,48.835499999999854,2516.6374999999998,0.41534189965777746,0.4155584716753683,0.38292184061741175,0.45539046315546317
MixedDirectionRuns,100000,ALL,500,V4,671.57850000000008,650.41250000000002,708.63925000000006,58.226750000000038,27.21750000000003,2516.6374999999998,0.26685547680188354,0.26997129575066381,0.24816029622411581,0.29606057279240666
MixedDirectionRuns,100000,ALL,500,V5,715.58899999999994,691.07600000000002,756.63699999999994,65.560999999999922,30.261499999999955,2516.6374999999998,0.28434329536931718,0.2885414946670608,0.26669919919972562,0.31407117476482727
MixedDirectionRuns,100000,ALL,500,V6,724.61599999999999,704.53324999999995,776.46699999999998,71.933750000000032,27.220500000000015,2516.6374999999998,0.2879302243569048,0.29408088513663111,0.27064896393132665,0.3203470944811988
MixedDirectionRuns,100000,ALL,500,V7,369.13850000000002,355.86925000000002,423.50850000000003,67.639250000000004,18.16900000000004,2516.6374999999998,0.14667924959395226,0.15104307676675899,0.1382191128483819,0.17439122559655842
MixedDirectionRuns,100000,ALL,500,std::sort,2516.6374999999998,2362.817,2695.2707500000001,332.45375000000013,166.49049999999988,2516.6374999999998,1,1,1,1
BlockSorted,100000,ALL,500,V1,678.04399999999998,658.90375000000006,704.8125,45.908749999999941,22.704000000000008,2718.1185,0.24945343626482802,0.25192359451369295,0.23463136268499407,0.27583745396310522
BlockSorted,100000,ALL,500,V2,273.94549999999998,268.12175000000002,284.62200000000001,16.500249999999994,6.9134999999999991,2718.1185,0.10078497313490931,0.10251144526192615,0.094251662689340321,0.11172978064711628
BlockSorted,100000,ALL,500,V3,976.26649999999995,947.9224999999999,1023.8335000000001,75.911000000000172,35.90300000000002,2718.1185,0.35916995524661632,0.36391864373376809,0.33719322321819456,0.39687650259554941
BlockSorted,100000,ALL,500,V4,619.99149999999997,597.23625000000004,653.774,56.53774999999996,28.579000000000008,2718.1185,0.2280958317306622,0.23147390691734598,0.21306796766229413,0.25256141401233895
BlockSorted,100000,ALL,500,V5,658.21450000000004,641.65975000000003,687.13850000000002,45.478749999999991,22.034999999999911,2718.1185,0.24215813254646551,0.24650071679596319,0.22763740162495863,0.26627460472167758
BlockSorted,100000,ALL,500,V6,695.29150000000004,678.59325000000001,726.52475000000004,47.931500000000028,20.283000000000015,2718.1185,0.25579881818986183,0.26085091544859806,0.2410200130021162,0.28277195966813667
BlockSorted,100000,ALL,500,V7,303.87400000000002,299.21300000000002,309.81925000000001,10.606249999999989,5.2824999999999704,2718.1185,0.11179571457241472,0.11403160080483868,0.10550470062698553,0.12346457255407298
BlockSorted,100000,ALL,500,std::sort,2718.1185,2531.27225,2894.3455000000004,363.07325000000037,182.59300000000007,2718.1185,1,1,1,1
OrganPipe,100000,ALL,500,V1,474.21050000000002,272.63374999999996,494.97224999999997,222.33850000000001,66.920500000000004,6001.1764999999996,0.079019588908941452,0.077689292593048853,0.045626799854840028,0.082028591832743372
OrganPipe,100000,ALL,500,V2,400.55250000000001,213.80775,404.64224999999999,190.83449999999999,52.201999999999998,6001.1764999999996,0.066745662288053023,0.064861195624721812,0.035726990570562146,0.067884846224508272
OrganPipe,100000,ALL,500,V3,460.78550000000001,434.15049999999997,515.90625,81.755750000000035,37.400499999999994,6001.1764999999996,0.076782527559387734,0.076422172441573386,0.071525109590308569,0.085602486309152542
OrganPipe,100000,ALL,500,V4,445.70299999999997,304.78149999999999,500.29599999999999,195.5145,92.024500000000046,6001.1764999999996,0.07426927036723549,0.073669323256379607,0.050720634369709791,0.083103743815711298
OrganPipe,100000,ALL,500,V5,499.2955,376.64049999999997,543.70399999999995,167.06349999999998,86.418500000000023,6001.1764999999996,0.083199602611254656,0.082319100661319478,0.061980478340179959,0.090653257360422887
OrganPipe,100000,ALL,500,V6,470.69299999999998,354.06975,517.31650000000002,163.24675000000002,83.99150000000003,6001.1764999999996,0.078433453840259487,0.077192555618917871,0.058388424127870875,0.086309253236992012
OrganPipe,100000,ALL,500,V7,393.221,246.64749999999998,443.04050000000001,196.39300000000003,80.952499999999986,6001.1764999999996,0.065523985171907551,0.064696041497604079,0.040909389003443139,0.073739219445118576
OrganPipe,100000,ALL,500,std::sort,6001.1764999999996,5932.7092499999999,6101.4607500000002,168.75150000000031,80.945999999999913,6001.1764999999996,1,1,1,1
Rotated,100000,ALL,500,V1,393.67949999999996,382.49474999999995,416.07474999999999,33.580000000000041,12.384999999999962,1699.2094999999999,0.23168390948850037,0.23934375587645501,0.12631393975005462,0.39246031888620775
Rotated,100000,ALL,500,V2,282.072,200.11199999999999,300.61374999999998,100.50174999999999,39.009500000000003,1699.2094999999999,0.16600189676434837,0.14962196895244184,0.079010963065485745,0.24689406207782666
Rotated,100000,ALL,500,V3,299.65049999999997,296.73649999999998,324.52799999999996,27.791499999999985,4.032499999999942,1699.2094999999999,0.17634700135563036,0.17437965543491329,0.09319075281352561,0.28514799140379166
Rotated,100000,ALL,500,V4,331.63599999999997,261.15099999999995,367.04750000000001,105.89650000000006,57.378499999999974,1699.2094999999999,0.19517075440079637,0.18624351827614366,0.099341689233443137,0.31409618774224879
Rotated,100000,ALL,500,V5,543.84749999999997,423.23574999999994,648.58124999999995,225.34550000000002,116.24699999999996,1699.2094999999999,0.32005912160919531,0.32960991680019686,0.13542743325751982,0.55191360907493592
Rotated,100000,ALL,500,V6,583.79099999999994,400.67500000000001,666.25999999999999,265.58499999999998,145.48299999999995,1699.2094999999999,0.34356622888466665,0.33146773805854418,0.13041168423641841,0.58379809007244188
Rotated,100000,ALL,500,V7,321.05099999999999,311.62774999999999,336.02325000000002,24.395500000000027,9.9625000000000057,1699.2094999999999,0.18894138715679262,0.19004260791014355,0.097322892271549749,0.31398176712696035
Rotated,100000,ALL,500,std::sort,1699.2094999999999,1088.38375,3401.5014999999999,2313.1177499999999,797.17149999999992,1699.2094999999999,1,1,1,1
Random,1000000,ALL,50,V1,16776.679,16609.628250000002,17394.286,784.65774999999849,181.60399999999936,65083.748,0.25777063422960828,0.25758227204794976,0.25403893862314458,0.26992406925096174
Random,1000000,ALL,50,V2,16693.309999999998,16606.743750000001,17021.944499999998,415.20074999999633,115.92699999999786,65083.748,0.25648968464446759,0.25565838578728245,0.2531156877761549,0.2626988661315352
Random,1000000,ALL,50,V3,16681.817999999999,16567.4395,17028.806249999998,461.36674999999741,131.65849999999955,65083.748,0.25631311214590774,0.25683897089462648,0.25307275295123216,0.2600192672955417
Random,1000000,ALL,50,V4,16756.916499999999,16623.825250000002,17199.13175,575.30649999999878,168.16200000000026,65083.748,0.25746698699650794,0.25753500631241671,0.25358173767711106,0.26481605565712207
Random,1000000,ALL,50,V5,16701.474000000002,16603.067999999999,17083.150750000001,480.0827500000014,128.12500000000182,65083.748,0.25661512302579748,0.25740590624094206,0.25369184647725584,0.26162440855802449
Random,1000000,ALL,50,V6,16706.307500000003,16600.19225,16843.127249999998,242.93499999999767,110.21649999999863,65083.748,0.25668938887785014,0.25692137349454908,0.25380903392796533,0.26011967173383976
Random,1000000,ALL,50,V7,16716.040500000003,16584.78325,17205.997500000001,621.2142500000009,163.36199999999917,65083.748,0.25683893466000152,0.25636229601192828,0.2533014347308109,0.26391387673910693
Random,1000000,ALL,50,std::sort,65083.748,64642.572249999997,65929.501749999996,1286.9294999999984,688.01399999999921,65083.748,1,1,1,1
Sorted,1000000,ALL,50,V1,283.00700000000001,281.40199999999999,287.07249999999999,5.6705000000000041,1.7425000000000068,8568.9180000000015,0.033027156987614999,0.033058758960714009,0.032483843406651773,0.033772211904249033
Sorted,1000000,ALL,50,V2,282.99699999999996,281.45999999999998,283.84075000000001,2.3807500000000346,1.1924999999999955,8568.9180000000015,0.033025989979131545,0.033007711889117872,0.032705709385874672,0.033381995857819105
Sorted,1000000,ALL,50,V3,283.18650000000002,281.31999999999999,290.73350000000005,9.4135000000000559,2.2695000000000221,8568.9180000000015,0.033048104789892958,0.033130951167746794,0.0326231247086285,0.033997665902439966
Sorted,1000000,ALL,50,V4,328.47249999999997,328.16024999999996,329.18774999999999,1.0275000000000318,0.49650000000002592,8568.9180000000015,0.038333019408051276,0.038357346653151374,0.037836042393543552,0.038749321220337536
Sorted,1000000,ALL,50,V5,329.072,327.3605,348.65974999999992,21.299249999999915,2.1605000000000132,8568.9180000000015,0.038402981566634194,0.038605586783853542,0.038027207333064209,0.039505467098056329
Sorted,1000000,ALL,50,V6,328.67449999999997,327.91550000000001,334.82374999999996,6.9082499999999527,0.83499999999997954,8568.9180000000015,0.038356592979416994,0.038503269620613539,0.038062397068266973,0.038807946145329862
Sorted,1000000,ALL,50,V7,328.56200000000001,328.00975,330.79675000000003,2.7870000000000346,0.73499999999998522,8568.9180000000015,0.03834346413397817,0.038486213637129355,0.038089784213394116,0.038801173187733656
Sorted,1000000,ALL,50,std::sort,8568.9180000000015,8498.2222499999989,8702.4415000000008,204.21925000000192,84.892499999999927,8568.9180000000015,1,1,1,1
Reverse,1000000,ALL,50,V1,391.93700000000001,389.95549999999997,400.32474999999999,10.369250000000022,2.3085000000000093,5779.7829999999994,0.067811715422534044,0.068079191964598607,0.067007836006469423,0.069606564009813229
Reverse,1000000,ALL,50,V2,394.15800000000002,390.87574999999998,421.47675000000004,30.601000000000056,4.5960000000000036,5779.7829999999994,0.068195985904661138,0.068370649751797158,0.06722661938782018,0.072478004921409891
Reverse,1000000,ALL,50,V3,390.22649999999999,389.35599999999999,392.47524999999996,3.1192499999999654,1.0974999999999966,5779.7829999999994,0.067515770055727009,0.0677715338122378,0.066666755950761505,0.068499467517055435
Reverse,1000000,ALL,50,V4,437.66449999999998,436.88400000000001,440.95474999999999,4.0707499999999754,1.1544999999999561,5779.7829999999994,0.075723344630758638,0.076159081640933199,0.075254327496885348,0.07661786819242819
Reverse,1000000,ALL,50,V5,436.87149999999997,435.96850000000001,456.47125,20.502749999999992,1.0515000000000043,5779.7829999999994,0.075586142247901,0.076027891874484305,0.074819322021789314,0.07847170198563061
Reverse,1000000,ALL,50,V6,437.25099999999998,436.56725,438.25275000000005,1.6855000000000473,0.88249999999999318,5779.7829999999994,0.07565180215243375,0.075911968390674628,0.074757889418003168,0.076526739658991386
Reverse,1000000,ALL,50,V7,436.899,436.43975,454.95375000000001,18.51400000000001,0.57400000000001228,5779.7829999999994,0.075590900211997589,0.076062759676968822,0.074944546947404017,0.07882899913980812
Reverse,1000000,ALL,50,std::sort,5779.7829999999994,5735.6985000000004,5846.11625,110.41774999999961,54.854999999999563,5779.7829999999994,1,1,1,1
Sorted+Noise(5%),1000000,ALL,50,V1,19634.82,19391.225750000001,19923.197500000002,531.97175000000061,287.15800000000127,23756.499499999998,0.82650307971509018,0.82255774474757815,0.77162157755614658,0.84954209199252728
Sorted+Noise(5%),1000000,ALL,50,V2,13617.222,13467.615750000001,13909.29025,441.67449999999917,187.4419999999991,23756.499499999998,0.57319985210784108,0.57346631235560752,0.55813701948617123,0.60737646805647882
Sorted+Noise(5%),1000000,ALL,50,V3,42863.2595,42527.411,43366.995999999999,839.58499999999913,468.62549999999828,23756.499499999998,1.8042750574427013,1.8040888765828376,1.6331525119175649,1.8418994663805583
Sorted+Noise(5%),1000000,ALL,50,V4,15848.936,15547.8325,16640.655999999999,1092.8234999999986,423.45949999999993,23756.499499999998,0.66714104912636651,0.6707179813414984,0.6499119423516827,0.70941971181561381
Sorted+Noise(5%),1000000,ALL,50,V5,16703.799999999999,16563.504000000001,17459.772000000001,896.26800000000003,203.10599999999977,23756.499499999998,0.703125475198903,0.70968725523244214,0.6983012796509287,0.7364544422595064
Sorted+Noise(5%),1000000,ALL,50,V6,15885.781999999999,15585.834999999999,16667.201000000001,1081.3660000000018,428.65149999999903,23756.499499999998,0.66869203520493414,0.67023306884930389,0.6524666790873701,0.70680239769974951
Sorted+Noise(5%),1000000,ALL,50,V7,12644.646499999999,12465.412,15814.714749999999,3349.3027499999989,626.76249999999982,23756.499499999998,0.53226050832952054,0.54580083855141637,0.5188605545224495,0.67725519519331956
Sorted+Noise(5%),1000000,ALL,50,std::sort,23756.499499999998,23309.648499999999,24206.65425,897.00575000000026,479.19599999999991,23756.499499999998,1,1,1,1
Sorted+Noise(10%),1000000,ALL,50,V1,26777.410499999998,26505.106500000002,27290.60125,785.49474999999802,427.90800000000127,28728.271999999997,0.93209262638560375,0.93047010562040655,0.88326031314692544,0.96867408472757444
Sorted+Noise(10%),1000000,ALL,50,V2,18084.4925,17591.544249999999,18634.022000000001,1042.4777500000018,535.96450000000004,28728.271999999997,0.62950157600847001,0.63289713168798012,0.59992680749979588,0.65235901167941945
Sorted+Noise(10%),1000000,ALL,50,V3,46920.224999999999,46425.739249999999,47731.847000000009,1306.1077500000101,782.54400000000169,28728.271999999997,1.6332421595005784,1.6399750552178269,1.5063877255929086,1.6928465632254388
Sorted+Noise(10%),1000000,ALL,50,V4,20276.495000000003,19283.792750000001,20530.357250000001,1246.5645000000004,908.22800000000279,28728.271999999997,0.70580280637833015,0.69883270751455973,0.67167282472412482,0.72554576306133978
Sorted+Noise(10%),1000000,ALL,50,V5,20643.807500000003,20446.050999999999,21340.162499999999,894.11149999999907,422.84900000000016,28728.271999999997,0.71858855624870177,0.7168127389077491,0.69511024370647179,0.7485289645403429
Sorted+Noise(10%),1000000,ALL,50,V6,20092.555,19818.598750000001,20761.508249999999,942.90949999999793,426.16400000000067,28728.271999999997,0.69940005441329722,0.70372232026094905,0.68093587920321241,0.72278452209939137
Sorted+Noise(10%),1000000,ALL,50,V7,21587.402000000002,16997.741750000001,21880.395750000003,4882.6540000000023,611.5774999999976,28728.271999999997,0.75143405771151162,0.74210250246404375,0.59259183404462623,0.7710767687720097
Sorted+Noise(10%),1000000,ALL,50,std::sort,28728.271999999997,28165.243999999999,29148.948,983.70400000000154,517.22450000000026,28728.271999999997,1,1,1,1
Random%25,1000000,ALL,50,V1,1105.4259999999999,1094.0415,1155.7452499999999,61.7037499999999,17.875,23047.390500000001,0.047963173965399675,0.04907567875031961,0.047099856829693969,0.05166770966322453
Random%25,1000000,ALL,50,V2,1118.2955000000002,1094.2914999999998,1141.7179999999998,47.426500000000033,24.242500000000177,23047.390500000001,0.048521566899298214,0.048996786125470676,0.047412458842406066,0.051147380362828135
Random%25,1000000,ALL,50,V3,1114.7460000000001,1091.59825,1212.54925,120.95100000000002,27.105000000000018,23047.390500000001,0.048367558140692761,0.049865219577250111,0.048159777543743086,0.052888375466635593
Random%25,1000000,ALL,50,V4,1117.2685000000001,1093.884,1150.4657499999998,56.581749999999829,24.71650000000011,23047.390500000001,0.048477006540067959,0.049072731553669396,0.04751947094996934,0.051112074417491438
Random%25,1000000,ALL,50,V5,1120.223,1090.923,1171.1837499999999,80.260749999999916,33.711500000000001,23047.390500000001,0.048605198926967456,0.049371410885867655,0.047607469802171183,0.051029784636517125
Random%25,1000000,ALL,50,V6,1112.9290000000001,1088.9367500000001,1192.6235000000001,103.68675000000007,27.629500000000007,23047.390500000001,0.048288720582054613,0.04970038143149412,0.047167696025049985,0.051689626458441718
Random%25,1000000,ALL,50,V7,1131.4794999999999,1099.5540000000001,1239.559,140.00499999999988,41.0474999999999,23047.390500000001,0.04909360562966987,0.049973086499084794,0.048040656830469645,0.05440578494408755
Random%25,1000000,ALL,50,std::sort,23047.390500000001,22311.515749999999,23469.852749999998,1158.3369999999995,527.54299999999967,23047.390500000001,1,1,1,1
Alternating,1000000,ALL,50,V1,8349.976999999999,8229.8140000000003,8473.3454999999994,243.53149999999914,122.70000000000073,25418.889999999999,0.32849495001551993,0.32827098524798026,0.32231651902255543,0.33441730121337615
Alternating,1000000,ALL,50,V2,5107.9065000000001,4237.0022499999995,5254.8244999999997,1017.8222500000002,253.94100000000026,25418.889999999999,0.20094923499806641,0.20059062175025924,0.16682469523186888,0.20678454464342177
Alternating,1000000,ALL,50,V3,36021.061999999998,35560.230750000002,36416.664250000002,856.43349999999919,453.0254999999961,25418.889999999999,1.4170981502339401,1.4176496595759938,1.3927407362123121,1.4341518431728051
Alternating,1000000,ALL,50,V4,7508.2829999999994,6832.1334999999999,7587.7462500000001,755.61275000000023,470.69949999999972,25418.889999999999,0.29538201707470307,0.29203963374356345,0.26831550912533758,0.29878439592467265
Alternating,1000000,ALL,50,V5,7737.1255000000001,7639.0680000000002,7828.5794999999998,189.51149999999961,97.380000000000109,25418.889999999999,0.30438486889081312,0.30374388878880043,0.29960670489754659,0.30771472668216165
Alternating,1000000,ALL,50,V6,8280.0319999999992,8141.1257500000002,8391.259,250.13324999999986,128.30600000000049,25418.889999999999,0.32574325629482637,0.32396088214461671,0.31925075792241642,0.32933986694656975
Alternating,1000000,ALL,50,V7,5230.3335000000006,5152.2922500000004,5321.1837500000001,168.89149999999972,83.283500000000004,25418.889999999999,0.20576561368336702,0.20655019756885135,0.20155513814968901,0.20890031440468546
Alternating,1000000,ALL,50,std::sort,25418.889999999999,25308.960999999999,25644.567999999999,335.60699999999997,174.8744999999999,25418.889999999999,1,1,1,1
Sawtooth,1000000,ALL,50,V1,18318.890500000001,18047.3285,18592.911,545.58250000000044,278.34000000000015,23690.790000000001,0.77324945685644086,0.77479624205139053,0.75932885165621089,0.79030673686200181
Sawtooth,1000000,ALL,50,V2,11292.439999999999,10688.814249999999,11483.909000000001,795.09475000000202,294.83250000000135,23690.790000000001,0.4766594951033713,0.47265162707180375,0.45282292362753884,0.48772007377210946
Sawtooth,1000000,ALL,50,V3,34741.0095,34408.053749999999,35149.571499999998,741.51774999999907,382.78250000000116,23690.790000000001,1.4664352476215441,1.4702369529803261,1.4525404361017045,1.4905206781325422
Sawtooth,1000000,ALL,50,V4,16669.461500000001,16168.283750000001,17070.611250000002,902.32750000000124,455.0595000000003,23690.790000000001,0.70362624040819244,0.70263324760253143,0.68559931754656378,0.72483617320443539
Sawtooth,1000000,ALL,50,V5,16459.048000000003,16273.57725,16660.281500000001,386.70425000000068,199.93999999999869,23690.790000000001,0.6947445821772934,0.69535725153652739,0.68647323316308728,0.70411985040435676
Sawtooth,1000000,ALL,50,V6,14814.432499999999,14665.146999999999,15020.65475,355.50775000000067,204.48200000000088,23690.790000000001,0.62532454595224551,0.62630989035852025,0.61789911911655426,0.63336691303394754
Sawtooth,1000000,ALL,50,V7,11441.416999999999,11274.641750000001,11624.8485,350.20674999999937,183.03600000000097,23690.790000000001,0.48294788818777251,0.48395854949297001,0.4763029355241889,0.49069501378052355
Sawtooth,1000000,ALL,50,std::sort,23690.790000000001,23500.280749999998,23786.811000000002,286.53025000000343,157.16250000000036,23690.790000000001,1,1,1,1
MixedDirectionRuns,1000000,ALL,50,V1,10874.248,10715.589749999999,11188.96675,473.37700000000041,212.94200000000001,29950.378499999999,0.3630754783282622,0.36092541221360408,0.34876674640957889,0.37516074248407943
MixedDirectionRuns,1000000,ALL,50,V2,6384.3984999999993,6280.9785000000002,6491.5632500000002,210.58474999999999,108.29199999999992,29950.378499999999,0.21316587034117113,0.21178585900564259,0.2034480132514902,0.22513332774563957
MixedDirectionRuns,1000000,ALL,50,V3,34516.600000000006,33216.5985,35685.45175,2468.8532500000001,1303.5044999999991,29950.378499999999,1.1524595590670084,1.1446369927301476,1.0850238745829024,1.2046318803511697
MixedDirectionRuns,1000000,ALL,50,V4,9237.8744999999999,8942.8632500000003,9544.1489999999994,601.2857499999991,300.90349999999944,29950.378499999999,0.30843932406396801,0.30569050393941932,0.29326025254714611,0.32724561765823001
MixedDirectionRuns,1000000,ALL,50,V5,10118.215,10007.5915,10330.444749999999,322.8532499999983,139.36349999999948,29950.378499999999,0.33783262538735531,0.3416553448796632,0.32454342415720311,0.35399614641267063
MixedDirectionRuns,1000000,ALL,50,V6,9993.9889999999996,9812.3927500000009,10139.784,327.39124999999876,178.52099999999973,29950.378499999999,0.33368489817248886,0.33699651293613475,0.31863707122849239,0.34911840593811316
MixedDirectionRuns,1000000,ALL,50,V7,6658.4140000000007,6547.1017499999998,6775.3194999999996,228.2177499999998,111.9320000000007,29950.378499999999,0.22231485321629577,0.22029008728714972,0.20928547212435539,0.232847900065837
MixedDirectionRuns,1000000,ALL,50,std::sort,29950.378499999999,28904.900750000001,31206.2605,2301.3597499999996,1079.6834999999992,29950.378499999999,1,1,1,1
BlockSorted,1000000,ALL,50,V1,11174.004999999999,10979.5905,11463.42625,483.83575000000019,255.72999999999956,31586.9005,0.35375439891609495,0.3505660248781316,0.33492049266980706,0.36449420473474137
BlockSorted,1000000,ALL,50,V2,5859.9195,5455.0720000000001,6000.9987500000007,545.92675000000054,154.94599999999991,31586.9005,0.18551739509864223,0.18372192943770801,0.16363374525568461,0.19293312380333122
BlockSorted,1000000,ALL,50,V3,34993.191000000006,33883.346000000005,36001.358749999999,2118.0127499999944,1109.1510000000053,31586.9005,1.1078387067449054,1.0977201685765432,1.0360147073733403,1.1620517278132136
BlockSorted,1000000,ALL,50,V4,8594.6500000000015,8326.0647500000014,8980.2102500000001,654.14549999999872,316.48850000000039,31586.9005,0.27209538966952462,0.26828024205712575,0.25247153968570596,0.28496117010441213
BlockSorted,1000000,ALL,50,V5,9722.4609999999993,9623.3412500000013,9890.155999999999,266.81474999999773,130.18099999999868,31586.9005,0.30780041238930672,0.30722880681749326,0.29255552325371359,0.32089554956788741
BlockSorted,1000000,ALL,50,V6,9572.8505000000005,9421.1882500000011,9757.5234999999993,336.33524999999827,169.87800000000061,31586.9005,0.30306393943274051,0.30483678153794735,0.28762738915308061,0.31387378087868034
BlockSorted,1000000,ALL,50,V7,5723.8445000000002,5643.2557500000003,5817.6400000000003,174.38425000000007,86.863499999999476,31586.9005,0.18120943838728337,0.17973298427725659,0.17185883013212386,0.18975860874789469
BlockSorted,1000000,ALL,50,std::sort,31586.9005,30650.546499999997,33088.334499999997,2437.7880000000005,1267.5005000000001,31586.9005,1,1,1,1
OrganPipe,1000000,ALL,50,V1,5315.3994999999995,5220.8622500000001,5481.7809999999999,260.91874999999982,102.01599999999962,67007.753499999992,0.079325141082367434,0.079283903781860232,0.07800002584267994,0.081601754400910081
OrganPipe,1000000,ALL,50,V2,4417.3355000000001,3592.7422500000002,4515.2300000000005,922.48775000000023,179.99099999999953,67007.753499999992,0.065922751760361595,0.065507825525751046,0.053359188373134497,0.066454793276593357
OrganPipe,1000000,ALL,50,V3,5132.0445,4971.53575,5524.9105,553.37474999999995,229.31999999999971,67007.753499999992,0.07658881594948562,0.076713366268962344,0.073873957750458782,0.082224310442135518
OrganPipe,1000000,ALL,50,V4,5011.3344999999999,4651.7260000000006,5482.7260000000006,831,450.94050000000016,67007.753499999992,0.074787382627295521,0.073992787834704615,0.068962560913566284,0.081439596037839512
OrganPipe,1000000,ALL,50,V5,5788.9335000000001,5622.2974999999997,5929.8727500000005,307.57525000000078,154.9050000000002,67007.753499999992,0.086391994920408735,0.085955210474806296,0.083607141734154747,0.088168905743189724
OrganPipe,1000000,ALL,50,V6,5441.3355000000001,5346.6980000000003,5588.0470000000005,241.34900000000016,98.695999999999913,67007.753499999992,0.08120456537913931,0.08073195717477652,0.079606141273335887,0.083228551420081592
OrganPipe,1000000,ALL,50,V7,4733.5685000000003,4696.3107500000006,4834.3117499999998,138.00099999999929,67.204999999999927,67007.753499999992,0.070642101141325395,0.070825795348203255,0.06964887434829295,0.072175418972428851
OrganPipe,1000000,ALL,50,std::sort,67007.753499999992,66635.192249999993,67564.604500000001,929.4122500000085,458.37049999998999,67007.753499999992,1,1,1,1
Rotated,1000000,ALL,50,V1,2737.7565000000004,2682.7039999999997,2858.84175,176.13775000000032,81.914999999999964,24953.103000000003,0.10971607418925014,0.11648043851095252,0.064502708752109936,0.2213425898338286
Rotated,1000000,ALL,50,V2,1978.4555,1502.58375,3396.3902500000004,1893.8065000000004,507.76150000000007,24953.103000000003,0.079286952809035402,0.095385695096833173,0.057895723091128587,0.14926720824659076
Rotated,1000000,ALL,50,V3,2445.8935000000001,2383.52,2553.9232500000003,170.4032500000003,87.209499999999935,24953.103000000003,0.098019613031693889,0.10015981877194283,0.060551446606432233,0.1819976422252072
Rotated,1000000,ALL,50,V4,2035.039,1850.3685,2634.0695000000001,783.70100000000002,222.57349999999997,24953.103000000003,0.081554546542768641,0.092653499558320349,0.053821698825351143,0.16461459168196477
Rotated,1000000,ALL,50,V5,2737.3180000000002,2408.3787500000003,4931.0569999999998,2522.6782499999995,638.80050000000006,24953.103000000003,0.10969850122447697,0.14757218296987512,0.059515450895452987,0.2681756083224266
Rotated,1000000,ALL,50,V6,2593.431,2366.6442499999998,4620.3902499999995,2253.7459999999996,345.94949999999994,24953.103000000003,0.10393220434348384,0.14863737254569898,0.059260363192408114,0.24972853389363187
Rotated,1000000,ALL,50,V7,1903.5839999999998,1800.3242499999999,3646.4385000000002,1846.1142500000003,148.11599999999999,24953.103000000003,0.076286464252562081,0.092765906271868565,0.052831799945755431,0.20602827009686969
Rotated,1000000,ALL,50,std::sort,24953.103000000003,13582.245499999999,41552.811999999998,27970.566500000001,12826.750000000004,24953.103000000003,1,1,1,1
